1.0,-1.6128184795379639,1.8485307693481445,-0.5961485505104065,-0.3975270092487335,-2.0997047424316406,1.796844720840454,0.6180327534675598,-0.633041262626648,1.0987969636917114,0.7065964341163635,-0.6643062829971313,1.368290662765503,-0.4739284813404083,1.38658607006073,2.491058826446533,0.6421247720718384,0.056033845990896225,-1.0192991495132446,-0.05228742957115173,-1.3906817436218262,2.0440802574157715,-1.1022052764892578,-0.2711207866668701,1.3190513849258423,-2.258772373199463,0.3257332444190979,-0.11126560717821121,0.9616891741752625,0.9442651867866516,1.6381216049194336
4,-1.3050320148468018,0.8607354164123535,-0.01719829812645912,-0.5964660048484802,-2.9295430183410645,1.1607084274291992,0.7096582651138306,-0.7477336525917053,1.1255675554275513,0.4206913709640503,0.5257841944694519,1.0790109634399414,-0.4683607816696167,1.5947368144989014,1.9988363981246948,-0.04479867219924927,-0.10345520079135895,-0.671638011932373,0.5845934748649597,-1.374428629875183,2.208080291748047,-0.5979400873184204,0.19795769453048706,0.5691211223602295,-1.460020899772644,0.35278329253196716,-0.04695230722427368,-0.07277439534664154,0.9626435041427612,1.9872761964797974
9,-1.2435983419418335,0.6585893630981445,0.11427247524261475,-0.7208696603775024,-3.070098638534546,1.0636944770812988,0.8511114716529846,-0.8209434747695923,1.0707974433898926,0.33421486616134644,0.8187181949615479,1.0125789642333984,-0.47422119975090027,1.5343296527862549,1.912943959236145,-0.17451786994934082,-0.10465477406978607,-0.617063045501709,0.7173198461532593,-1.3471558094024658,2.2384033203125,-0.5428944826126099,0.2951379418373108,0.40532442927360535,-1.2456821203231812,0.3088932931423187,-0.009253427386283875,-0.3266986608505249,1.02384352684021,2.0580193996429443
11,-1.5022447109222412,1.2975167036056519,-0.3212035000324249,-0.5707791447639465,-2.6184070110321045,1.4553297758102417,0.6863595843315125,-0.6351321935653687,1.2519049644470215,0.5431680679321289,-0.13371533155441284,1.2348997592926025,-0.5665996074676514,1.5846022367477417,2.1599068641662598,0.1927289515733719,-0.08781149983406067,-0.701445996761322,0.3675498962402344,-1.4386028051376343,2.086583137512207,-0.8018679618835449,-0.0728844404220581,0.9083856344223022,-1.865590214729309,0.4034421443939209,-0.0560896173119545,0.3917449712753296,0.9095315933227539,1.716652274131775
18,-1.4309310913085938,1.2155139446258545,-0.29391729831695557,-0.592277467250824,-2.648392915725708,1.4777727127075195,0.755668580532074,-0.7192782163619995,1.3031611442565918,0.4679737389087677,-0.0653570294380188,1.245011806488037,-0.6304653882980347,1.5254019498825073,2.0950374603271484,0.1104804128408432,-0.08091748505830765,-0.6348544359207153,0.4807637929916382,-1.4205827713012695,2.090555191040039,-0.7244202494621277,-0.042520880699157715,0.8253029584884644,-1.7496974468231201,0.3432897925376892,-0.06899497658014297,0.23826681077480316,0.9259344935417175,1.7147479057312012
19,-1.4388877153396606,1.3340100049972534,-0.3022739291191101,-0.5081257820129395,-2.5814874172210693,1.492416262626648,0.6652281284332275,-0.7135584950447083,1.218523621559143,0.5661283731460571,-0.15166696906089783,1.2652631998062134,-0.5426127910614014,1.4844731092453003,2.1652815341949463,0.2316824495792389,-0.07520787417888641,-0.7578284740447998,0.3579787015914917,-1.4179643392562866,2.1266164779663086,-0.7509257197380066,-0.13637199997901917,0.925195574760437,-1.806962251663208,0.3552982211112976,-0.09400264173746109,0.4322255849838257,0.9373065233230591,1.7225494384765625
23,-1.2478187084197998,0.6422093510627747,0.17072181403636932,-0.7351727485656738,-3.046097755432129,1.0223662853240967,0.896016001701355,-0.8975915312767029,1.0095077753067017,0.3064754009246826,0.9210069179534912,1.0013031959533691,-0.4360644817352295,1.5030670166015625,1.8891515731811523,-0.20445340871810913,-0.07336011528968811,-0.6251368522644043,0.7459254264831543,-1.359574556350708,2.220330238342285,-0.5410317182540894,0.3605988025665283,0.35042980313301086,-1.2226808071136475,0.3059958219528198,-0.009956449270248413,-0.34880977869033813,1.0628235340118408,2.1302547454833984
24,-1.2473080158233643,0.6429458856582642,0.17200040817260742,-0.7344686388969421,-3.0480360984802246,1.0209052562713623,0.8963037729263306,-0.8946506381034851,1.0073342323303223,0.30680719017982483,0.9186630249023438,1.0012542009353638,-0.43535083532333374,1.5014846324920654,1.89258873462677,-0.20170137286186218,-0.07565607130527496,-0.6255136728286743,0.7415812015533447,-1.3566868305206299,2.2226994037628174,-0.5436808466911316,0.35911011695861816,0.35296201705932617,-1.222952127456665,0.3086563050746918,-0.008624754846096039,-0.3456098437309265,1.0655726194381714,2.1286981105804443
26,-1.253268837928772,0.6681302785873413,0.15406839549541473,-0.7183064818382263,-3.045881748199463,1.0318442583084106,0.8581967353820801,-0.8624821305274963,1.015459656715393,0.3391960859298706,0.8653196096420288,1.0147939920425415,-0.43414849042892456,1.5161707401275635,1.9082717895507812,-0.1714177429676056,-0.08864405751228333,-0.6350213885307312,0.7101888656616211,-1.3513604402542114,2.2360644340515137,-0.5563877820968628,0.32359492778778076,0.3919769525527954,-1.2493261098861694,0.31449708342552185,-0.003100920468568802,-0.3015744090080261,1.0533607006072998,2.103445529937744
30,-1.244530439376831,0.6653180122375488,0.12077708542346954,-0.7150887250900269,-3.0592041015625,1.058884620666504,0.8484033942222595,-0.832648515701294,1.059996247291565,0.33513855934143066,0.829637348651886,1.01412034034729,-0.4660811722278595,1.5314990282058716,1.9099124670028687,-0.1742103099822998,-0.09774509072303772,-0.6222144961357117,0.7158944606781006,-1.3523025512695312,2.23637318611145,-0.5467617511749268,0.3046921491622925,0.40241995453834534,-1.2477314472198486,0.30760857462882996,-0.009323127567768097,-0.3194162845611572,1.026053547859192,2.0724587440490723
31,-1.561201572418213,1.3916245698928833,-0.39629465341567993,-0.49477076530456543,-2.5530757904052734,1.500793695449829,0.6699478626251221,-0.5876049399375916,1.2844911813735962,0.6108764410018921,-0.2209623157978058,1.2810739278793335,-0.5765153765678406,1.6087133884429932,2.102583885192871,0.2517929971218109,-0.056884024292230606,-0.7484641075134277,0.36000409722328186,-1.488959550857544,2.04610538482666,-0.8256621360778809,-0.08527442812919617,0.9095103740692139,-1.998789668083191,0.39664584398269653,-0.09632968157529831,0.43537354469299316,0.7948988676071167,1.7631988525390625
33,-1.2462693452835083,0.6706229448318481,0.12022589147090912,-0.7161315083503723,-3.0541062355041504,1.0612266063690186,0.8492037653923035,-0.8442177176475525,1.0533711910247803,0.33212003111839294,0.8307135105133057,1.00956130027771,-0.46260011196136475,1.5259578227996826,1.9162755012512207,-0.1724640130996704,-0.09330828487873077,-0.625734806060791,0.7203131914138794,-1.3553743362426758,2.234135150909424,-0.5456060171127319,0.3060300946235657,0.40226802229881287,-1.2501442432403564,0.31248772144317627,-0.009605199098587036,-0.3106168508529663,1.0341960191726685,2.0756025314331055
35,-1.489546298980713,1.0311579704284668,-0.3856121003627777,-0.5332562923431396,-3.022385835647583,1.2387330532073975,0.6607604622840881,-0.3477863073348999,1.5529738664627075,0.5173683762550354,-0.03421774506568909,1.057418942451477,-0.6945902109146118,1.894607424736023,1.973604679107666,0.04202350974082947,-0.24613453447818756,-0.6028000712394714,0.526935338973999,-1.4659303426742554,2.103710174560547,-0.5463218688964844,-0.045681655406951904,0.7182689905166626,-1.887671709060669,0.5718396306037903,-0.2177487015724182,0.10930472612380981,0.6204966306686401,1.7068413496017456
44,-1.5318138599395752,1.0016893148422241,-0.5172877311706543,-0.3183934688568115,-3.177213191986084,1.0986701250076294,0.5658570528030396,-0.04952806234359741,1.793282389640808,0.6635022759437561,-0.15996262431144714,1.031737208366394,-0.7204834222793579,2.1202118396759033,1.8063852787017822,0.12679892778396606,-0.3506302833557129,-0.6773977279663086,0.487516850233078,-1.440671682357788,2.0894052982330322,-0.38088297843933105,-0.08875700831413269,0.6719319820404053,-2.1447484493255615,0.6562626957893372,-0.45325613021850586,0.05920683592557907,0.30744701623916626,1.7308143377304077
48,-1.1709816455841064,0.7309203147888184,-0.17076465487480164,-0.6622017621994019,-3.1823179721832275,1.1533820629119873,0.88376784324646,-0.5909841060638428,1.5631084442138672,0.23275801539421082,0.5115640163421631,0.993329644203186,-0.7712031006813049,1.7551519870758057,1.8860722780227661,-0.13357728719711304,-0.21033352613449097,-0.45729589462280273,0.6853983402252197,-1.3184778690338135,2.3107199668884277,-0.39963841438293457,0.10417627543210983,0.4378626346588135,-1.3384013175964355,0.4200889468193054,-0.1234489306807518,-0.36104482412338257,0.7792012691497803,1.7909430265426636
49,-1.3637473583221436,0.6814388036727905,-0.03781003877520561,-0.7486997246742249,-3.158513307571411,1.0623408555984497,0.9196335673332214,-0.7250205874443054,1.3773733377456665,0.37537461519241333,0.6583786010742188,1.0826274156570435,-0.6543079018592834,1.6511321067810059,1.7399067878723145,-0.2937876284122467,-0.09465058147907257,-0.5015391111373901,0.8715262413024902,-1.4930706024169922,2.1007790565490723,-0.38762664794921875,0.269712895154953,0.31463661789894104,-1.415571928024292,0.29211288690567017,-0.1736871600151062,-0.40267258882522583,0.81314617395401,1.9124583005905151
50,-1.3666480779647827,0.7679640650749207,-0.03934779018163681,-0.661719560623169,-3.099609613418579,1.1144119501113892,0.8266130685806274,-0.736103892326355,1.2770380973815918,0.4324294328689575,0.5364634394645691,1.1035839319229126,-0.5959674119949341,1.6145554780960083,1.8189756870269775,-0.2202804684638977,-0.08638523519039154,-0.5853258371353149,0.8122708797454834,-1.4983546733856201,2.1273694038391113,-0.43437424302101135,0.19013628363609314,0.3940536379814148,-1.4603720903396606,0.3431243300437927,-0.18301641941070557,-0.2457972913980484,0.8449641466140747,1.9121853113174438
52,-1.2452681064605713,0.4996219873428345,0.11419868469238281,-0.775612473487854,-3.360349655151367,0.865662693977356,0.9370337724685669,-0.7153631448745728,1.3205764293670654,0.31209009885787964,0.8841348886489868,0.954354465007782,-0.5928913950920105,1.6704926490783691,1.7670427560806274,-0.32513532042503357,-0.175011545419693,-0.48830920457839966,0.8601117134094238,-1.3801219463348389,2.22463321685791,-0.2735893130302429,0.335748553276062,0.21402567625045776,-1.2721725702285767,0.39520880579948425,-0.20029032230377197,-0.5168874859809875,0.8883035182952881,1.9685453176498413
56,-1.2553497552871704,0.6777939796447754,0.15875087678432465,-0.7110887765884399,-3.0336692333221436,1.0279361009597778,0.8534762263298035,-0.8729308247566223,1.0046323537826538,0.3413187861442566,0.8727660179138184,1.0165437459945679,-0.4257550835609436,1.5143911838531494,1.907158613204956,-0.16916030645370483,-0.08151982724666595,-0.6413683891296387,0.706708550453186,-1.3568305969238281,2.2342231273651123,-0.5611516237258911,0.33104056119918823,0.3914940357208252,-1.253688097000122,0.31386440992355347,-0.0033587031066417694,-0.29035741090774536,1.0550216436386108,2.1170434951782227
57,-1.436002492904663,1.0874842405319214,-0.09336142241954803,-0.70160973072052,-2.714599370956421,1.3231340646743774,0.8388100862503052,-0.840621292591095,1.1516129970550537,0.4537251889705658,0.2581413984298706,1.244478702545166,-0.541673481464386,1.4680829048156738,1.9928557872772217,-0.007154092192649841,-0.0406775139272213,-0.6037681698799133,0.5663472414016724,-1.4525425434112549,2.0822203159332275,-0.7339557409286499,0.1118336021900177,0.690304160118103,-1.6089799404144287,0.29625123739242554,-0.00046167150139808655,0.12430554628372192,1.028685450553894,1.8346834182739258
59,-1.4522500038146973,1.2047243118286133,-0.23454301059246063,-0.6193694472312927,-2.6537392139434814,1.4198405742645264,0.7722026109695435,-0.747145414352417,1.2513998746871948,0.4870241582393646,0.0257929265499115,1.260303258895874,-0.5864428281784058,1.5134161710739136,2.0661747455596924,0.09720312058925629,-0.062370870262384415,-0.6421263813972473,0.4782654345035553,-1.4350919723510742,2.0886566638946533,-0.7334666848182678,0.001343846321105957,0.8036472201347351,-1.74714994430542,0.32562968134880066,-0.047372594475746155,0.24504275619983673,0.9468070268630981,1.7562676668167114
61,-1.2463576793670654,0.66758131980896,0.1327911764383316,-0.710903525352478,-3.052638053894043,1.0474098920822144,0.8449969291687012,-0.8404602408409119,1.0448061227798462,0.34005582332611084,0.8448693752288818,1.0163514614105225,-0.45320796966552734,1.5305684804916382,1.9048902988433838,-0.17334288358688354,-0.09446193277835846,-0.6279789209365845,0.7103615999221802,-1.354191541671753,2.2358644008636475,-0.5508538484573364,0.31574591994285583,0.40026575326919556,-1.2508009672164917,0.30721890926361084,-0.008928731083869934,-0.3128126263618469,1.0286550521850586,2.0871896743774414
62,-1.4842244386672974,1.295480728149414,-0.38240382075309753,-0.5240450501441956,-2.605355978012085,1.525500774383545,0.7330811619758606,-0.6639644503593445,1.3538289070129395,0.5145295262336731,-0.15169116854667664,1.2612277269363403,-0.6610507965087891,1.572273850440979,2.0377750396728516,0.15121833980083466,-0.06322512775659561,-0.6736190319061279,0.49313095211982727,-1.4803522825241089,2.0524251461029053,-0.7536843419075012,-0.061921313405036926,0.822785496711731,-1.8584558963775635,0.3592047095298767,-0.09737042337656021,0.27142465114593506,0.7968597412109375,1.7639045715332031
64,-1.248598575592041,0.6695213317871094,0.13662967085838318,-0.7121366262435913,-3.054781436920166,1.0432162284851074,0.8408253192901611,-0.838810384273529,1.038331151008606,0.3463855981826782,0.8411109447479248,1.0165306329727173,-0.4465947151184082,1.5304152965545654,1.9088313579559326,-0.1672934889793396,-0.09844721853733063,-0.631989061832428,0.7045249938964844,-1.350280523300171,2.238269090652466,-0.551800012588501,0.31172284483909607,0.4055618941783905,-1.2556345462799072,0.3125838041305542,-0.0074869245290756226,-0.3027644753456116,1.0333733558654785,2.084421157836914
67,-1.4643808603286743,0.7402945160865784,-0.4426678419113159,-0.4783405661582947,-3.4751439094543457,0.9485416412353516,0.6712913513183594,-0.01450437307357788,1.8588343858718872,0.5062212347984314,0.09706833958625793,0.8648421764373779,-0.8211647272109985,2.191915273666382,1.7623974084854126,-0.09791579842567444,-0.4220986068248749,-0.5530164241790771,0.6368410587310791,-1.4370145797729492,2.1111834049224854,-0.28618288040161133,0.012345999479293823,0.5407854914665222,-1.9288746118545532,0.7067173719406128,-0.4590068459510803,-0.1872343271970749,0.3219109773635864,1.6697766780853271
70,-1.4398584365844727,1.2490726709365845,-0.3134036362171173,-0.5717039704322815,-2.6212379932403564,1.4896799325942993,0.7472239136695862,-0.7202150821685791,1.3062329292297363,0.4752092659473419,-0.09750476479530334,1.2509324550628662,-0.6275045871734619,1.5246961116790771,2.1069135665893555,0.13247890770435333,-0.07246090471744537,-0.6510267853736877,0.4645423889160156,-1.4240776300430298,2.088075637817383,-0.7297780513763428,-0.05440743267536163,0.8425352573394775,-1.7827739715576172,0.34827303886413574,-0.07845617085695267,0.2754342257976532,0.9187629222869873,1.7166125774383545
71,-1.4320614337921143,0.9452100396156311,-0.3488960564136505,-0.5870822072029114,-3.077651023864746,1.2347750663757324,0.7517707347869873,-0.4115450084209442,1.6007916927337646,0.45235100388526917,0.0783567726612091,1.0638542175292969,-0.7470723986625671,1.8417015075683594,1.9156832695007324,-0.03224039077758789,-0.23389942944049835,-0.5401309728622437,0.6157376766204834,-1.450547218322754,2.1226634979248047,-0.46349412202835083,-0.00898502767086029,0.6295496225357056,-1.769864559173584,0.5004194378852844,-0.22405782341957092,-0.04673187434673309,0.6332324147224426,1.6990865468978882
72,-1.4263752698898315,1.064532995223999,-0.3685629367828369,-0.4851091206073761,-2.9913463592529297,1.2859700918197632,0.6495515704154968,-0.42542514204978943,1.5155093669891357,0.5293009877204895,-0.05345100164413452,1.0847432613372803,-0.6689035892486572,1.798126220703125,1.9871654510498047,0.0827595591545105,-0.23051223158836365,-0.6428632736206055,0.5265229940414429,-1.4487552642822266,2.1504969596862793,-0.4928344488143921,-0.10811802744865417,0.7266189455986023,-1.8268436193466187,0.5417028665542603,-0.24578195810317993,0.13849952816963196,0.6553218960762024,1.7046993970870972
73,-1.305915117263794,1.011335849761963,-0.24922429025173187,-0.5860716104507446,-2.8666555881500244,1.3538742065429688,0.7824731469154358,-0.6611607074737549,1.3999695777893066,0.38348281383514404,0.14066125452518463,1.1502649784088135,-0.6684610843658447,1.5999410152435303,2.01001238822937,0.01560385525226593,-0.14336510002613068,-0.5881723165512085,0.5690852403640747,-1.3782542943954468,2.1861205101013184,-0.5815222859382629,-0.0012452006340026855,0.7027604579925537,-1.594687819480896,0.361093133687973,-0.08965416997671127,0.006553873419761658,0.8503664135932922,1.759016513824463
75,-1.430573582649231,1.186928391456604,-0.13768748939037323,-0.6559018492698669,-2.682459831237793,1.3351413011550903,0.7733491063117981,-0.7693102955818176,1.157603144645691,0.49921637773513794,0.08335119485855103,1.2508137226104736,-0.5191963315010071,1.48665452003479,2.10504150390625,0.10781028121709824,-0.08830231428146362,-0.634240984916687,0.41565683484077454,-1.3991185426712036,2.1297619342803955,-0.7698233723640442,0.0028258562088012695,0.8229286670684814,-1.694130301475525,0.3695128262042999,-0.009562499821186066,0.3078228831291199,1.06156587600708,1.7399715185165405
76,-1.4420264959335327,1.255258321762085,-0.3200571537017822,-0.5698557496070862,-2.6172144412994385,1.4939292669296265,0.7434055209159851,-0.7188163995742798,1.3106260299682617,0.47868743538856506,-0.10882595181465149,1.2518609762191772,-0.6282188892364502,1.5247520208358765,2.1127378940582275,0.13884958624839783,-0.07365214824676514,-0.65279620885849,0.4591006636619568,-1.4219955205917358,2.0880939960479736,-0.7267011404037476,-0.059708982706069946,0.8516407012939453,-1.7919856309890747,0.34848740696907043,-0.08168035000562668,0.2850753366947174,0.9152408242225647,1.7126984596252441
85,-1.3112375736236572,0.8642346858978271,-0.020725633949041367,-0.7300926446914673,-2.910209894180298,1.2231699228286743,0.8539730310440063,-0.8354460000991821,1.1792488098144531,0.3491519093513489,0.514313280582428,1.1123334169387817,-0.5579320788383484,1.502561330795288,1.971673607826233,-0.11358010768890381,-0.09344947338104248,-0.562419593334198,0.6632963418960571,-1.4043956995010376,2.1572353839874268,-0.5973120927810669,0.19590213894844055,0.5575762987136841,-1.4008208513259888,0.3007277846336365,-0.0033904388546943665,-0.1251634806394577,1.0132040977478027,1.9219921827316284
87,-1.3475966453552246,0.9440558552742004,-0.204865500330925,-0.6168110966682434,-2.9888319969177246,1.2412043809890747,0.7706024646759033,-0.6655460000038147,1.4482378959655762,0.45807522535324097,0.2333214282989502,1.142951488494873,-0.6831046938896179,1.6518287658691406,1.8934402465820312,-0.06152842938899994,-0.1552606076002121,-0.5141339898109436,0.6825071573257446,-1.4439738988876343,2.146883010864258,-0.45141342282295227,0.054527945816516876,0.5491200685501099,-1.5839673280715942,0.3918980658054352,-0.17377018928527832,-0.08916006982326508,0.809636116027832,1.7833034992218018
89,-1.51813805103302,1.2524287700653076,-0.38680586218833923,-0.3993895649909973,-2.7827677726745605,1.3105237483978271,0.5996648073196411,-0.45455512404441833,1.4522967338562012,0.69559246301651,-0.14172840118408203,1.249983787536621,-0.5924943685531616,1.7598659992218018,1.9325376749038696,0.22238244116306305,-0.14832468330860138,-0.7029128670692444,0.4272937476634979,-1.474694848060608,2.109135389328003,-0.5951181650161743,-0.09515351057052612,0.7688684463500977,-2.0203778743743896,0.46440309286117554,-0.23146995902061462,0.28830304741859436,0.6374167799949646,1.7839596271514893
98,-1.4317322969436646,0.8362374305725098,-0.382145494222641,-0.4375583827495575,-3.32287335395813,1.0260024070739746,0.669062614440918,-0.17183560132980347,1.7797778844833374,0.5762706398963928,0.10903863608837128,1.0138890743255615,-0.7796462774276733,2.0383400917053223,1.7071280479431152,-0.03241719305515289,-0.34047168493270874,-0.5767440795898438,0.6475967168807983,-1.4409810304641724,2.132559061050415,-0.3152009844779968,0.006491109728813171,0.5030466318130493,-1.8649358749389648,0.5747114419937134,-0.4073254466056824,-0.18017612397670746,0.37021690607070923,1.7651355266571045
104,-1.2494404315948486,0.6664981842041016,0.12666350603103638,-0.717272162437439,-3.053067445755005,1.0545377731323242,0.8545035719871521,-0.8462883830070496,1.0463807582855225,0.33306050300598145,0.8409550189971924,1.0125484466552734,-0.45905837416648865,1.5241791009902954,1.9123470783233643,-0.17593276500701904,-0.08953520655632019,-0.6254883408546448,0.7198234796524048,-1.3557671308517456,2.2352657318115234,-0.5494223833084106,0.30998700857162476,0.39854151010513306,-1.2483569383621216,0.30839699506759644,-0.0074303895235061646,-0.3136478662490845,1.0362200736999512,2.082366466522217
105,-1.2499463558197021,0.6647008061408997,0.12878066301345825,-0.7183762788772583,-3.0541040897369385,1.052168369293213,0.8558059930801392,-0.8467145562171936,1.044796347618103,0.33280882239341736,0.8443816900253296,1.0121726989746094,-0.4577244222164154,1.5242739915847778,1.9113236665725708,-0.1769697070121765,-0.08972147107124329,-0.6255336999893188,0.7199524641036987,-1.3554614782333374,2.2350502014160156,-0.5489975214004517,0.31165528297424316,0.39728662371635437,-1.2479552030563354,0.30841100215911865,-0.007379859685897827,-0.3148980736732483,1.0368380546569824,2.0837180614471436
107,-1.2483428716659546,0.6564993262290955,0.13115790486335754,-0.7213441729545593,-3.0649971961975098,1.0474520921707153,0.8535899519920349,-0.8342186808586121,1.0496852397918701,0.33740997314453125,0.8429566621780396,1.0134357213974,-0.45846080780029297,1.530521035194397,1.9071229696273804,-0.17758166790008545,-0.0983767956495285,-0.6232123970985413,0.7159504890441895,-1.3497040271759033,2.2372217178344727,-0.5460625886917114,0.3095249533653259,0.3985897898674011,-1.2472487688064575,0.30846962332725525,-0.008049868047237396,-0.3222035765647888,1.031246542930603,2.0766923427581787
108,-1.3738420009613037,1.0468755960464478,-0.10969491302967072,-0.5636678338050842,-2.8129637241363525,1.2877806425094604,0.6727581024169922,-0.7526269555091858,1.135603427886963,0.5076856017112732,0.2923336625099182,1.1482716798782349,-0.4794457256793976,1.557297706604004,2.0078749656677246,0.0310361385345459,-0.08126804232597351,-0.7288340330123901,0.5590456128120422,-1.4615271091461182,2.1564831733703613,-0.6480447053909302,0.06431621313095093,0.6607253551483154,-1.5728051662445068,0.36376506090164185,-0.06342341750860214,0.11667031049728394,0.9202432632446289,1.9263627529144287
109,-1.3870691061019897,1.0388377904891968,-0.13368353247642517,-0.6121077537536621,-2.8152849674224854,1.2724651098251343,0.7219146490097046,-0.6999092698097229,1.20417058467865,0.45250600576400757,0.2298528105020523,1.1510303020477295,-0.5248537659645081,1.592734456062317,2.0637221336364746,0.033778369426727295,-0.11311577260494232,-0.645753026008606,0.4977530837059021,-1.404460072517395,2.1555206775665283,-0.6811347603797913,0.07318837940692902,0.7191082239151001,-1.6224082708358765,0.3914811909198761,-0.039228372275829315,0.1317761093378067,0.9589568376541138,1.8347134590148926
110,-1.3536511659622192,0.8125630617141724,-0.07763943076133728,-0.7329776883125305,-3.129146099090576,1.0920696258544922,0.8263671398162842,-0.6355674862861633,1.3959318399429321,0.3995874226093292,0.41331109404563904,1.054653525352478,-0.6451608538627625,1.6907609701156616,1.9048423767089844,-0.14497318863868713,-0.21271297335624695,-0.47448602318763733,0.6780325174331665,-1.4285922050476074,2.1644980907440186,-0.45007219910621643,0.12666533887386322,0.5144192576408386,-1.510743260383606,0.45492905378341675,-0.12125273793935776,-0.12884001433849335,0.8684923052787781,1.8002164363861084
112,-1.247666358947754,0.6416993737220764,0.17080287635326385,-0.7355911731719971,-3.046297788619995,1.0224323272705078,0.8964863419532776,-0.897839367389679,1.0099108219146729,0.3062174916267395,0.9212286472320557,1.0012109279632568,-0.43640395998954773,1.5028550624847412,1.888794183731079,-0.20496389269828796,-0.07329973578453064,-0.6248141527175903,0.746589183807373,-1.359529733657837,2.2200965881347656,-0.5406341552734375,0.36084580421447754,0.3498583137989044,-1.2221958637237549,0.30574068427085876,-0.010182082653045654,-0.34979087114334106,1.06278395652771,2.1302242279052734
116,-1.3716375827789307,0.7643611431121826,-0.1878613978624344,-0.5767539143562317,-3.259829044342041,1.0163294076919556,0.6928398013114929,-0.4009738266468048,1.5078705549240112,0.4462164640426636,0.3492252826690674,0.9757581949234009,-0.6568055748939514,1.897327184677124,1.8772988319396973,-0.11772984266281128,-0.26988640427589417,-0.5677431225776672,0.6462900042533875,-1.4195096492767334,2.176863670349121,-0.39607784152030945,0.11771810054779053,0.5180201530456543,-1.656395435333252,0.5422828197479248,-0.24370619654655457,-0.15480177104473114,0.6595096588134766,1.8146576881408691
118,-1.2439000606536865,0.6629120111465454,0.12217603623867035,-0.7159270644187927,-3.0621633529663086,1.0571426153182983,0.8477761745452881,-0.8297370076179504,1.0601767301559448,0.3367329239845276,0.8299759030342102,1.01455819606781,-0.46557697653770447,1.532734751701355,1.9087283611297607,-0.17416459321975708,-0.1000148206949234,-0.621841549873352,0.7146824598312378,-1.3505030870437622,2.237335205078125,-0.5463269352912903,0.3043360114097595,0.4027031660079956,-1.2472962141036987,0.3077407479286194,-0.009167753159999847,-0.3211931586265564,1.0251500606536865,2.0709035396575928
119,-1.555135726928711,1.1305726766586304,-0.4648071825504303,-0.4427492022514343,-2.9460465908050537,1.2776446342468262,0.6392889022827148,-0.2851783037185669,1.5886800289154053,0.5965930223464966,-0.13929319381713867,1.115344762802124,-0.6973506212234497,1.9270817041397095,1.909132957458496,0.11220720410346985,-0.22032010555267334,-0.6640859246253967,0.4995553195476532,-1.5037175416946411,2.0560176372528076,-0.5799301862716675,-0.062029436230659485,0.7343109250068665,-2.045015811920166,0.5597007274627686,-0.26752856373786926,0.162771075963974,0.5056278705596924,1.7484612464904785
121,-1.2474908828735352,0.6690002679824829,0.12362760305404663,-0.7171670198440552,-3.0551252365112305,1.0573945045471191,0.850003182888031,-0.8440749049186707,1.0502867698669434,0.33337095379829407,0.8342556953430176,1.0099183320999146,-0.45986244082450867,1.5261642932891846,1.9151742458343506,-0.17272529006004333,-0.09384363889694214,-0.6263748407363892,0.7189275026321411,-1.354461908340454,2.234421730041504,-0.5459848642349243,0.30740758776664734,0.4016258418560028,-1.2504667043685913,0.3126320242881775,-0.009134247899055481,-0.3105194568634033,1.0352953672409058,2.07735013961792
123,-1.2448588609695435,0.6611165404319763,0.12495219707489014,-0.7170215845108032,-3.063035488128662,1.054005742073059,0.8489008545875549,-0.8301965594291687,1.0576058626174927,0.3370945155620575,0.8338406682014465,1.0143393278121948,-0.46337276697158813,1.532793641090393,1.9077342748641968,-0.1749301552772522,-0.1002403050661087,-0.6221731305122375,0.7141950130462646,-1.3500642776489258,2.2371718883514404,-0.5462013483047485,0.3062632977962494,0.401716947555542,-1.247391939163208,0.3078601062297821,-0.009045936167240143,-0.32175201177597046,1.0261510610580444,2.0727264881134033
125,-1.3900644779205322,0.9225562810897827,-0.35784149169921875,-0.5961428284645081,-3.0893447399139404,1.264435887336731,0.7593516111373901,-0.4551616609096527,1.612241268157959,0.40118759870529175,0.09422782063484192,1.026213526725769,-0.7836307883262634,1.824558138847351,1.919363021850586,-0.07073275744915009,-0.2337789386510849,-0.5180613994598389,0.6745494604110718,-1.462459683418274,2.120150566101074,-0.4587208330631256,0.002229556441307068,0.6023387908935547,-1.6973230838775635,0.5134157538414001,-0.21977275609970093,-0.09089948236942291,0.6475222110748291,1.7066729068756104
136,-1.4669567346572876,1.068458080291748,-0.19837313890457153,-0.5285324454307556,-2.8924195766448975,1.2072453498840332,0.7045647501945496,-0.580219566822052,1.3771542310714722,0.600888192653656,0.16604875028133392,1.2232969999313354,-0.5932600498199463,1.6989712715148926,1.8364741802215576,0.041928499937057495,-0.13626565039157867,-0.6273859739303589,0.5719509720802307,-1.4913086891174316,2.109684467315674,-0.579932689666748,0.04545067250728607,0.6078383922576904,-1.7740297317504883,0.39642322063446045,-0.1523107886314392,0.07984676957130432,0.7191093564033508,1.8821146488189697
138,-1.2492543458938599,0.6538069248199463,0.1506519466638565,-0.7225397229194641,-3.0572972297668457,1.031569480895996,0.8630150556564331,-0.8552972674369812,1.0300133228302002,0.3331754505634308,0.8745981454849243,1.0130641460418701,-0.4448917508125305,1.5233639478683472,1.896590232849121,-0.18491524457931519,-0.08950646221637726,-0.6277844905853271,0.720786452293396,-1.353400468826294,2.233339786529541,-0.5474110841751099,0.3294338583946228,0.38264018297195435,-1.2415308952331543,0.3065290153026581,-0.0077693164348602295,-0.3264791965484619,1.0398062467575073,2.1008596420288086
139,-1.2491414546966553,0.6466478705406189,0.1545168161392212,-0.7257097363471985,-3.0699691772460938,1.025366187095642,0.8655397891998291,-0.842873752117157,1.0287301540374756,0.33602577447891235,0.8708716630935669,1.014062762260437,-0.4449347257614136,1.5227179527282715,1.8999935388565063,-0.18362170457839966,-0.09766894578933716,-0.6248483061790466,0.7142214775085449,-1.3450734615325928,2.2370636463165283,-0.5487444400787354,0.32591915130615234,0.3861961364746094,-1.2404906749725342,0.3096585273742676,-0.006535414606332779,-0.3289611339569092,1.043211579322815,2.09211802482605
140,-1.2514445781707764,0.6600672006607056,0.15190790593624115,-0.7216895818710327,-3.052015781402588,1.031906247138977,0.8615814447402954,-0.862350583076477,1.0226006507873535,0.3344687819480896,0.8724570274353027,1.0122135877609253,-0.43977534770965576,1.5185190439224243,1.9028446674346924,-0.1795862317085266,-0.08782114088535309,-0.6314696669578552,0.7186170816421509,-1.353692889213562,2.2341344356536865,-0.5497753024101257,0.32799458503723145,0.3867587447166443,-1.2455328702926636,0.3107282817363739,-0.006215933710336685,-0.31420081853866577,1.0473061800003052,2.102800130844116
142,-1.4660329818725586,1.060231328010559,-0.19029487669467926,-0.5405684113502502,-2.90651273727417,1.1977986097335815,0.6870198249816895,-0.5932990908622742,1.3899831771850586,0.6105078458786011,0.17756254971027374,1.218442678451538,-0.5926773548126221,1.7087154388427734,1.8316113948822021,0.0187046080827713,-0.1373315304517746,-0.6194198131561279,0.594463586807251,-1.5088847875595093,2.0994672775268555,-0.535515546798706,0.054356031119823456,0.5876731872558594,-1.7732806205749512,0.3965429663658142,-0.16439008712768555,0.07366710156202316,0.703875720500946,1.8909883499145508
144,-1.3817449808120728,0.7073595523834229,-0.17401564121246338,-0.5764963030815125,-3.38494610786438,0.91324782371521,0.7449707984924316,-0.34771114587783813,1.6477570533752441,0.5003842711448669,0.3817014694213867,0.9972693920135498,-0.7132128477096558,1.935389757156372,1.7331608533859253,-0.15325185656547546,-0.31284815073013306,-0.5075401663780212,0.708017110824585,-1.42490553855896,2.162248373031616,-0.246545672416687,0.1255582571029663,0.3965573310852051,-1.6726242303848267,0.5343614220619202,-0.35404735803604126,-0.2672801613807678,0.5602768659591675,1.8081914186477661
147,-1.4418189525604248,0.9206144213676453,-0.5144916772842407,-0.3818531334400177,-3.223907470703125,1.1445115804672241,0.6679241061210632,-0.1534191370010376,1.8702689409255981,0.5444632172584534,-0.06963452696800232,1.0039713382720947,-0.816490650177002,2.053945541381836,1.776563048362732,0.03499440848827362,-0.33475345373153687,-0.5952739715576172,0.6127369999885559,-1.4312798976898193,2.1085402965545654,-0.28943508863449097,-0.06277476251125336,0.572730302810669,-1.9705978631973267,0.6013433933258057,-0.4626469612121582,-0.11685170233249664,0.328429639339447,1.7144314050674438
150,-1.4619386196136475,1.1430368423461914,-0.316523939371109,-0.47102975845336914,-2.846222162246704,1.2985801696777344,0.6549597382545471,-0.529118537902832,1.4550888538360596,0.6021596193313599,-0.008310854434967041,1.2074522972106934,-0.6311067938804626,1.7282623052597046,1.9043511152267456,0.10916084796190262,-0.1547500491142273,-0.6476649641990662,0.5328490138053894,-1.4807977676391602,2.1047444343566895,-0.5649266242980957,-0.03461161255836487,0.6829665899276733,-1.8530677556991577,0.43340960144996643,-0.1926000714302063,0.14794310927391052,0.6695008277893066,1.8243266344070435
153,-1.2843157052993774,0.5694534778594971,-0.021206526085734367,-0.7209780216217041,-3.3854761123657227,0.9198266863822937,0.8570916652679443,-0.5537213087081909,1.4590587615966797,0.35089266300201416,0.6888254880905151,0.9485320448875427,-0.6714223027229309,1.7844023704528809,1.7693737745285034,-0.2741228938102722,-0.24263492226600647,-0.48308345675468445,0.8071186542510986,-1.4066452980041504,2.2027854919433594,-0.29867005348205566,0.2519170045852661,0.3162139058113098,-1.397155523300171,0.44732433557510376,-0.21938112378120422,-0.4299054741859436,0.7497348189353943,1.8855117559432983
161,-1.3377588987350464,0.7729756832122803,-0.03167109936475754,-0.6260340213775635,-3.0263118743896484,1.1731733083724976,0.7747365236282349,-0.8531708717346191,1.1096322536468506,0.47661077976226807,0.5737119317054749,1.1553361415863037,-0.5291991233825684,1.5468201637268066,1.8783395290374756,-0.21129268407821655,-0.005342777818441391,-0.595361590385437,0.8178335428237915,-1.4862321615219116,2.1353139877319336,-0.4555256962776184,0.1724052131175995,0.43498730659484863,-1.3887031078338623,0.27054736018180847,-0.1816965639591217,-0.22902776300907135,0.9426896572113037,1.9107664823532104
162,-1.354231357574463,0.8215728998184204,-0.020106051117181778,-0.5748571753501892,-2.988673210144043,1.1974269151687622,0.7185324430465698,-0.8832940459251404,1.0168644189834595,0.49779343605041504,0.5051770806312561,1.1538245677947998,-0.49036329984664917,1.4988822937011719,1.964028239250183,-0.19591540098190308,0.021165546029806137,-0.6739195585250854,0.7889245748519897,-1.4990625381469727,2.131474018096924,-0.5007498264312744,0.14420275390148163,0.49583593010902405,-1.4126434326171875,0.2960861027240753,-0.19583943486213684,-0.10507254302501678,0.9689692258834839,1.93215012550354
163,-1.3395497798919678,0.8535091876983643,-0.03229379653930664,-0.5475709438323975,-2.9777159690856934,1.2087619304656982,0.6964737176895142,-0.8720654249191284,1.0171746015548706,0.5212376117706299,0.4730919897556305,1.1614347696304321,-0.4800497591495514,1.4972423315048218,1.9636225700378418,-0.1520424783229828,0.00654849037528038,-0.6857273578643799,0.7625759840011597,-1.4900727272033691,2.1500983238220215,-0.5010467767715454,0.11146995425224304,0.5113499164581299,-1.4199328422546387,0.30916374921798706,-0.19963929057121277,-0.07759632170200348,0.9687726497650146,1.9225887060165405
164,-1.371682047843933,0.8280712366104126,-0.038274139165878296,-0.5961345434188843,-3.06062912940979,1.150184988975525,0.757636308670044,-0.756380021572113,1.1840488910675049,0.4637092649936676,0.4492151439189911,1.1034890413284302,-0.5494216680526733,1.5721211433410645,1.9040236473083496,-0.18113484978675842,-0.07015594840049744,-0.6671959757804871,0.7733219861984253,-1.508973240852356,2.136521339416504,-0.4713090658187866,0.1400252729654312,0.4622034728527069,-1.4903823137283325,0.3819859027862549,-0.20243006944656372,-0.11491416394710541,0.8705381751060486,1.922634243965149
165,-1.2900928258895874,0.8905525207519531,-0.0465797558426857,-0.4655807912349701,-2.893176555633545,1.2614880800247192,0.6192448735237122,-0.9762626886367798,0.8395894765853882,0.6109556555747986,0.4869217276573181,1.2314362525939941,-0.39113640785217285,1.430558204650879,2.0082995891571045,-0.09443768858909607,0.07821305096149445,-0.7101805806159973,0.7321517467498779,-1.458426594734192,2.1771748065948486,-0.5136454701423645,0.05353406071662903,0.5866634845733643,-1.367087960243225,0.23371882736682892,-0.2190892994403839,-0.028504326939582825,1.0521419048309326,1.913166880607605
166,-1.1990609169006348,0.5666078329086304,0.1957533210515976,-0.7958646416664124,-3.203334331512451,0.8751763105392456,1.0168485641479492,-0.800402045249939,1.2228281497955322,0.2546561658382416,0.9808088541030884,1.0063204765319824,-0.543402373790741,1.6227715015411377,1.7847713232040405,-0.23246198892593384,-0.155448779463768,-0.47079065442085266,0.7135528326034546,-1.2801417112350464,2.3097691535949707,-0.4197084605693817,0.3192480504512787,0.23319512605667114,-1.1600457429885864,0.3661084771156311,-0.05759512633085251,-0.4837667942047119,1.018020510673523,2.0302951335906982
167,-1.2133896350860596,0.571557343006134,0.12608113884925842,-0.644072413444519,-3.2391998767852783,0.9672384262084961,0.7885736227035522,-0.8466631174087524,1.007248878479004,0.4382544755935669,0.8173085451126099,1.036102533340454,-0.43363359570503235,1.5897982120513916,1.8792064189910889,-0.25596460700035095,-0.07045866549015045,-0.571822464466095,0.8281538486480713,-1.3850347995758057,2.2746732234954834,-0.33449268341064453,0.2236902415752411,0.3303784728050232,-1.247729778289795,0.39325928688049316,-0.20928412675857544,-0.34968823194503784,1.0150777101516724,1.9625537395477295
168,-1.2439820766448975,0.5722013711929321,0.11669428646564484,-0.6958500742912292,-3.3171186447143555,0.9157862663269043,0.847038745880127,-0.7171738147735596,1.2229139804840088,0.36122027039527893,0.7783994078636169,0.9597382545471191,-0.5303235054016113,1.6482126712799072,1.8421049118041992,-0.25373297929763794,-0.1743016541004181,-0.5682048797607422,0.8068491220474243,-1.3848390579223633,2.2580313682556152,-0.31109845638275146,0.2562010586261749,0.2813419699668884,-1.3024215698242188,0.4581434726715088,-0.20725524425506592,-0.3767160177230835,0.9175239205360413,1.966811180114746
169,-1.2290796041488647,0.5817443132400513,0.13887473940849304,-0.6819225549697876,-3.2144739627838135,0.9883021116256714,0.8256139159202576,-0.8499826192855835,1.0542293787002563,0.3784716725349426,0.8203204870223999,0.9996474981307983,-0.4696674644947052,1.560497760772705,1.9136784076690674,-0.2564852237701416,-0.07722945511341095,-0.5887610912322998,0.8199936151504517,-1.3772681951522827,2.2453784942626953,-0.36803799867630005,0.2649034857749939,0.30435553193092346,-1.2264246940612793,0.38810020685195923,-0.18552273511886597,-0.3601837754249573,1.0341389179229736,1.9868347644805908
170,-1.232269525527954,0.6200283765792847,0.15054258704185486,-0.622582733631134,-3.1978554725646973,1.0132696628570557,0.7570502161979675,-0.8706550598144531,0.9495118260383606,0.4103598892688751,0.7585980296134949,0.9906985759735107,-0.41592714190483093,1.5282057523727417,1.993179202079773,-0.2305225431919098,-0.0603565014898777,-0.6653221845626831,0.7950481176376343,-1.3908469676971436,2.262722969055176,-0.393660306930542,0.21888646483421326,0.35951194167137146,-1.2427842617034912,0.43583035469055176,-0.20693320035934448,-0.24452336132526398,1.0574572086334229,1.9970476627349854
171,-1.191767692565918,0.6464566588401794,0.19858841598033905,-0.7141331434249878,-3.152625322341919,0.9336872100830078,0.9253113269805908,-0.7968908548355103,1.118177056312561,0.3080267906188965,0.8674284219741821,1.0176703929901123,-0.47839978337287903,1.596199870109558,1.865817904472351,-0.14891919493675232,-0.15734133124351501,-0.5571582317352295,0.6400192975997925,-1.279591679573059,2.34993839263916,-0.4757491648197174,0.23519709706306458,0.31540176272392273,-1.188241958618164,0.42422181367874146,-0.06012134999036789,-0.331101655960083,1.056113362312317,2.013789415359497
172,-1.1911299228668213,0.7162318229675293,0.20003758370876312,-0.6434085369110107,-3.110703468322754,0.9775557518005371,0.8480092883110046,-0.8089121580123901,1.01580810546875,0.3493327498435974,0.7707594633102417,1.0209159851074219,-0.4211293160915375,1.557627558708191,1.958971381187439,-0.09070780873298645,-0.14503717422485352,-0.6453671455383301,0.580348014831543,-1.288131833076477,2.3751046657562256,-0.5224800109863281,0.17151223123073578,0.3949801027774811,-1.2166976928710938,0.4705978035926819,-0.07610338181257248,-0.1821133941411972,1.0888155698776245,2.007540464401245
173,-1.158739686012268,0.7880210876464844,0.1959376484155655,-0.5187323689460754,-2.9839422702789307,1.0571024417877197,0.7243479490280151,-0.9582051038742065,0.7223061323165894,0.461340069770813,0.7305334806442261,1.091439127922058,-0.28238433599472046,1.4455971717834473,2.0952506065368652,-0.049056410789489746,-0.01832152158021927,-0.7435191869735718,0.5377318859100342,-1.2875922918319702,2.3981449604034424,-0.5769894123077393,0.09735797345638275,0.537922203540802,-1.1980262994766235,0.4139884412288666,-0.11655610054731369,-0.007728859782218933,1.2033578157424927,2.0117952823638916
174,-1.1427674293518066,0.6201776266098022,0.021294835954904556,-0.7430537939071655,-3.2089791297912598,1.032531499862671,0.9719606637954712,-0.7405573129653931,1.391834020614624,0.19501236081123352,0.8117283582687378,0.9666341543197632,-0.6781394481658936,1.6640570163726807,1.8226410150527954,-0.2208908498287201,-0.1691243201494217,-0.45680493116378784,0.7607841491699219,-1.323889970779419,2.313704252243042,-0.4077957272529602,0.2441028654575348,0.2903328835964203,-1.1828997135162354,0.39540523290634155,-0.07331690937280655,-0.47258061170578003,0.91483074426651,1.9289937019348145
175,-1.1635891199111938,0.6411415934562683,-0.13474753499031067,-0.7375118732452393,-3.3111348152160645,1.0753931999206543,0.9008751511573792,-0.5817877650260925,1.5840715169906616,0.19949477910995483,0.626929521560669,0.9144023656845093,-0.7944396138191223,1.7958567142486572,1.863671064376831,-0.2238646149635315,-0.2456594705581665,-0.4077954590320587,0.7563450336456299,-1.3529201745986938,2.2946643829345703,-0.32983100414276123,0.16364926099777222,0.3659367859363556,-1.2801222801208496,0.4622408151626587,-0.13367018103599548,-0.4374738335609436,0.7623610496520996,1.8033316135406494
176,-1.1843748092651367,0.7309358716011047,-0.14471429586410522,-0.6624458432197571,-3.1805996894836426,1.1228625774383545,0.8806614875793457,-0.5960218906402588,1.537682056427002,0.24907246232032776,0.5399974584579468,1.003875970840454,-0.7470346689224243,1.756247639656067,1.8725820779800415,-0.13337022066116333,-0.20651432871818542,-0.46585318446159363,0.6749664545059204,-1.3222118616104126,2.3090596199035645,-0.4061177372932434,0.12132683396339417,0.4323938488960266,-1.3517131805419922,0.41910654306411743,-0.11832781881093979,-0.34730643033981323,0.7852563858032227,1.8128663301467896
177,-1.1551278829574585,0.6247861385345459,0.028142504394054413,-0.741685152053833,-3.2427327632904053,1.0093313455581665,0.9460564255714417,-0.6878702640533447,1.3765510320663452,0.222530335187912,0.8109217882156372,0.9612622261047363,-0.67195725440979,1.6790741682052612,1.8416121006011963,-0.19027802348136902,-0.1938198357820511,-0.46678662300109863,0.721747875213623,-1.315261960029602,2.339897632598877,-0.43738409876823425,0.2220015674829483,0.3134443461894989,-1.183870792388916,0.40447089076042175,-0.04173398017883301,-0.44970518350601196,0.9006556272506714,1.9393243789672852
178,-1.163207769393921,0.6149455308914185,0.05630909278988838,-0.7466596364974976,-3.257171154022217,0.9796803593635559,0.9532074928283691,-0.6720229983329773,1.355721354484558,0.23191606998443604,0.8263025283813477,0.9695208072662354,-0.6561118364334106,1.677166223526001,1.838509440422058,-0.18832960724830627,-0.20427899062633514,-0.46873435378074646,0.7007098197937012,-1.3011592626571655,2.3453149795532227,-0.4485033452510834,0.2241804599761963,0.3132953345775604,-1.1810005903244019,0.40457308292388916,-0.031694233417510986,-0.44700485467910767,0.9125533699989319,1.9441317319869995
179,-1.170571208000183,0.6139446496963501,0.06130382791161537,-0.7515144348144531,-3.258418560028076,0.9683699011802673,0.9431025981903076,-0.6728967428207397,1.3472566604614258,0.24399301409721375,0.835854172706604,0.9657473564147949,-0.6434310674667358,1.6851600408554077,1.8357462882995605,-0.1827465295791626,-0.20628021657466888,-0.4771325886249542,0.696595311164856,-1.3018956184387207,2.3472559452056885,-0.445526123046875,0.22586116194725037,0.3171447217464447,-1.1919465065002441,0.40803471207618713,-0.03126487880945206,-0.43704289197921753,0.9101599454879761,1.950863003730774
181,-1.2901445627212524,0.6414731740951538,0.08064597845077515,-0.7824979424476624,-3.177968978881836,1.041184902191162,0.9403771758079529,-0.8451160192489624,1.2313405275344849,0.3535037040710449,0.73103928565979,1.0612249374389648,-0.5886475443840027,1.5290414094924927,1.8132041692733765,-0.29849115014076233,-0.09255693852901459,-0.5054731369018555,0.8718860149383545,-1.455460548400879,2.1739134788513184,-0.3731101453304291,0.25307348370552063,0.3165787160396576,-1.2986900806427002,0.33040353655815125,-0.1480746865272522,-0.36464858055114746,0.9611825942993164,1.9242547750473022
182,-1.288163661956787,0.6690484285354614,0.09407146275043488,-0.807992696762085,-3.1840009689331055,0.9817332029342651,0.9614039659500122,-0.79367995262146,1.2828617095947266,0.3521384596824646,0.6999392509460449,1.0688365697860718,-0.5837124586105347,1.576725959777832,1.8113210201263428,-0.23975616693496704,-0.15536916255950928,-0.44313979148864746,0.7867226600646973,-1.4009231328964233,2.20327091217041,-0.38347160816192627,0.2371213436126709,0.34149229526519775,-1.3408687114715576,0.3897427022457123,-0.11532261222600937,-0.31850457191467285,0.9948193430900574,1.8734711408615112
184,-1.2508128881454468,0.5514234304428101,-0.0067842453718185425,-0.8243504762649536,-3.241922378540039,1.0642406940460205,1.0533286333084106,-0.8210572004318237,1.4094361066818237,0.2532139718532562,0.8492780923843384,1.0197291374206543,-0.713939905166626,1.5687986612319946,1.6887524127960205,-0.3977518081665039,-0.06916768103837967,-0.4464934170246124,1.0118292570114136,-1.4920459985733032,2.125009059906006,-0.30417758226394653,0.3376540541648865,0.18307065963745117,-1.2193354368209839,0.236457958817482,-0.1820889711380005,-0.631557822227478,0.8485555648803711,1.9289138317108154
186,-1.2474061250686646,0.5010954737663269,0.12175711989402771,-0.7762665748596191,-3.3508365154266357,0.8610467910766602,0.9445859789848328,-0.7359052896499634,1.3081066608428955,0.3043498992919922,0.9034568071365356,0.9516710042953491,-0.5876502990722656,1.6620649099349976,1.765271782875061,-0.33196598291397095,-0.16308268904685974,-0.49206042289733887,0.8692612648010254,-1.387676477432251,2.2202298641204834,-0.2749292254447937,0.3489929437637329,0.20382392406463623,-1.2693345546722412,0.39299634099006653,-0.199869304895401,-0.5168349146842957,0.8959059119224548,1.9873032569885254
187,-1.166718602180481,0.3836274743080139,0.14130084216594696,-0.8471865653991699,-3.442692756652832,0.8460230827331543,1.0659489631652832,-0.7708976864814758,1.355028748512268,0.2224072813987732,1.049778699874878,0.9072614312171936,-0.6367723941802979,1.615757942199707,1.7153446674346924,-0.39925289154052734,-0.1609661877155304,-0.4469781517982483,0.9569573402404785,-1.3635554313659668,2.2545907497406006,-0.1934683918952942,0.3820990324020386,0.10656356811523438,-1.1337450742721558,0.34847399592399597,-0.2137763500213623,-0.7092933654785156,0.9033491015434265,1.9768218994140625
188,-1.4246610403060913,1.2883678674697876,-0.25961726903915405,-0.5217055678367615,-2.5731399059295654,1.5072489976882935,0.7087951898574829,-0.7968908548355103,1.197979211807251,0.5366802215576172,-0.01362261176109314,1.2687240839004517,-0.5589401721954346,1.4494892358779907,2.0524423122406006,0.16136905550956726,-0.030888758599758148,-0.7458222508430481,0.4855048358440399,-1.4738231897354126,2.098663806915283,-0.7585265636444092,-0.06036373972892761,0.8019245266914368,-1.7038912773132324,0.2945030629634857,-0.05897954851388931,0.2983151078224182,0.9192602634429932,1.830216646194458
189,-1.4336309432983398,1.1464476585388184,-0.1397625058889389,-0.6669281721115112,-2.6826961040496826,1.3674342632293701,0.8047565817832947,-0.8158790469169617,1.174483060836792,0.4793975055217743,0.17240285873413086,1.257485270500183,-0.55819171667099,1.4679865837097168,2.0188639163970947,0.04379469156265259,-0.04912370443344116,-0.6201614737510681,0.5277649164199829,-1.450201392173767,2.0924439430236816,-0.7511653304100037,0.06273788213729858,0.7379353642463684,-1.6411370038986206,0.29763928055763245,-6.707757711410522e-05,0.18253375589847565,0.9994165301322937,1.8241640329360962
190,-1.4348657131195068,1.138201117515564,-0.13044412434101105,-0.6741303205490112,-2.692248582839966,1.3560978174209595,0.8103230595588684,-0.8111399412155151,1.1679030656814575,0.4802449643611908,0.1855749636888504,1.2568764686584473,-0.553348183631897,1.466435432434082,2.0182480812072754,0.04093444347381592,-0.05289869010448456,-0.6181449294090271,0.523668646812439,-1.4467685222625732,2.0931735038757324,-0.7521432638168335,0.06765161454677582,0.7370803356170654,-1.6361093521118164,0.29540035128593445,0.004465900361537933,0.1776675283908844,1.0031704902648926,1.8270703554153442
191,-1.42183256149292,1.2093656063079834,-0.1437080204486847,-0.6166578531265259,-2.6375551223754883,1.3983726501464844,0.7445610761642456,-0.8347074389457703,1.1149864196777344,0.5093722939491272,0.13142605125904083,1.2368830442428589,-0.4974907636642456,1.4413090944290161,2.08172607421875,0.10940054059028625,-0.04893260449171066,-0.7081498503684998,0.46650633215904236,-1.448025107383728,2.1138250827789307,-0.7514406442642212,0.00270785391330719,0.788389265537262,-1.6369924545288086,0.3180851638317108,-0.0225459486246109,0.29081395268440247,1.029967188835144,1.826380968093872
192,-1.2729601860046387,0.5522400140762329,0.06964977085590363,-0.8636306524276733,-3.2495572566986084,0.9906222820281982,1.0386316776275635,-0.8183323740959167,1.3382961750030518,0.2831457257270813,0.8572808504104614,1.020078182220459,-0.6442403793334961,1.569833755493164,1.7421077489852905,-0.3605650067329407,-0.10997384786605835,-0.42961132526397705,0.9251821041107178,-1.445564866065979,2.1548871994018555,-0.3135920763015747,0.32721245288848877,0.23659658432006836,-1.2493164539337158,0.28965452313423157,-0.14969635009765625,-0.5332466959953308,0.927590012550354,1.9171797037124634
193,-1.2461965084075928,0.4745662808418274,0.11636853218078613,-0.7393107414245605,-3.3491311073303223,0.9149646759033203,0.9153887629508972,-0.7765955328941345,1.2388888597488403,0.3211696743965149,0.930733323097229,0.9448813199996948,-0.5707436203956604,1.620793342590332,1.761556625366211,-0.3710086941719055,-0.10765025019645691,-0.5652649998664856,0.9437774419784546,-1.4346030950546265,2.2047383785247803,-0.26601988077163696,0.3480730652809143,0.1779499650001526,-1.2294082641601562,0.3522726893424988,-0.2340390682220459,-0.554153323173523,0.8696774244308472,2.031867027282715
194,-1.1995691061019897,0.46173733472824097,0.11238956451416016,-0.7880169153213501,-3.3929810523986816,0.905960202217102,0.952329158782959,-0.7744063138961792,1.2957748174667358,0.2904012203216553,0.9228194952011108,0.936699390411377,-0.6020348072052002,1.6096255779266357,1.793212890625,-0.3551904559135437,-0.14748269319534302,-0.5037344694137573,0.911555290222168,-1.39009690284729,2.2531840801239014,-0.1977524757385254,0.32335084676742554,0.20295178890228271,-1.2154345512390137,0.36636918783187866,-0.23735114932060242,-0.5583884119987488,0.8938535451889038,1.964004635810852
195,-1.3658562898635864,0.6837061643600464,-0.026398705318570137,-0.7484242916107178,-3.1477584838867188,1.055303931236267,0.9263089895248413,-0.747974693775177,1.3622055053710938,0.3706502318382263,0.6796011328697205,1.083681344985962,-0.6467353105545044,1.6407331228256226,1.7347170114517212,-0.3008664548397064,-0.08175226300954819,-0.5056370496749878,0.8805466890335083,-1.5012564659118652,2.096106767654419,-0.3905796408653259,0.28406885266304016,0.30398640036582947,-1.4122928380966187,0.28800973296165466,-0.17211207747459412,-0.40087682008743286,0.8216307163238525,1.932639479637146
196,-1.3693486452102661,0.7671520709991455,-0.025203928351402283,-0.6636627912521362,-3.0909955501556396,1.1049906015396118,0.8345142006874084,-0.7604618668556213,1.2601499557495117,0.42649394273757935,0.562929630279541,1.103757619857788,-0.5879640579223633,1.6044734716415405,1.8130536079406738,-0.23085010051727295,-0.07262438535690308,-0.588901162147522,0.8232455253601074,-1.507606863975525,2.1222877502441406,-0.4370276927947998,0.20765581727027893,0.3811383545398712,-1.455242395401001,0.33871400356292725,-0.1811300814151764,-0.24627552926540375,0.8541158437728882,1.9336572885513306
198,-1.1338340044021606,0.3777260184288025,0.1291787326335907,-0.8505064845085144,-3.4397923946380615,0.8806091547012329,1.0778234004974365,-0.8006186485290527,1.3581855297088623,0.18651250004768372,1.0628857612609863,0.8800939321517944,-0.65590500831604,1.5946048498153687,1.7280737161636353,-0.41312795877456665,-0.15011446177959442,-0.4405476450920105,0.9935466051101685,-1.374047040939331,2.252446174621582,-0.19211632013320923,0.39406612515449524,0.08206146955490112,-1.0887219905853271,0.3563081622123718,-0.21283313632011414,-0.7429288625717163,0.918721616268158,1.9798521995544434
199,-1.4261311292648315,1.1098921298980713,-0.14710672199726105,-0.6536055207252502,-2.69081974029541,1.3953204154968262,0.8357139229774475,-0.8411152362823486,1.1945574283599854,0.45720356702804565,0.22825424373149872,1.2617871761322021,-0.5971635580062866,1.4522521495819092,1.935227870941162,-0.009548604488372803,-0.01743152365088463,-0.618811309337616,0.6301887035369873,-1.491325855255127,2.063303232192993,-0.7464731931686401,0.10433897376060486,0.6507729887962341,-1.5932306051254272,0.25323694944381714,-0.0042038895189762115,0.0646837130188942,0.9486016035079956,1.8806511163711548
