-0.13127638399600983,1.7306327819824219,0.1438836306333542,-1.8460702896118164,0.24485783278942108,-0.1901508867740631,2.5849454402923584,0.9323794841766357,1.1022169589996338,0.8353734612464905,-1.223145604133606,-0.13570523262023926,1.3202329874038696,3.1195569038391113,1.4900377988815308,-1.849337100982666,-0.2907272279262543,-0.052106887102127075,-2.1155154705047607,-0.3213862478733063,1.0883949995040894,0.14608678221702576,-2.210026264190674,-0.5785700678825378,0.8936783671379089,0.019212931394577026,0.816528856754303,-0.7235994935035706,2.444183826446533,0.15941207110881805
-0.08054789900779724,-0.524086594581604,0.036308012902736664,0.34497499465942383,0.3709792494773865,-0.05165914073586464,-0.5315235257148743,0.2705957591533661,-0.6790360808372498,-0.9573572874069214,0.3733002543449402,0.23729044198989868,0.8078151941299438,-0.8775503635406494,-0.9625880122184753,-0.09787425398826599,0.4320189356803894,-0.4700925648212433,0.9865063428878784,0.31308454275131226,0.08419472724199295,0.6030385494232178,0.1915762722492218,0.16328375041484833,-0.8598878979682922,0.32369524240493774,-0.21423059701919556,-0.07387546449899673,-0.30935826897621155,0.28014686703681946
0.31846994161605835,0.8960546851158142,0.267711341381073,-1.4231256246566772,0.3403117060661316,-0.049913354218006134,1.2723840475082397,0.6955901384353638,0.32500264048576355,-0.24509724974632263,-0.8868520259857178,0.12084200233221054,1.9423331022262573,1.684959888458252,0.5393402576446533,-1.846126914024353,0.04995548725128174,0.02523130550980568,-1.0529767274856567,-0.033349744975566864,0.8768763542175293,0.4910472333431244,-1.5133087635040283,-0.3130332827568054,0.545700192451477,0.39218154549598694,0.19353991746902466,-0.5126569271087646,1.6338434219360352,0.34207412600517273
-0.025755375623703003,-0.6240277290344238,-0.12449371814727783,0.535939633846283,0.3326580822467804,-0.20038381218910217,-0.7361846566200256,0.21304330229759216,-0.6992939710617065,-0.7064811587333679,0.5083106756210327,0.013063646852970123,0.35095691680908203,-0.9784614443778992,-0.9203277230262756,0.2640681564807892,0.40504002571105957,-0.6425015330314636,1.080139398574829,0.4067310392856598,-0.04481467232108116,0.5126866102218628,0.3793524205684662,0.21765747666358948,-0.8860187530517578,0.1568603813648224,-0.20150664448738098,-0.186035618185997,-0.5452712774276733,0.19517865777015686
-0.0735817402601242,-0.2726665139198303,-0.007442629896104336,0.3824656903743744,0.20331285893917084,-0.0641278624534607,-0.40143269300460815,0.15571461617946625,-0.3454134166240692,-0.3637555241584778,0.2791242003440857,0.08597110956907272,0.2680155038833618,-0.5427819490432739,-0.5496513247489929,0.12264660745859146,0.3285847008228302,-0.4511324167251587,0.6715561151504517,0.18753963708877563,0.024920407682657242,0.25791066884994507,0.1205422431230545,-0.039611075073480606,-0.638659656047821,0.0672493502497673,-0.00041301921010017395,-0.031437210738658905,-0.26001206040382385,0.12453062832355499
0.33721834421157837,0.8214191198348999,0.1082841157913208,-1.2052068710327148,0.22423794865608215,-0.19296416640281677,1.181470274925232,0.4740731418132782,0.4847659468650818,0.15845727920532227,-0.6466763019561768,-0.25182288885116577,1.2125800848007202,1.6950215101242065,0.7331942319869995,-1.4063420295715332,-0.1591620147228241,0.039230529218912125,-1.158931851387024,-0.1120704859495163,0.6024630665779114,0.31207510828971863,-1.2888566255569458,-0.23187048733234406,0.7255486249923706,0.12378072738647461,0.22480960190296173,-0.5402327179908752,1.3545588254928589,0.037729766219854355
0.252627968788147,0.175470769405365,0.4492120146751404,-0.7758594155311584,0.6564276814460754,0.011065147817134857,0.278910756111145,0.6797242760658264,-0.5944415926933289,-1.6154487133026123,-0.5818755626678467,0.6161258220672607,2.7594966888427734,0.21337395906448364,-0.8107299208641052,-1.8871605396270752,0.4320850670337677,-0.013398734852671623,0.4460964798927307,0.1563730686903,0.6994674205780029,1.0074641704559326,-0.8053775429725647,-0.12236742675304413,-0.32571274042129517,0.999273419380188,-0.4020771086215973,-0.300591379404068,0.9400265216827393,0.7868865728378296
0.18910148739814758,0.20449811220169067,0.008998973295092583,-0.5149660110473633,0.16076229512691498,0.05459155887365341,-0.11678490787744522,0.3267304301261902,-0.4417340159416199,-0.5818877220153809,-0.13144341111183167,0.1691797375679016,1.2657644748687744,-0.041962482035160065,-0.11307498067617416,-0.863846480846405,0.27669408917427063,0.20891351997852325,0.22706010937690735,0.030151616781949997,0.33366623520851135,0.5526247024536133,-0.19597068428993225,0.06822017580270767,-0.07987970113754272,0.5703295469284058,-0.16391636431217194,0.030139964073896408,0.41398653388023376,0.29275208711624146
0.048424966633319855,-0.6252299547195435,-0.29749780893325806,0.6904891729354858,0.2698493003845215,-0.34076860547065735,-0.9119278192520142,0.18435503542423248,-0.655944287776947,-0.3680310547351837,0.5685041546821594,-0.2358841896057129,-0.09558844566345215,-0.9944067001342773,-0.7843786478042603,0.5702860951423645,0.3559652864933014,-0.7915254831314087,1.126665711402893,0.4863019287586212,-0.14638257026672363,0.39956703782081604,0.5337822437286377,0.2426493763923645,-0.8357312083244324,-0.035241078585386276,-0.14992043375968933,-0.30027997493743896,-0.7334016561508179,0.10838861763477325
-0.0149354487657547,-0.30140188336372375,-0.1567218005657196,0.5512585043907166,0.15710829198360443,-0.20552664995193481,-0.5777134299278259,0.10695173591375351,-0.32931873202323914,-0.08498586714267731,0.35940423607826233,-0.13292935490608215,-0.1579376757144928,-0.5895633101463318,-0.4787212312221527,0.4239254593849182,0.278615802526474,-0.5830262899398804,0.7508881688117981,0.24230383336544037,-0.08723840117454529,0.1599452942609787,0.27551668882369995,-0.013631114736199379,-0.6189500689506531,-0.0904967337846756,0.017133060842752457,-0.13326367735862732,-0.45004960894584656,0.04370846599340439
-0.13741227984428406,0.09427526593208313,-0.028771795332431793,0.3541892170906067,0.09024628251791,-0.04776548594236374,-0.11370960623025894,0.1281416416168213,0.058533694595098495,0.1658938229084015,0.11467262357473373,-0.026676665991544724,-0.14253100752830505,-0.09968874603509903,-0.11984361708164215,0.16430701315402985,0.2131701558828354,-0.47093966603279114,0.31387555599212646,0.02213149145245552,0.0024023388978093863,-0.008090777322649956,-0.04189838841557503,-0.2647305727005005,-0.4186260402202606,-0.16854025423526764,0.2081703394651413,-0.029803255572915077,-0.10415098071098328,0.02999074012041092
0.3646503686904907,0.6876056790351868,-0.0191893819719553,-0.9519981145858765,0.14889748394489288,-0.3126676082611084,1.0399714708328247,0.2787913978099823,0.5384113192558289,0.42220646142959595,-0.4420095682144165,-0.5288034677505493,0.6404991149902344,1.5781368017196655,0.7846081852912903,-1.0152018070220947,-0.30812981724739075,0.020861182361841202,-1.1368489265441895,-0.16930653154850006,0.35526707768440247,0.20630194246768951,-1.0324180126190186,-0.15705576539039612,0.8069446682929993,-0.07778150588274002,0.19469912350177765,-0.5543678402900696,1.0774537324905396,-0.16728682816028595
-0.24966703355312347,-0.9504028558731079,-0.29281142354011536,0.8934391140937805,0.43870407342910767,-0.30335667729377747,-1.1893959045410156,0.380119264125824,-1.1151560544967651,-0.9195922017097473,0.7971364259719849,0.15856900811195374,0.22613690793514252,-1.6267634630203247,-1.3326454162597656,0.7443190217018127,0.6884425282478333,-0.9204038381576538,1.7912265062332153,0.6984995007514954,-0.0840749442577362,0.5686752796173096,0.7641123533248901,0.4117059111595154,-1.5250178575515747,0.3130188286304474,-0.20420876145362854,-0.1787106692790985,-0.9580658674240112,0.38686689734458923
-0.2093883901834488,-0.9119741916656494,-0.2285996526479721,0.8552116751670837,0.4292517602443695,-0.30479925870895386,-1.0844274759292603,0.3341861069202423,-1.016897201538086,-0.9029460549354553,0.7269126772880554,0.1576751172542572,0.2626236081123352,-1.503626823425293,-1.2761152982711792,0.6513422131538391,0.641482412815094,-0.9108358025550842,1.6593940258026123,0.6643577218055725,-0.07499662786722183,0.5373961925506592,0.6780784726142883,0.36556488275527954,-1.4250924587249756,0.2762637436389923,-0.21730971336364746,-0.18467120826244354,-0.8894946575164795,0.3557649850845337
-0.1334439516067505,-0.7804592847824097,-0.14581401646137238,0.7352182865142822,0.3986375629901886,-0.28752782940864563,-0.9366641640663147,0.2669539451599121,-0.8366991281509399,-0.829735279083252,0.634555995464325,0.07439363747835159,0.25072115659713745,-1.2446110248565674,-1.1279019117355347,0.5314601063728333,0.5029277205467224,-0.820592999458313,1.43128502368927,0.5976736545562744,-0.059018559753894806,0.4852122962474823,0.5419699549674988,0.3001703917980194,-1.1981768608093262,0.18303754925727844,-0.17527224123477936,-0.20559078454971313,-0.7757919430732727,0.28728315234184265
0.33790504932403564,0.40297722816467285,0.0032679755240678787,-0.7902773022651672,0.2556869089603424,-0.1578991711139679,0.6327726244926453,0.32886889576911926,0.15553143620491028,-0.15871849656105042,-0.3681235909461975,-0.24449843168258667,1.1840661764144897,0.9136011004447937,0.21429045498371124,-1.1410515308380127,0.0037192031741142273,-0.07305268943309784,-0.5498920679092407,-0.024268915876746178,0.41091617941856384,0.5004352927207947,-0.8226454257965088,-0.0766657143831253,0.4665519595146179,0.15623228251934052,0.05018265172839165,-0.3956013321876526,0.8705482482910156,0.0940517783164978
0.3142201900482178,0.45943889021873474,0.08333394676446915,-0.8535879850387573,0.27119073271751404,-0.17701148986816406,0.7645993828773499,0.3537391722202301,0.23723536729812622,-0.16856539249420166,-0.4367329478263855,-0.1881691813468933,1.240761637687683,1.0531789064407349,0.2676008343696594,-1.2135263681411743,-0.003598087001591921,-0.1180230975151062,-0.658214807510376,-0.0004851464182138443,0.4568464756011963,0.45797935128211975,-0.943928599357605,-0.11031977832317352,0.4641663134098053,0.15603496134281158,0.0617169626057148,-0.42633339762687683,0.9660505056381226,0.11477959156036377
-0.06472785770893097,-0.6805802583694458,-0.16984163224697113,0.6145989298820496,0.3388035297393799,-0.22186261415481567,-0.8447329998016357,0.23868109285831451,-0.7661594152450562,-0.715857982635498,0.5720353126525879,0.025110729038715363,0.28827860951423645,-1.1029664278030396,-0.9750798940658569,0.39243900775909424,0.4507243037223816,-0.7005547881126404,1.2248351573944092,0.4728325307369232,-0.04949970170855522,0.5050418376922607,0.45966142416000366,0.25545579195022583,-1.005723237991333,0.1644444614648819,-0.18131741881370544,-0.17931969463825226,-0.6407305598258972,0.21749985218048096
-0.07192905247211456,-0.25401797890663147,0.08014234155416489,0.26182153820991516,0.2179936319589615,-0.058449529111385345,-0.2730039954185486,0.181953564286232,-0.30010470747947693,-0.4689406752586365,0.22499936819076538,0.139389306306839,0.4205923080444336,-0.4554123878479004,-0.5124041438102722,-0.05881793051958084,0.3045751750469208,-0.4485378861427307,0.5681524872779846,0.1819293200969696,0.08652231097221375,0.2950696647167206,-0.006058062892407179,-0.025684960186481476,-0.6049440503120422,0.07564516365528107,-0.009930012747645378,-0.07314324378967285,-0.18332847952842712,0.13065725564956665
-0.35228949785232544,-0.3963465690612793,0.5384846925735474,0.1260136514902115,0.7474789023399353,-0.16084706783294678,-0.04443889111280441,0.5042908787727356,-0.6720814108848572,-1.712766170501709,0.01171147171407938,0.5830907821655273,1.877727746963501,-0.565578818321228,-1.4155422449111938,-0.9280996322631836,0.5414943099021912,-0.286842405796051,1.1066514253616333,0.2015959471464157,0.2986934185028076,0.6951440572738647,-0.12824083864688873,-0.11440235376358032,-1.1028218269348145,0.8157477378845215,-0.1914210021495819,-0.16994009912014008,0.20587372779846191,0.7951759099960327
0.31197530031204224,0.6023771166801453,0.1881190985441208,-1.03346848487854,0.29588910937309265,-0.1835821121931076,0.9807678461074829,0.4228614568710327,0.33446604013442993,-0.18094612658023834,-0.5687156915664673,-0.12731358408927917,1.3624361753463745,1.318809151649475,0.37969154119491577,-1.3791688680648804,-0.05717482790350914,-0.09359525144100189,-0.830440104007721,-0.006571032572537661,0.583636462688446,0.4169669449329376,-1.161378264427185,-0.16958439350128174,0.5165160298347473,0.16067197918891907,0.120135098695755,-0.4865606725215912,1.157546877861023,0.14451023936271667
0.31887537240982056,0.8030217289924622,0.09154593199491501,-1.1401102542877197,0.20375961065292358,-0.19395607709884644,1.109603762626648,0.4387960135936737,0.48130613565444946,0.16970424354076385,-0.609009325504303,-0.2792457342147827,1.1445993185043335,1.6224983930587769,0.7114201188087463,-1.3390367031097412,-0.16320401430130005,0.03348824009299278,-1.0947797298431396,-0.09987334907054901,0.5695058107376099,0.2986634373664856,-1.2151281833648682,-0.21305249631404877,0.7171114087104797,0.0939980149269104,0.23229439556598663,-0.5042093396186829,1.2781038284301758,0.01639384776353836
0.34829002618789673,0.03136793524026871,0.2756078541278839,-0.6083440780639648,0.5199635028839111,-0.12159279733896255,0.10930046439170837,0.4617370367050171,-0.47388026118278503,-1.2251243591308594,-0.2844177782535553,0.22390350699424744,1.9990266561508179,0.20357730984687805,-0.5808521509170532,-1.3674391508102417,0.25775882601737976,-0.07356265187263489,0.29247981309890747,0.18467462062835693,0.4444916844367981,0.8318078517913818,-0.5906491279602051,-0.003727169707417488,-0.15705087780952454,0.6874814033508301,-0.36048272252082825,-0.36373665928840637,0.6333876848220825,0.4702683985233307
0.40698760747909546,0.9492746591567993,-0.03959677368402481,-1.3606505393981934,0.09146983921527863,0.07603397220373154,1.0205178260803223,0.5121025443077087,0.2707828879356384,0.2908332645893097,-0.7273988723754883,-0.13787242770195007,1.331242561340332,1.6069074869155884,0.9205539226531982,-1.4275641441345215,-0.10282673686742783,0.3152470886707306,-1.213249921798706,-0.17574208974838257,0.6546253561973572,0.40017083287239075,-1.1927707195281982,-0.23382863402366638,0.8306379914283752,0.2911505699157715,0.18499678373336792,-0.3869231343269348,1.4623404741287231,0.011843621730804443
0.20131158828735352,-0.050899751484394073,-0.08316689729690552,-0.2797048091888428,0.1550525575876236,-0.07184537500143051,-0.28335559368133545,0.21714891493320465,-0.5541616678237915,-0.523358166217804,0.08370386064052582,0.0275949165225029,0.8765113353729248,-0.2756030857563019,-0.25534549355506897,-0.493807315826416,0.2553690969944,0.06019062176346779,0.36226707696914673,0.07029003649950027,0.16846562922000885,0.5308128595352173,0.02911517769098282,0.15911197662353516,-0.19498521089553833,0.4544917941093445,-0.24334143102169037,-0.03104373626410961,0.16460274159908295,0.22808480262756348
0.3352133631706238,0.2962455451488495,0.07534075528383255,-0.7524120807647705,0.27521905303001404,-0.21578508615493774,0.713070273399353,0.2630682587623596,0.11997196823358536,-0.19996455311775208,-0.34070202708244324,-0.1826077401638031,1.0577447414398193,0.8817465901374817,0.16669872403144836,-1.0436581373214722,-0.03395650163292885,-0.1638471633195877,-0.5867792963981628,-0.038729485124349594,0.4043608009815216,0.4750460684299469,-0.8520443439483643,-0.08168189227581024,0.3789044916629791,0.1112474799156189,-0.009668732061982155,-0.4471907913684845,0.8608052134513855,0.08066202700138092
0.36924147605895996,0.15128956735134125,-0.17995958030223846,-0.45867565274238586,0.08178943395614624,-0.04771316051483154,-0.22728078067302704,0.24536393582820892,-0.3933067321777344,-0.2693970799446106,-0.04120580106973648,-0.18649518489837646,0.9334079027175903,0.017818640917539597,0.04151768237352371,-0.6560549736022949,0.1399919092655182,0.33563360571861267,0.08414015173912048,-0.017371928319334984,0.10667923837900162,0.5090797543525696,0.0025212736800312996,0.14967331290245056,0.1897214949131012,0.4792458415031433,-0.2284829467535019,-0.03991732746362686,0.32825222611427307,0.1852969229221344
0.0860624611377716,1.1739447116851807,-0.07947906851768494,-1.1276103258132935,-0.15281635522842407,-0.016228437423706055,1.4545971155166626,0.3479350209236145,0.7917669415473938,1.0233592987060547,-0.7676910758018494,-0.280103474855423,0.34130287170410156,1.9901458024978638,1.6438068151474,-0.8572425246238708,-0.4107311964035034,0.4127766489982605,-1.651987075805664,-0.3381553292274475,0.3542090058326721,-0.19237767159938812,-1.0111794471740723,-0.3086968958377838,1.0104502439498901,0.03173897787928581,0.3428066074848175,-0.3279559016227722,1.4310249090194702,-0.25160062313079834
-0.2173321396112442,-0.9064810872077942,-0.4840245246887207,0.7470927238464355,0.3655652105808258,-0.3775915503501892,-1.358424425125122,0.4524299204349518,-1.3456451892852783,-0.8692315816879272,0.8827928900718689,0.004953645169734955,0.24848484992980957,-1.676467776298523,-1.2342455387115479,0.7500262260437012,0.7405244708061218,-0.7332887053489685,1.8331480026245117,0.7155861258506775,-0.16833190619945526,0.6854907274246216,0.947212815284729,0.5521367788314819,-1.4581255912780762,0.509774923324585,-0.2890626788139343,-0.1568651795387268,-0.9370618462562561,0.4138070344924927
-0.23256276547908783,-0.6761863231658936,-0.24564440548419952,0.6071093082427979,0.2875128388404846,-0.25020962953567505,-1.070539116859436,0.3146885633468628,-1.0809625387191772,-0.7490518689155579,0.6756339073181152,0.16597703099250793,0.33337152004241943,-1.339146614074707,-1.0500458478927612,0.5294275283813477,0.6764414310455322,-0.5183961391448975,1.5122249126434326,0.48661085963249207,-0.07054918259382248,0.47067177295684814,0.6632012724876404,0.29719337821006775,-1.266507863998413,0.492160826921463,-0.17402541637420654,0.010022254660725594,-0.6659929752349854,0.35056620836257935
0.3557890057563782,0.6421144604682922,-0.1425226330757141,-0.7151257991790771,0.06229337677359581,-0.4462486207485199,0.9502725005149841,0.12171570211648941,0.6414594650268555,0.7510018944740295,-0.29705172777175903,-0.8082795143127441,0.0546589195728302,1.5412601232528687,0.8882507085800171,-0.6497761607170105,-0.47488319873809814,0.0096849724650383,-1.1378976106643677,-0.240437850356102,0.12941862642765045,0.06381513178348541,-0.7957108616828918,-0.10371540486812592,0.90240079164505,-0.2838875353336334,0.19190558791160583,-0.5709561109542847,0.8477194905281067,-0.35091644525527954
-0.17529019713401794,-0.9818003177642822,-0.4796789884567261,1.0699412822723389,0.3868272602558136,-0.45871058106422424,-1.4227432012557983,0.3862355351448059,-1.142085313796997,-0.6024529933929443,0.8571751117706299,-0.05859671160578728,-0.21149501204490662,-1.697978138923645,-1.2449262142181396,1.1039798259735107,0.6800885796546936,-1.1038261651992798,1.910232663154602,0.8244875073432922,-0.1739417165517807,0.4584553837776184,0.9506686329841614,0.4403364360332489,-1.5477806329727173,0.15554720163345337,-0.1642386019229889,-0.3051244020462036,-1.1583749055862427,0.34863099455833435
-0.13942962884902954,-0.9595585465431213,-0.4035438895225525,1.0370664596557617,0.38808923959732056,-0.4636586010456085,-1.3132011890411377,0.3326379060745239,-1.0548300743103027,-0.6143586039543152,0.7945013046264648,-0.048059821128845215,-0.16466061770915985,-1.5841926336288452,-1.215758204460144,1.0078215599060059,0.6340436339378357,-1.0966732501983643,1.7858786582946777,0.7859359979629517,-0.1687413454055786,0.43464353680610657,0.8657645583152771,0.395702987909317,-1.462010383605957,0.13004867732524872,-0.19291482865810394,-0.3108002245426178,-1.0906301736831665,0.32197287678718567
-0.1744954138994217,-0.685441792011261,-0.347301185131073,0.9571272134780884,0.25456738471984863,-0.31470829248428345,-1.1254278421401978,0.25309690833091736,-0.7940270900726318,-0.28337720036506653,0.6510448455810547,0.0010742396116256714,-0.2765219807624817,-1.3139210939407349,-0.947093665599823,0.9370878338813782,0.5853444337844849,-0.8588752746582031,1.524035930633545,0.5388360619544983,-0.12652717530727386,0.2151288092136383,0.7017885446548462,0.17679648101329803,-1.2445822954177856,0.06162299960851669,-0.0036452170461416245,-0.11187081784009933,-0.9070084691047668,0.2249423712491989
-0.056006938219070435,-0.7961111664772034,-0.3138766586780548,0.8882275819778442,0.34481751918792725,-0.43343356251716614,-1.1233115196228027,0.25396743416786194,-0.8266258239746094,-0.5196983218193054,0.6874585747718811,-0.14772337675094604,-0.1703939437866211,-1.275145173072815,-1.0174152851104736,0.8407785892486572,0.46702438592910767,-0.9802459478378296,1.503137469291687,0.6910165548324585,-0.1483403593301773,0.3799286186695099,0.6947333216667175,0.3244081735610962,-1.1786754131317139,0.013776300475001335,-0.13510911166667938,-0.3284362256526947,-0.9585744738578796,0.22126927971839905
-0.060245200991630554,-0.3632420003414154,-0.3982153534889221,0.6008740067481995,0.03027206100523472,0.007478982210159302,-0.9435443878173828,0.17340552806854248,-0.6297934055328369,0.033970631659030914,0.48763689398765564,0.037885844707489014,-0.25121691823005676,-1.0555098056793213,-0.47721433639526367,0.6780171990394592,0.4582732021808624,-0.414804607629776,0.9867013096809387,0.21127693355083466,-0.06542722135782242,0.20226618647575378,0.5723544955253601,0.11952203512191772,-0.7636825442314148,0.06126601994037628,0.00022457167506217957,0.12256000936031342,-0.5840058922767639,0.05321170762181282
0.37197041511535645,0.16939453780651093,-0.07097651809453964,-0.5415268540382385,0.238431915640831,-0.27514174580574036,0.44972091913223267,0.17594847083091736,0.08492747694253922,-0.09566271305084229,-0.16374599933624268,-0.40870124101638794,0.7664291262626648,0.6936075091362,0.11882981657981873,-0.7707619071006775,-0.07244741171598434,-0.17409443855285645,-0.4269788861274719,0.005464055575430393,0.20825862884521484,0.46119529008865356,-0.577404797077179,0.009963929653167725,0.4048500061035156,0.028517451137304306,-0.038996364921331406,-0.44752198457717896,0.5934169292449951,-0.01106073148548603
0.3580136299133301,0.1989118754863739,0.007347270846366882,-0.5915818810462952,0.2651131749153137,-0.289743036031723,0.5609159469604492,0.19351907074451447,0.13992200791835785,-0.1392263025045395,-0.22185048460960388,-0.34201908111572266,0.8449527025222778,0.7964075207710266,0.13555076718330383,-0.8459147214889526,-0.07066192477941513,-0.22143341600894928,-0.5044217109680176,0.026037387549877167,0.2516897916793823,0.4389297366142273,-0.6884520649909973,-0.021810811012983322,0.38847553730010986,0.039121873676776886,-0.04297855123877525,-0.4747157096862793,0.6757267713546753,0.013373520225286484
-0.08332650363445282,-0.7147688865661621,-0.20078574120998383,0.6524938344955444,0.3390786647796631,-0.23394069075584412,-0.8974671959877014,0.25667452812194824,-0.7921817302703857,-0.7169334292411804,0.6063719987869263,0.03215845674276352,0.26074784994125366,-1.167905330657959,-0.9903337955474854,0.4492471218109131,0.475475013256073,-0.7435228824615479,1.2994352579116821,0.5108462572097778,-0.0419401116669178,0.5042029619216919,0.4799898564815521,0.27693307399749756,-1.0698000192642212,0.15715216100215912,-0.15930376946926117,-0.18313667178153992,-0.6989904642105103,0.21365749835968018
0.3504832983016968,0.48579782247543335,0.05711729824542999,-0.8242135047912598,0.23088735342025757,-0.3120342493057251,0.8628697991371155,0.273980051279068,0.4031098783016205,0.07499350607395172,-0.3765120506286621,-0.4173699617385864,0.8459944128990173,1.237914800643921,0.43917813897132874,-1.0468430519104004,-0.194361612200737,-0.14754889905452728,-0.8377237319946289,-0.038344383239746094,0.3678228557109833,0.3428747355937958,-0.9411813616752625,-0.07495425641536713,0.6172803044319153,-0.050421252846717834,0.09419070184230804,-0.5315597653388977,0.9069996476173401,-0.04176592826843262
-0.10647192597389221,-0.36302730441093445,0.07361094653606415,0.3405044972896576,0.26707878708839417,-0.07933568209409714,-0.367053747177124,0.20501701533794403,-0.3982946276664734,-0.5988462567329407,0.2875916361808777,0.184899240732193,0.4805612564086914,-0.6226646304130554,-0.6583420038223267,-0.011639462783932686,0.3690991997718811,-0.5344200134277344,0.743087112903595,0.25404003262519836,0.09273581951856613,0.350482702255249,0.057992421090602875,0.02542167901992798,-0.7492851614952087,0.11181757599115372,-0.03913884609937668,-0.07916833460330963,-0.2716251015663147,0.17923621833324432
0.007280774414539337,-0.5714336037635803,-0.21598397195339203,0.5081786513328552,0.33382490277290344,-0.10611608624458313,-0.8497582674026489,0.24532009661197662,-0.7207010388374329,-0.6257588267326355,0.5353631377220154,-0.08642865717411041,0.36482149362564087,-1.0152275562286377,-0.9213987588882446,0.24360495805740356,0.387347549200058,-0.5180001854896545,1.0362274646759033,0.3466986417770386,-0.12185584753751755,0.6148374080657959,0.47509607672691345,0.2488170713186264,-0.7743854522705078,0.20285159349441528,-0.24126583337783813,-0.17168550193309784,-0.5012320280075073,0.1860458254814148
0.03978710621595383,-0.7493953108787537,-0.2789216935634613,0.7288714647293091,0.3215460777282715,-0.3920325040817261,-0.979084312915802,0.1959795206785202,-0.8086556196212769,-0.5098415017127991,0.6296067833900452,-0.21020561456680298,-0.07046152651309967,-1.1067579984664917,-0.9502108097076416,0.6435167193412781,0.3898674249649048,-0.8274332880973816,1.2378513813018799,0.5320324301719666,-0.18795907497406006,0.4499550461769104,0.625396728515625,0.2947654128074646,-0.9651207327842712,0.04426649585366249,-0.2463928759098053,-0.3368026316165924,-0.7655609250068665,0.19219794869422913
-0.00861956924200058,-0.3823252320289612,-0.11984804272651672,0.5438160300254822,0.18909412622451782,-0.2334701418876648,-0.5928047895431519,0.10924535989761353,-0.4221007227897644,-0.20021548867225647,0.3916621208190918,-0.1107434630393982,-0.10312630236148834,-0.641979455947876,-0.5733134746551514,0.41653552651405334,0.2923092544078827,-0.5882911682128906,0.7869493961334229,0.2588837146759033,-0.10170804709196091,0.20277810096740723,0.30507025122642517,0.022045407444238663,-0.6784495115280151,-0.040694743394851685,-0.04502314329147339,-0.16456322371959686,-0.4573732614517212,0.08255811035633087
0.008866094052791595,-0.35016846656799316,-0.07648079097270966,0.46514445543289185,0.1900801807641983,-0.224989116191864,-0.5010243058204651,0.1097930371761322,-0.33552348613739014,-0.22239509224891663,0.3490442633628845,-0.09234065562486649,-0.03143859654664993,-0.5485414266586304,-0.5030036568641663,0.31629228591918945,0.25409266352653503,-0.5835731029510498,0.6836286187171936,0.253677636384964,-0.06596305221319199,0.20491573214530945,0.20002378523349762,0.021977698430418968,-0.614971935749054,-0.056058261543512344,-0.04100872948765755,-0.17851780354976654,-0.3964294493198395,0.05756230279803276
-0.1333499550819397,0.06757896393537521,0.08658870309591293,0.22775156795978546,0.12760958075523376,-0.06165581941604614,0.006526993587613106,0.14705590903759003,0.07162369787693024,-0.010840900242328644,0.08727922290563583,0.044492729008197784,0.033402249217033386,-0.0393524095416069,-0.1293175220489502,-0.017739245668053627,0.2002362161874771,-0.4869649112224579,0.21972139179706573,0.03552441671490669,0.05799290910363197,0.04667866975069046,-0.170164093375206,-0.23360835015773773,-0.42279794812202454,-0.13351528346538544,0.16301245987415314,-0.08878932893276215,-0.03310457989573479,0.05167349800467491
0.12206925451755524,-0.20078682899475098,0.10773243010044098,-0.09232843667268753,0.3279821276664734,-0.18200081586837769,-0.22426646947860718,0.21792423725128174,-0.4652930498123169,-0.7843324542045593,0.13684427738189697,0.06776780635118484,0.9626935124397278,-0.21849721670150757,-0.5335626602172852,-0.4752446115016937,0.2862838804721832,-0.25111550092697144,0.48286741971969604,0.2043238878250122,0.1305023729801178,0.5176557302474976,-0.14071017503738403,0.031016672030091286,-0.41754457354545593,0.39416247606277466,-0.21010509133338928,-0.18979975581169128,0.10682935267686844,0.23020708560943604
-0.21652887761592865,-0.43096375465393066,0.3024817705154419,0.26026514172554016,0.5789259076118469,-0.28984710574150085,-0.2505188584327698,0.34656742215156555,-0.5389418005943298,-1.1837942600250244,0.23557591438293457,0.15218585729599,1.100430965423584,-0.504865288734436,-1.1045116186141968,-0.41343674063682556,0.37689530849456787,-0.33835864067077637,0.9404476881027222,0.25542742013931274,0.06545230001211166,0.5017185211181641,0.08667252212762833,-0.012815136462450027,-0.88535076379776,0.5011672973632812,-0.11917369067668915,-0.2557372748851776,-0.06294688582420349,0.5129621028900146
-0.346568763256073,-0.11619295179843903,0.6246253252029419,0.036518000066280365,0.5919178128242493,-0.18096855282783508,0.1927977204322815,0.4060884416103363,-0.2642480432987213,-1.2577170133590698,-0.10766807943582535,0.46152520179748535,1.4896193742752075,-0.11220616102218628,-0.9557305574417114,-0.8699080944061279,0.40358948707580566,-0.27113035321235657,0.6496689915657043,0.1295693814754486,0.2729792892932892,0.3829570710659027,-0.32428717613220215,-0.29355305433273315,-0.8631383776664734,0.569573163986206,0.017361674457788467,-0.17030565440654755,0.3288516402244568,0.6544507145881653
-0.042825400829315186,-0.21310897171497345,-0.34085261821746826,0.5001765489578247,0.021755214780569077,0.06819958239793777,-0.780242383480072,0.1542082577943802,-0.48294442892074585,0.11701490730047226,0.3901473879814148,-0.03422008827328682,-0.18016129732131958,-0.8192734718322754,-0.3871203660964966,0.4982503056526184,0.3765937387943268,-0.2826254069805145,0.7591155171394348,0.0926666334271431,-0.0851190984249115,0.20430494844913483,0.46562090516090393,0.025168731808662415,-0.5707444548606873,0.04054306447505951,0.03384866192936897,0.12674373388290405,-0.41921672224998474,0.029801055788993835
0.3152672052383423,0.8478776216506958,0.15372754633426666,-1.238822340965271,0.22074313461780548,-0.22277936339378357,1.1961153745651245,0.4841445982456207,0.5301508903503418,0.1381552815437317,-0.6582973003387451,-0.23308047652244568,1.21039879322052,1.7202274799346924,0.7633703947067261,-1.4313180446624756,-0.17216366529464722,0.04134436324238777,-1.1697678565979004,-0.08568239957094193,0.6258803606033325,0.2701871395111084,-1.3198925256729126,-0.21245677769184113,0.7146406769752502,0.1235084980726242,0.24926523864269257,-0.5519434213638306,1.349193811416626,0.04804791882634163
0.4006143808364868,0.9585302472114563,-0.12596097588539124,-1.2678041458129883,0.05074991285800934,-0.03413175791501999,1.0658437013626099,0.45222732424736023,0.44056084752082825,0.576601505279541,-0.621436595916748,-0.40778881311416626,0.961308479309082,1.7345157861709595,1.0347787141799927,-1.2838746309280396,-0.22298045456409454,0.28883057832717896,-1.3561220169067383,-0.2441471368074417,0.5166821479797363,0.30885908007621765,-1.1366944313049316,-0.2000730335712433,0.9740146398544312,0.1055564284324646,0.22961609065532684,-0.4586975872516632,1.364908218383789,-0.15134380757808685
0.36322277784347534,0.7244307398796082,0.03152834624052048,-1.0402417182922363,0.1621723771095276,-0.341074138879776,1.1174010038375854,0.31453102827072144,0.5847604274749756,0.40418845415115356,-0.4751673936843872,-0.49717196822166443,0.6805053353309631,1.6682279109954834,0.8409865498542786,-1.088469386100769,-0.32118138670921326,0.037665676325559616,-1.2142860889434814,-0.16362735629081726,0.39630094170570374,0.1751207411289215,-1.1209707260131836,-0.15295064449310303,0.8107461333274841,-0.05268004536628723,0.21048559248447418,-0.5978832840919495,1.1365031003952026,-0.14999550580978394
0.41051918268203735,-0.12522605061531067,0.13838504254817963,-0.42537105083465576,0.422871857881546,-0.24798864126205444,-0.04168248921632767,0.28764867782592773,-0.42535921931266785,-0.9351492524147034,-0.049422264099121094,-0.06533242762088776,1.3789091110229492,0.12701469659805298,-0.4625958502292633,-0.913531482219696,0.130327969789505,-0.15216182172298431,0.23049935698509216,0.20930452644824982,0.22900092601776123,0.7030957937240601,-0.3702203035354614,0.0993628203868866,-0.08390815556049347,0.4513556659221649,-0.36397644877433777,-0.41575953364372253,0.3695874512195587,0.26515746116638184
0.22018425166606903,-0.23209521174430847,-0.18611106276512146,-0.07586175948381424,0.1190304309129715,-0.21118882298469543,-0.42802780866622925,0.12888473272323608,-0.6017084121704102,-0.3739207983016968,0.2560211718082428,-0.1497703194618225,0.4413629472255707,-0.41953715682029724,-0.3033917248249054,-0.12653103470802307,0.2106248438358307,-0.09377428889274597,0.43880099058151245,0.124148428440094,0.024493716657161713,0.46066105365753174,0.22704662382602692,0.2382810264825821,-0.25323694944381714,0.2981419265270233,-0.28258848190307617,-0.10673284530639648,-0.05802501365542412,0.14671529829502106
0.3562886118888855,0.2687583863735199,-0.09095494449138641,-0.5334383845329285,0.16138631105422974,-0.37592628598213196,0.592685878276825,0.11118768155574799,0.27441176772117615,0.20797672867774963,-0.15020936727523804,-0.5622246265411377,0.3632141947746277,0.9019775986671448,0.3586309552192688,-0.6241248250007629,-0.23008820414543152,-0.22691036760807037,-0.6499110460281372,-0.05860118940472603,0.16179735958576202,0.3211015462875366,-0.6158493757247925,0.006168239749968052,0.5358123779296875,-0.174704909324646,0.019582998007535934,-0.509634792804718,0.5929161310195923,-0.16769585013389587
0.1878986358642578,0.029660431668162346,-0.42806535959243774,0.042148344218730927,-0.10877964645624161,-0.12959757447242737,-0.46988779306411743,0.10194014757871628,-0.3494812250137329,0.3284316956996918,0.21324729919433594,-0.32207751274108887,-0.04253081977367401,-0.2700609564781189,0.10339802503585815,0.18657724559307098,0.1749873161315918,0.1645316481590271,0.2900043725967407,-0.06012687459588051,-0.09712611138820648,0.14764246344566345,0.36718419194221497,0.11090746521949768,0.028286181390285492,0.17634619772434235,-0.026223432272672653,0.1372472047805786,-0.05882969871163368,-0.016395850107073784
-0.24861262738704681,-1.0935090780258179,-0.32485994696617126,1.009886384010315,0.48453283309936523,-0.3832768201828003,-1.269821047782898,0.37381118535995483,-1.2856978178024292,-0.9441877603530884,0.8536728024482727,0.14200028777122498,0.09801293164491653,-1.7854008674621582,-1.497267246246338,0.8932871222496033,0.7393873929977417,-1.0881620645523071,1.9100713729858398,0.7319861650466919,-0.12799984216690063,0.6089130640029907,0.9032602906227112,0.43456143140792847,-1.6817880868911743,0.3037918508052826,-0.3273596465587616,-0.2785397469997406,-1.0235023498535156,0.47604119777679443
-0.19512297213077545,-0.7929422855377197,-0.3001917898654938,0.9267848134040833,0.325827956199646,-0.2498328685760498,-1.0227253437042236,0.2625795304775238,-0.9195531606674194,-0.48383355140686035,0.656306266784668,0.12487391382455826,-0.048675693571567535,-1.411394715309143,-1.1214561462402344,0.7914468050003052,0.6564683318138123,-0.8608786463737488,1.5082095861434937,0.4575638473033905,-0.09701354056596756,0.3584285080432892,0.7028447985649109,0.18643279373645782,-1.3114427328109741,0.16394028067588806,-0.13732804358005524,-0.08405126631259918,-0.803961992263794,0.3091655671596527
-0.5844067931175232,-1.0552887916564941,-0.09482236206531525,1.277130365371704,0.6317967772483826,-0.3507801592350006,-1.1286661624908447,0.448585569858551,-1.0710570812225342,-0.9366769194602966,0.7862558364868164,0.2784918248653412,0.10731088370084763,-1.750414252281189,-1.7790783643722534,0.9439301490783691,0.7946370244026184,-1.011849045753479,2.1146175861358643,0.640845000743866,-0.13511832058429718,0.3456266224384308,0.8853548765182495,0.18917278945446014,-1.94291353225708,0.3266938328742981,-0.010224418714642525,-0.20598071813583374,-1.0593938827514648,0.6399176716804504
-0.20728497207164764,-1.0428998470306396,-0.21466168761253357,0.9402471780776978,0.47741779685020447,-0.37201687693595886,-1.0929189920425415,0.3032512068748474,-1.151776909828186,-0.9567064046859741,0.7538711428642273,0.16447648406028748,0.18797840178012848,-1.6169140338897705,-1.4351537227630615,0.7160540819168091,0.6767804622650146,-1.060072898864746,1.7153130769729614,0.6645539999008179,-0.1029011607170105,0.5816953182220459,0.7614452242851257,0.36911994218826294,-1.5460782051086426,0.26241540908813477,-0.3454922139644623,-0.2788170278072357,-0.9199984073638916,0.4293680787086487
-0.2647154927253723,-1.11005699634552,-0.1384688913822174,0.9658940434455872,0.5570875406265259,-0.3921964168548584,-1.0524704456329346,0.32851406931877136,-1.1779013872146606,-1.1362518072128296,0.7661619782447815,0.21854987740516663,0.27707189321517944,-1.6677178144454956,-1.5746179819107056,0.6712474226951599,0.6840097904205322,-1.1334166526794434,1.8106917142868042,0.7143117189407349,-0.08199884742498398,0.6268779039382935,0.7420477867126465,0.3912391662597656,-1.6519770622253418,0.27264636754989624,-0.3497265875339508,-0.3348444998264313,-0.9688274264335632,0.48791274428367615
0.3879704475402832,-0.059794485569000244,-0.2891941964626312,-0.22065360844135284,0.048910703510046005,-0.1878679394721985,-0.3924313187599182,0.1288672536611557,-0.44810500741004944,-0.11568297445774078,0.15637928247451782,-0.3777506351470947,0.46056562662124634,-0.15602543950080872,-0.037437230348587036,-0.23502247035503387,0.08888531476259232,0.19424766302108765,0.18050320446491241,0.028632033616304398,-0.07113619893789291,0.4297226369380951,0.2343405932188034,0.23293723165988922,0.1242293268442154,0.3201465606689453,-0.2797626554965973,-0.09190535545349121,0.08334019780158997,0.10445944964885712
0.3384894132614136,0.09167778491973877,-0.21064388751983643,-0.3894606828689575,0.0794343426823616,-0.06102282553911209,-0.30747073888778687,0.23685815930366516,-0.42487576603889465,-0.2874510884284973,0.02632204256951809,-0.1934909075498581,0.8665933609008789,-0.0838356614112854,-0.01254652626812458,-0.559914231300354,0.16213007271289825,0.2893243730068207,0.18455013632774353,0.02039026841521263,0.08203866332769394,0.5071092844009399,0.05606793239712715,0.18187952041625977,0.11683602631092072,0.4630086421966553,-0.2189491242170334,-0.026070350781083107,0.23340420424938202,0.17600679397583008
0.3475370407104492,0.32296493649482727,0.05277024209499359,-0.7606838345527649,0.26155948638916016,-0.21022796630859375,0.7146484851837158,0.260781466960907,0.11344369500875473,-0.1545354574918747,-0.3522171080112457,-0.21075114607810974,1.0522758960723877,0.9159131050109863,0.19612981379032135,-1.04600191116333,-0.037751488387584686,-0.11961740255355835,-0.60519939661026,-0.05791991949081421,0.4039798974990845,0.46174824237823486,-0.844382643699646,-0.10017280280590057,0.41073861718177795,0.11447890102863312,0.009969819337129593,-0.43815135955810547,0.8766710162162781,0.07104088366031647
0.28249937295913696,0.45769554376602173,0.18961143493652344,-0.8513169288635254,0.29596319794654846,-0.30990076065063477,0.9601936936378479,0.29918670654296875,0.3860747218132019,-0.13238845765590668,-0.4308663010597229,-0.23990806937217712,1.0105243921279907,1.2010869979858398,0.3136122524738312,-1.1565372943878174,-0.13786530494689941,-0.2423868030309677,-0.7890063524246216,-0.00620162021368742,0.46611329913139343,0.3611716628074646,-1.0504124164581299,-0.10410936176776886,0.46732205152511597,-0.011691074818372726,0.08385072648525238,-0.5384136438369751,0.9561557173728943,0.0664094090461731
0.3260653018951416,0.46058690547943115,0.09366104006767273,-0.8821848034858704,0.23715843260288239,-0.26745206117630005,0.8671647906303406,0.29862797260284424,0.3182171583175659,-0.02908734232187271,-0.3937773108482361,-0.26718825101852417,0.9539549350738525,1.151887059211731,0.3989969789981842,-1.112099051475525,-0.1237083151936531,-0.14126242697238922,-0.804558515548706,-0.05590413883328438,0.44125404953956604,0.3748070001602173,-0.9940682649612427,-0.0861278772354126,0.5160204172134399,0.02851688116788864,0.08751817047595978,-0.5089954733848572,0.9446970224380493,0.010155592113733292
0.18743273615837097,-0.3289102613925934,-0.1654501110315323,-0.034258611500263214,0.17622004449367523,-0.19696161150932312,-0.4821518659591675,0.15028898417949677,-0.7470489144325256,-0.5461728572845459,0.2886089086532593,-0.057061679661273956,0.5614571571350098,-0.5698529481887817,-0.4828558564186096,-0.132912740111351,0.28333166241645813,-0.11921446025371552,0.5779132843017578,0.14019176363945007,0.018961137160658836,0.5435565710067749,0.2872219979763031,0.25531840324401855,-0.39983615279197693,0.4001806974411011,-0.3624158799648285,-0.09626083821058273,-0.07775955647230148,0.2414599508047104
0.41454702615737915,0.596625804901123,-0.027929509058594704,-1.0699028968811035,0.21174530684947968,0.0515027716755867,0.7172729969024658,0.4560227394104004,0.09437370300292969,-0.06494326144456863,-0.5071847438812256,-0.14001566171646118,1.4113590717315674,1.0834968090057373,0.39262375235557556,-1.376754879951477,0.024808185175061226,0.07207393646240234,-0.8110710382461548,-0.11172472685575485,0.5509840250015259,0.6204819679260254,-0.976142942905426,-0.11767533421516418,0.6058393120765686,0.24931952357292175,0.030505407601594925,-0.38530099391937256,1.1487905979156494,0.08895963430404663
0.32090020179748535,0.4709123373031616,-0.601864755153656,-0.2312583178281784,-0.4069761335849762,-0.275257408618927,-0.08294788748025894,0.01486197393387556,0.2160893976688385,1.2105270624160767,-0.03650888800621033,-0.8186046481132507,-0.5672188997268677,0.4252798557281494,0.9011464715003967,0.11574644595384598,-0.28046372532844543,0.6867343783378601,-0.42768484354019165,-0.3716759979724884,-0.16944807767868042,-0.24083489179611206,0.25717979669570923,0.15562503039836884,0.837190568447113,-0.08397706598043442,0.15301597118377686,0.1196877732872963,0.15148648619651794,-0.3166317939758301
-0.0768338292837143,-0.7063425183296204,-0.2058161348104477,0.6672837138175964,0.3424715995788574,-0.23815637826919556,-0.921271562576294,0.2511349022388458,-0.8095858693122864,-0.7010323405265808,0.6104974746704102,0.013344302773475647,0.2306063324213028,-1.169047474861145,-1.0088104009628296,0.48819899559020996,0.47452014684677124,-0.7222780585289001,1.3052916526794434,0.5066903829574585,-0.07059220969676971,0.4949793815612793,0.5289090871810913,0.27389243245124817,-1.0624903440475464,0.1736219972372055,-0.17930343747138977,-0.17347218096256256,-0.6898780465126038,0.23920054733753204
-0.07226389646530151,-0.706351101398468,-0.21447442471981049,0.6749961972236633,0.33898553252220154,-0.24225455522537231,-0.9336730241775513,0.24971771240234375,-0.8092249035835266,-0.685116171836853,0.6138439178466797,0.0030872970819473267,0.21086178719997406,-1.170554518699646,-1.0049376487731934,0.5073646306991577,0.47180745005607605,-0.720261812210083,1.3089889287948608,0.5084991455078125,-0.07854461669921875,0.48792579770088196,0.5394657850265503,0.2742561399936676,-1.0596293210983276,0.17065350711345673,-0.178437739610672,-0.17304058372974396,-0.696369469165802,0.2378440648317337
-0.13669687509536743,-0.4801054000854492,-0.12124980986118317,0.5390321612358093,0.22133506834506989,-0.0421651266515255,-0.6315653324127197,0.23109668493270874,-0.594857394695282,-0.45558953285217285,0.4142044484615326,0.2108091115951538,0.26795628666877747,-0.9393157958984375,-0.7267502546310425,0.30855754017829895,0.48602768778800964,-0.4913981854915619,0.966840386390686,0.2403271645307541,0.014532055705785751,0.31052103638648987,0.36024904251098633,0.07998780906200409,-0.885462760925293,0.17989876866340637,-0.05435257405042648,0.04103653132915497,-0.4340106248855591,0.18779292702674866
-0.5934798717498779,-0.641593873500824,0.33703356981277466,0.6646032333374023,0.6071450710296631,-0.21369120478630066,-0.49740898609161377,0.36925533413887024,-0.8290968537330627,-1.2720167636871338,0.4133131504058838,0.5318073034286499,0.9154078364372253,-1.0781461000442505,-1.489521861076355,0.020987825468182564,0.6930126547813416,-0.5162786841392517,1.5006979703903198,0.30358412861824036,0.06939569860696793,0.38037386536598206,0.3489498198032379,-0.07110683619976044,-1.5428110361099243,0.62007737159729,-0.0263955220580101,-0.020969968289136887,-0.35376259684562683,0.6579174995422363
-0.10685703158378601,-0.40590450167655945,-0.17217716574668884,0.44537121057510376,0.15650011599063873,0.06975168734788895,-0.6882464289665222,0.21919697523117065,-0.6367499232292175,-0.3930067718029022,0.4151366055011749,0.23019692301750183,0.25077417492866516,-0.9709227085113525,-0.6445901989936829,0.2999824285507202,0.47670888900756836,-0.380928635597229,0.9165697693824768,0.19232085347175598,0.02972787246108055,0.3538803160190582,0.3797227442264557,0.11355294287204742,-0.8135262727737427,0.19907715916633606,-0.06948703527450562,0.11675095558166504,-0.40552133321762085,0.1646575927734375
-0.25011664628982544,-0.9502900242805481,-0.2886374592781067,0.8899198770523071,0.43984830379486084,-0.3030712306499481,-1.1841001510620117,0.3786647915840149,-1.115122675895691,-0.9252538084983826,0.7955275774002075,0.16127628087997437,0.2324005365371704,-1.6235458850860596,-1.3343703746795654,0.7380805611610413,0.6879762411117554,-0.9188936352729797,1.7876691818237305,0.6969221234321594,-0.08271893858909607,0.5700982809066772,0.7605740427970886,0.4109933078289032,-1.5238065719604492,0.31529393792152405,-0.20616719126701355,-0.17853428423404694,-0.9538275599479675,0.3871346116065979
0.3393792510032654,0.40625154972076416,0.005271414294838905,-0.7961829304695129,0.25591909885406494,-0.1580314040184021,0.6380360722541809,0.3299344778060913,0.15738649666309357,-0.15823347866535187,-0.37264344096183777,-0.2418726086616516,1.1881402730941772,0.919158399105072,0.2185841202735901,-1.1461726427078247,0.00305237527936697,-0.07019439339637756,-0.5552054047584534,-0.025320343673229218,0.4137275218963623,0.4991615414619446,-0.8271992802619934,-0.07757312059402466,0.4685344696044922,0.15874044597148895,0.04998849704861641,-0.3965294361114502,0.8762195706367493,0.09673617780208588
-0.04659649729728699,-0.23691639304161072,0.27193644642829895,-0.1287333369255066,0.49111324548721313,-0.05651140213012695,-0.19102752208709717,0.3704390525817871,-0.6872149705886841,-1.3005118370056152,0.03527133911848068,0.46088337898254395,1.6161824464797974,-0.4459521174430847,-0.9131550788879395,-0.8118921518325806,0.5007838606834412,-0.24486106634140015,0.8010481595993042,0.230839803814888,0.3064534366130829,0.7167328596115112,-0.20922698080539703,0.0037911096587777138,-0.7503620982170105,0.7057914733886719,-0.27927085757255554,-0.08429529517889023,0.22409139573574066,0.5189360976219177
0.09713704138994217,-0.34612855315208435,0.18156054615974426,-0.2072032243013382,0.6523008346557617,-0.1481826901435852,-0.24750259518623352,0.4864000976085663,-0.8398728966712952,-1.629636526107788,0.030919600278139114,0.3392283022403717,1.9820619821548462,-0.5155256986618042,-1.1511870622634888,-1.0810673236846924,0.4749864339828491,-0.28766971826553345,0.9700350165367126,0.3129023015499115,0.2969017028808594,1.025894284248352,-0.17981475591659546,0.184486523270607,-0.6860471963882446,0.8216719627380371,-0.4922778010368347,-0.2901434600353241,0.20795762538909912,0.6343021392822266
0.1254863291978836,-0.29830703139305115,0.26081451773643494,-0.25675255060195923,0.6479912400245667,-0.16713091731071472,-0.1327608823776245,0.46750035881996155,-0.7387201189994812,-1.6053223609924316,-0.060454145073890686,0.36420154571533203,2.0366289615631104,-0.3694271445274353,-1.0869195461273193,-1.1677510738372803,0.4503733515739441,-0.30313509702682495,0.840091347694397,0.31813859939575195,0.3347000777721405,0.9658815860748291,-0.29434242844581604,0.13168567419052124,-0.6213645339012146,0.7960414886474609,-0.4821823239326477,-0.31139764189720154,0.2934390902519226,0.6282787322998047
0.31398171186447144,0.8093128800392151,0.0815356969833374,-1.1300950050354004,0.19547758996486664,-0.19614636898040771,1.103681206703186,0.43477657437324524,0.49216336011886597,0.19030027091503143,-0.6020981073379517,-0.29843631386756897,1.1205449104309082,1.626447319984436,0.7199462056159973,-1.327348232269287,-0.1702827662229538,0.033784445375204086,-1.0949403047561646,-0.1026463657617569,0.5617932677268982,0.29276666045188904,-1.2064601182937622,-0.21147753298282623,0.728708803653717,0.07954682409763336,0.24070753157138824,-0.5011399388313293,1.2668787240982056,0.002307988703250885
0.315269410610199,0.8005339503288269,0.07176384329795837,-1.1129671335220337,0.19134080410003662,-0.19610512256622314,1.0857492685317993,0.42756387591362,0.48825275897979736,0.19797557592391968,-0.5897148847579956,-0.31244736909866333,1.1024090051651,1.6126097440719604,0.714337944984436,-1.3100961446762085,-0.1723417192697525,0.035634610801935196,-1.0840224027633667,-0.10434912890195847,0.5479954481124878,0.2932223081588745,-1.1882195472717285,-0.2092665284872055,0.731765627861023,0.07338802516460419,0.2400524765253067,-0.4977155029773712,1.2495304346084595,-0.008334406651556492
-0.05579570680856705,-0.6690489649772644,-0.1620040237903595,0.5970506072044373,0.3353199362754822,-0.21766027808189392,-0.8214111924171448,0.23309175670146942,-0.7482448220252991,-0.7110448479652405,0.5585315823554993,0.022242389619350433,0.3001607656478882,-1.0758939981460571,-0.9579185843467712,0.36497992277145386,0.4397120177745819,-0.6905745267868042,1.1934417486190796,0.46001753211021423,-0.04583133012056351,0.5055571794509888,0.4376900792121887,0.24801041185855865,-0.9795258045196533,0.15899516642093658,-0.1820446252822876,-0.18162044882774353,-0.6228958964347839,0.20804424583911896
-0.07947291433811188,-0.26864659786224365,0.06276973336935043,0.2895471751689911,0.21742260456085205,-0.06121297925710678,-0.3087419867515564,0.1836555302143097,-0.32041725516319275,-0.46239107847213745,0.24465647339820862,0.13624173402786255,0.3971649706363678,-0.4928461015224457,-0.5292761325836182,-0.020075537264347076,0.3178897798061371,-0.45573586225509644,0.6076011657714844,0.19279782474040985,0.07823038101196289,0.29185566306114197,0.026370573788881302,-0.017311347648501396,-0.6290775537490845,0.07731720060110092,-0.005242574959993362,-0.06463027000427246,-0.21224462985992432,0.1328495889902115
-0.27678632736206055,-0.5652462840080261,0.35724231600761414,0.31572476029396057,0.6634014844894409,-0.28697824478149414,-0.27334386110305786,0.3719913065433502,-0.7048896551132202,-1.4240552186965942,0.257364958524704,0.30136051774024963,1.2670304775238037,-0.6856698393821716,-1.340066909790039,-0.4311036765575409,0.45557960867881775,-0.3970061242580414,1.1179083585739136,0.2769785523414612,0.0878007560968399,0.5956152677536011,0.12078677117824554,0.0038986150175333023,-1.0855391025543213,0.618537187576294,-0.21303339302539825,-0.2550131380558014,-0.0767117291688919,0.6280320286750793
0.2143860012292862,-0.08436314016580582,0.3423858880996704,-0.46864694356918335,0.6184055805206299,-0.14736200869083405,0.05539993196725845,0.49591711163520813,-0.5301978588104248,-1.499295949935913,-0.23271745443344116,0.3181604743003845,2.1352407932281494,-0.026078270748257637,-0.862432599067688,-1.3931937217712402,0.3465198874473572,-0.24319720268249512,0.5707632899284363,0.2941587269306183,0.45642924308776855,0.9099076986312866,-0.5313082337379456,0.05824354290962219,-0.3800996243953705,0.7078620195388794,-0.392037034034729,-0.3636360466480255,0.4853522479534149,0.5831968784332275
0.3668316602706909,0.616270899772644,0.1200002133846283,-1.0581037998199463,0.2779141068458557,-0.1593245565891266,0.979289174079895,0.42723196744918823,0.2863367199897766,-0.08148735761642456,-0.5724862813949585,-0.16531603038311005,1.3414441347122192,1.3663331270217896,0.44873324036598206,-1.3541123867034912,-0.06355294585227966,-0.023615898564457893,-0.8909475207328796,-0.05979415774345398,0.5690229535102844,0.4282471239566803,-1.145237684249878,-0.19972191751003265,0.5683306455612183,0.18392130732536316,0.12157377600669861,-0.4907519519329071,1.2151298522949219,0.11344218254089355
0.3198537230491638,0.8017904758453369,0.09114348888397217,-1.1397136449813843,0.20389224588871002,-0.19389057159423828,1.1084771156311035,0.4382546544075012,0.48002728819847107,0.16947874426841736,-0.6086212396621704,-0.27915671467781067,1.1445279121398926,1.6210532188415527,0.7110154628753662,-1.338239073753357,-0.16298364102840424,0.03452667221426964,-1.0942686796188354,-0.10012169182300568,0.5686717629432678,0.29887428879737854,-1.213840365409851,-0.2128729224205017,0.7168982028961182,0.09503130614757538,0.2313815802335739,-0.5041287541389465,1.2776533365249634,0.016711004078388214
0.3122924566268921,0.0063691213726997375,0.25708577036857605,-0.5484718680381775,0.512525737285614,-0.12383249402046204,0.037769488990306854,0.44787147641181946,-0.4861011803150177,-1.2299721240997314,-0.22423696517944336,0.20452818274497986,1.9274327754974365,0.12673735618591309,-0.605247974395752,-1.2825137376785278,0.27023789286613464,-0.09888988733291626,0.36625558137893677,0.2193622887134552,0.4157147705554962,0.8196113109588623,-0.5183395743370056,0.026785682886838913,-0.20386311411857605,0.6672043800354004,-0.3444169759750366,-0.33972951769828796,0.5523538589477539,0.4600411653518677
0.4215761423110962,-0.08947425335645676,0.1186666339635849,-0.43062272667884827,0.3950818181037903,-0.2582050561904907,-0.04362105578184128,0.2766701281070709,-0.36306482553482056,-0.84902423620224,-0.03471529856324196,-0.1319034993648529,1.290204644203186,0.1901652216911316,-0.3827613890171051,-0.8780477046966553,0.09804695099592209,-0.14868353307247162,0.17548683285713196,0.21416640281677246,0.21295449137687683,0.6614551544189453,-0.377593070268631,0.10005821287631989,-0.023360393941402435,0.39556384086608887,-0.32235875725746155,-0.4243638813495636,0.3544901907444,0.2063518613576889
0.4711766839027405,0.511238157749176,0.10001955181360245,-1.0520045757293701,0.3021520674228668,0.24007532000541687,0.08573172986507416,0.6227514147758484,-0.4700678288936615,-0.8584578037261963,-0.52849942445755,0.2835092842578888,2.2054286003112793,0.4360477924346924,-0.03490300476551056,-1.6737271547317505,0.24860751628875732,0.34045568108558655,-0.0796625092625618,0.030174843966960907,0.6111982464790344,0.9171141386032104,-0.6507534980773926,-0.013633159920573235,0.233287513256073,0.8269643783569336,-0.32667413353919983,-0.19526785612106323,0.9866447448730469,0.423279732465744
0.3255252242088318,0.7847318053245544,0.08283225446939468,-1.1218920946121216,0.2037488967180252,-0.1925290822982788,1.0857365131378174,0.4300069808959961,0.46624013781547546,0.16606397926807404,-0.5960630774497986,-0.2862805724143982,1.1364835500717163,1.5958284139633179,0.6956964135169983,-1.3224109411239624,-0.16004401445388794,0.0353095717728138,-1.076080560684204,-0.10010278224945068,0.5559707283973694,0.3049677312374115,-1.1928735971450806,-0.20954056084156036,0.7131546139717102,0.09510475397109985,0.22445525228977203,-0.5002385973930359,1.259702444076538,0.013027027249336243
-0.0049383267760276794,-0.3558650016784668,-0.17871730029582977,0.0382973849773407,0.24588464200496674,-0.09731116890907288,-0.6286293864250183,0.29699963331222534,-0.8763378262519836,-0.8093454241752625,0.3567858636379242,0.13588038086891174,0.8290572166442871,-0.865037202835083,-0.673831045627594,-0.1996421068906784,0.47719714045524597,-0.1816685050725937,0.9371463656425476,0.2576727569103241,0.09474929422140121,0.6583528518676758,0.3573111295700073,0.3245658874511719,-0.6933632493019104,0.53954017162323,-0.29147976636886597,0.0016723284497857094,-0.214628666639328,0.36151477694511414
0.008028905838727951,-0.3317986726760864,-0.12505793571472168,0.016717661172151566,0.2519127130508423,-0.11286850273609161,-0.5568514466285706,0.2805314064025879,-0.811206042766571,-0.8133776187896729,0.30935317277908325,0.1530933976173401,0.8669313192367554,-0.7778586149215698,-0.6440138816833496,-0.2558806538581848,0.46171700954437256,-0.20435558259487152,0.8644561171531677,0.26373615860939026,0.11451639235019684,0.6288378238677979,0.2826900780200958,0.2903883159160614,-0.6567085385322571,0.5237200260162354,-0.2883928716182709,-0.014905724674463272,-0.1669076830148697,0.34517577290534973
-0.13939373195171356,-0.7961621284484863,-0.24533341825008392,0.7623518705368042,0.3671835958957672,-0.2687981128692627,-1.0414539575576782,0.29224851727485657,-0.9185230135917664,-0.7572088837623596,0.6872954964637756,0.06270433217287064,0.19002963602542877,-1.3431153297424316,-1.1151448488235474,0.6199703812599182,0.5517946481704712,-0.796147346496582,1.4936515092849731,0.5855435132980347,-0.07772921770811081,0.49913835525512695,0.6260625720024109,0.3250581622123718,-1.237861156463623,0.21630191802978516,-0.17516973614692688,-0.16898903250694275,-0.8054807782173157,0.28350844979286194
0.04882262647151947,-0.4398246109485626,-0.2204274833202362,0.36918845772743225,0.1958911120891571,-0.08611096441745758,-0.6712358593940735,0.23600903153419495,-0.5651435852050781,-0.43836772441864014,0.4203272759914398,-0.03036746382713318,0.31254222989082336,-0.8040183782577515,-0.5520599484443665,0.185264453291893,0.3360241651535034,-0.427446573972702,0.805735170841217,0.28552281856536865,-0.010375844314694405,0.43999505043029785,0.35359665751457214,0.21264491975307465,-0.6065312623977661,0.1289452761411667,-0.13683438301086426,-0.09614739567041397,-0.3986743092536926,0.0829860121011734
-0.14320866763591766,-0.812639057636261,-0.19735035300254822,0.7695420980453491,0.39791548252105713,-0.28854256868362427,-1.0141249895095825,0.2848531901836395,-0.9054983258247375,-0.8235461115837097,0.6768313050270081,0.07358302921056747,0.22419306635856628,-1.327510118484497,-1.1621390581130981,0.6008642911911011,0.5389087796211243,-0.8255030512809753,1.5056277513504028,0.6131986975669861,-0.0758892372250557,0.5029160976409912,0.6060673594474792,0.3243856132030487,-1.2528839111328125,0.2141014039516449,-0.1876135766506195,-0.1924842894077301,-0.8105913400650024,0.30365926027297974
-0.15215696394443512,-0.5619056224822998,-0.11203289777040482,0.6326011419296265,0.27439120411872864,-0.13384243845939636,-0.7223828434944153,0.21566332876682281,-0.6608726978302002,-0.5238303542137146,0.48596587777137756,0.15275493264198303,0.21113595366477966,-1.0038753747940063,-0.887958288192749,0.43022024631500244,0.49634021520614624,-0.5867139101028442,1.1288338899612427,0.3260028064250946,-0.032665152102708817,0.325214147567749,0.3995305597782135,0.09261801838874817,-1.0079336166381836,0.17466458678245544,-0.06336309015750885,-0.015381043776869774,-0.5284096598625183,0.23371194303035736
0.2022470235824585,-0.07822972536087036,-0.11778570711612701,-0.2485465109348297,0.14290903508663177,-0.08406262844800949,-0.3273664712905884,0.215035542845726,-0.5688103437423706,-0.49433600902557373,0.12223777174949646,-0.007438048720359802,0.8188523650169373,-0.3097153306007385,-0.25824999809265137,-0.429360568523407,0.2547670304775238,0.05229715630412102,0.3958355188369751,0.0835229754447937,0.14564232528209686,0.5252634286880493,0.06340167671442032,0.17885839939117432,-0.20768368244171143,0.43462610244750977,-0.23098501563072205,-0.03014649637043476,0.11845161765813828,0.21074868738651276
0.17751434445381165,-0.380436509847641,0.20275184512138367,-0.20461782813072205,0.5823606252670288,-0.22333067655563354,-0.17571021616458893,0.36587560176849365,-0.7164547443389893,-1.4193912744522095,0.06359469890594482,0.22291690111160278,1.6437592506408691,-0.38413527607917786,-0.9793065786361694,-0.9246315956115723,0.356839656829834,-0.39222922921180725,0.7390400767326355,0.3121100068092346,0.27344462275505066,0.9026775360107422,-0.23730920255184174,0.17386314272880554,-0.5813632011413574,0.6022158861160278,-0.46359068155288696,-0.3821077346801758,0.17435060441493988,0.4775087535381317
0.37535572052001953,0.5529075264930725,0.02925102971494198,-0.9547750949859619,0.2468191683292389,-0.16806307435035706,0.8413252830505371,0.3794502317905426,0.2682766616344452,-0.022873908281326294,-0.4773356020450592,-0.26922520995140076,1.2116891145706177,1.2264989614486694,0.40725183486938477,-1.254554271697998,-0.061369407922029495,-0.024421874433755875,-0.7990016341209412,-0.07140817493200302,0.4836024045944214,0.4477221369743347,-1.01277494430542,-0.14688201248645782,0.5917859673500061,0.1356021761894226,0.11199823021888733,-0.4604549705982208,1.0700405836105347,0.0627036988735199
0.35718441009521484,0.6201162338256836,0.09462849050760269,-1.0217323303222656,0.2554560601711273,-0.176893413066864,0.9687172174453735,0.4099273681640625,0.3285435736179352,-0.01298031210899353,-0.5572286248207092,-0.21846577525138855,1.273816704750061,1.3690836429595947,0.4756176173686981,-1.325319528579712,-0.06889007240533829,-0.03810378536581993,-0.9155088067054749,-0.05577857419848442,0.5318540930747986,0.40368571877479553,-1.105059266090393,-0.1809973120689392,0.602066159248352,0.14996010065078735,0.11757639050483704,-0.48542165756225586,1.179926872253418,0.09096856415271759
0.3766478896141052,0.4961146116256714,0.09377018362283707,-0.9560275077819824,0.283069372177124,-0.11053754389286041,0.79348224401474,0.37989649176597595,0.17055374383926392,-0.20087623596191406,-0.5057842135429382,-0.1241769790649414,1.3653993606567383,1.0968633890151978,0.2944449484348297,-1.2938750982284546,-0.009236998856067657,-0.04159170761704445,-0.7095826864242554,-0.02486538141965866,0.5232526659965515,0.5011917352676392,-0.9919642806053162,-0.13236603140830994,0.49713629484176636,0.21609531342983246,0.03434443101286888,-0.432004451751709,1.0733836889266968,0.14615590870380402
-0.04282762110233307,-0.49267011880874634,0.09734195470809937,0.12001962959766388,0.4616333246231079,-0.19259804487228394,-0.4176977872848511,0.28612205386161804,-0.8085983395576477,-1.1765602827072144,0.27931997179985046,0.26798510551452637,1.1487774848937988,-0.7409180402755737,-1.0087621212005615,-0.4114437997341156,0.4974731206893921,-0.39837586879730225,0.964354395866394,0.291327565908432,0.09887427091598511,0.7029850482940674,0.09218708425760269,0.1553317904472351,-0.8504248857498169,0.5839604139328003,-0.36040717363357544,-0.16076363623142242,-0.11271046102046967,0.44749101996421814
0.10448335111141205,-0.5445278882980347,-0.011658391915261745,-0.0031584221869707108,0.5491179823875427,-0.2612762153148651,-0.4542413353919983,0.3812568485736847,-0.8783565163612366,-1.3772735595703125,0.2749912142753601,0.1039230152964592,1.388508915901184,-0.7398642897605896,-1.0715527534484863,-0.6267816424369812,0.42260533571243286,-0.4061559736728668,1.010286808013916,0.3780513107776642,0.07700227200984955,0.9491876363754272,0.11694779247045517,0.346093088388443,-0.7081071734428406,0.6317098140716553,-0.5147592425346375,-0.3441694974899292,-0.1335035115480423,0.49566325545310974
0.17081573605537415,-0.535834550857544,0.09273473918437958,-0.08325750380754471,0.6366320848464966,-0.274149626493454,-0.2931898236274719,0.391112357378006,-0.8750281929969788,-1.5200753211975098,0.16073369979858398,0.15484687685966492,1.6417583227157593,-0.5874897241592407,-1.1821836233139038,-0.8490957617759705,0.3962515592575073,-0.4017905592918396,0.9242409467697144,0.31469929218292236,0.13954293727874756,1.0212202072143555,-0.053712740540504456,0.2576802968978882,-0.6506101489067078,0.6850186586380005,-0.5879694223403931,-0.41327083110809326,0.05085068568587303,0.5463916659355164
-0.21906302869319916,-0.5004346370697021,0.4936971962451935,0.11537597328424454,0.7942431569099426,-0.31165066361427307,0.010893288999795914,0.4673500657081604,-0.6357881426811218,-1.7116667032241821,0.012889079749584198,0.3927513062953949,1.8366371393203735,-0.4837522506713867,-1.449070930480957,-0.9761962890625,0.4560586214065552,-0.36019161343574524,1.018418312072754,0.222567617893219,0.20356754958629608,0.7451345920562744,-0.1478937715291977,-0.0462595596909523,-0.962615430355072,0.7504199743270874,-0.31276625394821167,-0.3501841723918915,0.172061026096344,0.7840017676353455
0.27370327711105347,-0.13829608261585236,-0.3360843062400818,-0.10192007571458817,0.044359929859638214,-0.19073821604251862,-0.5253081321716309,0.17027205228805542,-0.5096868276596069,-0.16981768608093262,0.2550030052661896,-0.3257206082344055,0.38396281003952026,-0.38860443234443665,-0.13154363632202148,-0.12080501765012741,0.17734700441360474,0.07222574949264526,0.3935813903808594,0.11715784668922424,-0.0720115527510643,0.44191786646842957,0.3314018249511719,0.3088667392730713,-0.05494313687086105,0.2980960011482239,-0.23595911264419556,-0.06249292939901352,-0.11114209145307541,0.11479496955871582
0.11377036571502686,-0.4433806538581848,-0.323253333568573,0.18820545077323914,0.14734791219234467,-0.2708243429660797,-0.7484116554260254,0.1870148926973343,-0.8061861991882324,-0.44382673501968384,0.46880587935447693,-0.16698861122131348,0.2634751498699188,-0.8226314783096313,-0.5373148918151855,0.20121249556541443,0.3443230986595154,-0.27271416783332825,0.8380696177482605,0.2890738248825073,-0.08101770281791687,0.504608154296875,0.5100043416023254,0.36715126037597656,-0.5550265312194824,0.31441816687583923,-0.2964758276939392,-0.10335156321525574,-0.37673380970954895,0.19992318749427795
0.25911185145378113,-0.10411570221185684,-0.528458297252655,0.21378514170646667,-0.19696000218391418,-0.05708877742290497,-0.670548141002655,0.08330387622117996,-0.40318480134010315,0.3698716163635254,0.18629398941993713,-0.2300243377685547,-0.1850832849740982,-0.5439099669456482,0.17492587864398956,0.40472403168678284,0.17416469752788544,0.09873056411743164,0.35407471656799316,0.05075747147202492,-0.17911408841609955,0.10604022443294525,0.6024485230445862,0.21729885041713715,0.047169022262096405,0.15511542558670044,-0.20828178524971008,0.18272794783115387,-0.25110045075416565,-0.06276051700115204
0.08057530969381332,0.24026654660701752,-0.3502148687839508,-0.04974713176488876,-0.2954539954662323,0.24069437384605408,-0.4190722107887268,0.13118287920951843,-0.36185193061828613,0.3785671591758728,-0.00767357274889946,0.11614184826612473,-0.009892672300338745,-0.29683592915534973,0.4414665699005127,0.21128813922405243,0.1920483261346817,0.4375377595424652,0.1359434276819229,-0.1455533504486084,-0.02587037719786167,-0.01997452601790428,0.4018380045890808,-0.0041352529078722,0.04297143220901489,0.32447561621665955,-0.021120473742485046,0.38671255111694336,0.08276143670082092,-0.02398129180073738
0.11734455823898315,0.18159477412700653,-0.31680193543434143,0.017119640484452248,-0.24244873225688934,0.12221883982419968,-0.3415852189064026,0.0926855206489563,-0.23759450018405914,0.40123024582862854,-0.012490406632423401,0.028760850429534912,-0.05606122314929962,-0.21632787585258484,0.4004439413547516,0.21238020062446594,0.16229061782360077,0.27658483386039734,0.08842206746339798,-0.09198541194200516,-0.05225460231304169,-0.05199430137872696,0.3451394736766815,-0.0022387709468603134,0.07609683275222778,0.22652098536491394,-0.053900886327028275,0.2979348301887512,0.05327535793185234,-0.03944529592990875
-0.35626596212387085,-0.5003018379211426,0.09283947199583054,0.49240994453430176,0.310825377702713,-0.13908429443836212,-0.7733361124992371,0.24740183353424072,-0.9167842864990234,-0.8832124471664429,0.4800153076648712,0.46660739183425903,0.5707179307937622,-1.082291603088379,-1.0369998216629028,0.2766317129135132,0.683232307434082,-0.45495834946632385,1.3447911739349365,0.37560585141181946,0.08332164585590363,0.32337823510169983,0.3504355847835541,0.04698502644896507,-1.3282983303070068,0.5382920503616333,-0.07179972529411316,0.12014909833669662,-0.4116842746734619,0.40238067507743835
-0.1080637127161026,0.4695247709751129,-0.030224386602640152,-0.2347629815340042,-0.24472980201244354,0.3755113184452057,-0.08314166218042374,0.18800649046897888,-0.25784820318222046,0.1854417473077774,-0.2164989709854126,0.4808345437049866,0.25616469979286194,-0.002136996015906334,0.5234717726707458,-0.021486423909664154,0.23267972469329834,0.44351714849472046,-0.03438887745141983,-0.14365807175636292,0.1551969200372696,-0.13616114854812622,0.10030580312013626,-0.2158440351486206,-0.11867441236972809,0.42679616808891296,0.09974734485149384,0.42807745933532715,0.36689668893814087,0.09990295767784119
0.32749414443969727,0.49462056159973145,-0.339447945356369,-0.2783593237400055,-0.4090021550655365,-0.01813216134905815,0.362984836101532,-0.017891429364681244,0.4476519227027893,1.1169472932815552,-0.4230368435382843,-0.2710907757282257,-0.43774792551994324,0.7429628372192383,1.2805795669555664,0.09614063054323196,-0.3251492381095886,0.4909926652908325,-0.8777859807014465,-0.2675992548465729,-0.14169961214065552,-0.4833522439002991,0.04172903671860695,-0.024372555315494537,0.9098068475723267,0.0020499322563409805,-0.18594951927661896,0.09084498137235641,0.41054216027259827,-0.3557536005973816
0.06605739146471024,0.8414587378501892,-0.08615157753229141,-0.6138854026794434,-0.42183101177215576,0.21255400776863098,0.721230685710907,0.13884830474853516,0.49888721108436584,0.9420033097267151,-0.6239528656005859,0.15723997354507446,-0.18550296127796173,1.0596303939819336,1.5775372982025146,-0.1259300261735916,-0.26949238777160645,0.630691647529602,-1.1141678094863892,-0.26036888360977173,0.04010536149144173,-0.5802620649337769,-0.2498835325241089,-0.19453881680965424,0.7459919452667236,0.21791204810142517,-0.022364236414432526,0.14325830340385437,0.7624815702438354,-0.2327793389558792
-0.18860121071338654,1.1267064809799194,0.30402037501335144,-0.9475575685501099,-0.3537568151950836,0.38126349449157715,1.0521668195724487,0.29652664065361023,0.5256398320198059,0.5571156740188599,-0.8503641486167908,0.6788643002510071,0.20494340360164642,1.3491535186767578,1.727027416229248,-0.4003307521343231,-0.17302902042865753,0.6024685502052307,-1.285353183746338,-0.0988171249628067,0.27643799781799316,-0.663960337638855,-0.6055288910865784,-0.35378140211105347,0.43919283151626587,0.44689521193504333,0.07422474026679993,0.14488130807876587,1.092881202697754,-0.015039844438433647
0.09853474795818329,1.1264148950576782,-0.06429017335176468,-1.0853694677352905,-0.13342665135860443,-0.055383555591106415,1.4388011693954468,0.3228643238544464,0.8156949281692505,1.0036143064498901,-0.7395018339157104,-0.3102347254753113,0.31279119849205017,1.9684849977493286,1.5874484777450562,-0.8357441425323486,-0.4182223677635193,0.34887635707855225,-1.6306240558624268,-0.3137540817260742,0.3327866494655609,-0.19262799620628357,-1.0048489570617676,-0.28623804450035095,0.9992522597312927,-0.006996681913733482,0.3136448860168457,-0.34498313069343567,1.3839904069900513,-0.25447723269462585
0.3295533061027527,0.49966758489608765,-0.014100464060902596,-0.936627984046936,0.2940053343772888,-0.011190153658390045,0.8115007281303406,0.48529133200645447,0.12224879115819931,-0.17562651634216309,-0.48657965660095215,-0.05355006456375122,1.4488210678100586,1.0352193117141724,0.3139715790748596,-1.3330103158950806,0.10784672945737839,-0.0815449208021164,-0.6787249445915222,-0.11938396096229553,0.5560516715049744,0.5663250684738159,-0.9587194323539734,-0.1726994514465332,0.46281349658966064,0.24546954035758972,0.07702916860580444,-0.37413251399993896,1.148738145828247,0.1496887356042862
0.09590688347816467,1.1693873405456543,-0.06744970381259918,-1.1496620178222656,-0.14182285964488983,-0.007909983396530151,1.4571914672851562,0.3651959300041199,0.7783094048500061,0.9878472089767456,-0.7760810852050781,-0.25881147384643555,0.3991900384426117,1.984153389930725,1.6266990900039673,-0.8940915465354919,-0.39345815777778625,0.3966204822063446,-1.6523586511611938,-0.3256373405456543,0.37556061148643494,-0.1657790243625641,-1.0311617851257324,-0.3039644956588745,1.0007342100143433,0.04344337433576584,0.3327721953392029,-0.33361363410949707,1.4500045776367188,-0.23117458820343018
0.13980500400066376,1.1141853332519531,-0.13059751689434052,-1.0914605855941772,-0.16747543215751648,0.0785490944981575,1.2856825590133667,0.3581160008907318,0.6348130106925964,0.9568932056427002,-0.74544757604599,-0.2376815378665924,0.46756213903427124,1.7803003787994385,1.5499775409698486,-0.8805242776870728,-0.31454744935035706,0.48753684759140015,-1.5355138778686523,-0.353117436170578,0.3419189751148224,-0.08825230598449707,-0.8799929022789001,-0.3041280210018158,0.9830636978149414,0.11283981800079346,0.31557750701904297,-0.25349557399749756,1.3874329328536987,-0.2006572037935257
0.13170839846134186,1.1222106218338013,-0.12215185165405273,-1.1028534173965454,-0.16469144821166992,0.07414498180150986,1.3048278093338013,0.3632878363132477,0.656272292137146,0.9581559896469116,-0.7489955425262451,-0.23344725370407104,0.4645855724811554,1.8004704713821411,1.5598547458648682,-0.8879001140594482,-0.3174454867839813,0.4816781282424927,-1.5518848896026611,-0.3509202003479004,0.344682902097702,-0.09782586991786957,-0.9007495641708374,-0.30391934514045715,0.9820387959480286,0.11315596848726273,0.3179701864719391,-0.2609635591506958,1.395090103149414,-0.1987360268831253
0.12650611996650696,1.1249921321868896,-0.11155755817890167,-1.112878441810608,-0.15920941531658173,0.0692182257771492,1.3188313245773315,0.3685445487499237,0.6720333695411682,0.9490898251533508,-0.7510213255882263,-0.2279740273952484,0.4706949293613434,1.8129249811172485,1.559228777885437,-0.9003726840019226,-0.3165138065814972,0.4705297350883484,-1.5621483325958252,-0.3459025025367737,0.3495490849018097,-0.10093197226524353,-0.9201359152793884,-0.3018808960914612,0.9779035449028015,0.11351227760314941,0.3166547119617462,-0.2688741087913513,1.4001007080078125,-0.19335046410560608
-0.16003434360027313,-0.36163777112960815,-0.3461765944957733,0.8805553317070007,0.14518208801746368,-0.15326344966888428,-0.7918039560317993,0.16907837986946106,-0.46719855070114136,0.1569342166185379,0.4387771785259247,-0.005117163062095642,-0.400179386138916,-0.9068374633789062,-0.6309741139411926,0.8316757678985596,0.5126416087150574,-0.6635314226150513,1.1081488132476807,0.2189030647277832,-0.10730714350938797,0.025029782205820084,0.5369189977645874,-0.09996858239173889,-0.9155265688896179,-0.05034163221716881,0.1365160197019577,0.07354990392923355,-0.5881922841072083,0.14261221885681152
-0.5532433986663818,-0.6880902647972107,-0.13871802389621735,1.2848327159881592,0.48129603266716003,-0.2493390142917633,-0.9837457537651062,0.36984434723854065,-0.6917116045951843,-0.3934623599052429,0.6157387495040894,0.16974100470542908,-0.17648924887180328,-1.3760675191879272,-1.4007662534713745,0.9759976863861084,0.7118701934814453,-0.8447354435920715,1.8191702365875244,0.41689372062683105,-0.154670849442482,0.07490970194339752,0.7936066389083862,-0.08014446496963501,-1.6314091682434082,0.15751348435878754,0.22697632014751434,-0.041512630879879,-0.8836900591850281,0.5267156362533569
-1.0039843320846558,-1.0300132036209106,0.11007466912269592,1.6717313528060913,0.8480091094970703,-0.3416655659675598,-1.1043524742126465,0.5755407214164734,-0.9444139003753662,-1.0039478540420532,0.7479100227355957,0.4210866689682007,0.10158465057611465,-1.8304126262664795,-2.1940228939056396,1.115044355392456,0.8991236090660095,-1.000169277191162,2.5608761310577393,0.6202705502510071,-0.17342403531074524,0.0951305404305458,1.0198802947998047,-0.06924240291118622,-2.3910040855407715,0.4127398133277893,0.31272178888320923,-0.1548415571451187,-1.1548234224319458,0.931603193283081
-0.1703096479177475,-1.0258312225341797,-0.6387832760810852,0.9655101895332336,0.33281540870666504,-0.5630956888198853,-1.617871880531311,0.45703887939453125,-1.4605069160461426,-0.6310462355613708,0.9749128222465515,-0.15614017844200134,-0.2014637291431427,-1.8267669677734375,-1.2816975116729736,1.214093804359436,0.7574729323387146,-0.9417221546173096,2.014838695526123,0.8667007684707642,-0.27356740832328796,0.5698914527893066,1.1928128004074097,0.6058241724967957,-1.587816596031189,0.40278780460357666,-0.3169333040714264,-0.2577492594718933,-1.1302891969680786,0.45399197936058044
-0.19178162515163422,-0.8377578258514404,-0.4040758013725281,0.8402464389801025,0.2679404616355896,-0.4254581034183502,-1.3306217193603516,0.3030720353126526,-1.2275934219360352,-0.5558024644851685,0.8064308762550354,0.011017628014087677,-0.10419571399688721,-1.530646562576294,-1.1471909284591675,0.9847854971885681,0.6973987221717834,-0.7151417136192322,1.7128863334655762,0.607281506061554,-0.19411182403564453,0.3890903890132904,0.9216154217720032,0.3632928729057312,-1.409441590309143,0.4029672145843506,-0.2318379282951355,-0.08772744983434677,-0.8755948543548584,0.3755296468734741
-0.18227802217006683,-0.8180323243141174,-0.4093788266181946,0.8349026441574097,0.25616350769996643,-0.42714250087738037,-1.329430103302002,0.29744699597358704,-1.2049994468688965,-0.5230271220207214,0.7998810410499573,-0.007059149444103241,-0.12796081602573395,-1.5061540603637695,-1.1161099672317505,0.9898306727409363,0.6841988563537598,-0.7077650427818298,1.6929619312286377,0.6042811274528503,-0.19527873396873474,0.37451428174972534,0.9143530130386353,0.3573431968688965,-1.3827539682388306,0.3858303725719452,-0.2174464762210846,-0.08768483996391296,-0.872955322265625,0.3594183027744293
-0.098054438829422,-0.6709572672843933,-0.5023362636566162,0.7627050280570984,0.1814306527376175,-0.4000612199306488,-1.2207943201065063,0.2944119870662689,-0.9738875031471252,-0.26832345128059387,0.7094491720199585,-0.14617706835269928,-0.17953729629516602,-1.3226298093795776,-0.824048638343811,0.853122889995575,0.6021696925163269,-0.6595489382743835,1.4700075387954712,0.5369110703468323,-0.18621793389320374,0.34681519865989685,0.819120466709137,0.33593669533729553,-1.0869407653808594,0.24155306816101074,-0.1162170022726059,-0.09493585675954819,-0.8447728753089905,0.20684020221233368
-0.16567052900791168,-0.43647581338882446,-0.2875317931175232,0.6412593722343445,0.12557756900787354,-0.27287882566452026,-0.9199366569519043,0.1939530223608017,-0.7350174784660339,-0.16970881819725037,0.5274940729141235,0.031772010028362274,-0.12453436851501465,-1.001697063446045,-0.6594101190567017,0.6717017292976379,0.555870532989502,-0.48661094903945923,1.1887120008468628,0.32119256258010864,-0.09891674667596817,0.1514420509338379,0.5610493421554565,0.08908675611019135,-0.9664115309715271,0.23803508281707764,0.00283629447221756,0.058907099068164825,-0.581259548664093,0.1740618646144867
-0.15711627900600433,-0.4099440574645996,-0.2863319516181946,0.62039715051651,0.11405235528945923,-0.27024877071380615,-0.8958583474159241,0.1873055100440979,-0.7049526572227478,-0.141950786113739,0.510622501373291,0.017494283616542816,-0.13352511823177338,-0.9641766548156738,-0.6220568418502808,0.6529917120933533,0.5379763245582581,-0.46926555037498474,1.1494907140731812,0.3066527843475342,-0.09914491325616837,0.1414974182844162,0.5455328226089478,0.08346651494503021,-0.9270675778388977,0.22557033598423004,0.009012918919324875,0.05982718616724014,-0.5636240243911743,0.16524076461791992
0.08093476295471191,0.38083988428115845,-0.1328619122505188,-0.32560625672340393,0.09747970849275589,-0.14829504489898682,0.48426079750061035,0.13573558628559113,0.1957542598247528,0.27079716324806213,-0.15120461583137512,-0.32249021530151367,0.34666967391967773,0.655228853225708,0.28354954719543457,-0.4699003994464874,-0.013527560979127884,-0.22209641337394714,-0.3879629969596863,-0.11832121014595032,0.18043401837348938,0.2762606143951416,-0.4679306149482727,-0.17521291971206665,0.266948401927948,-0.10620763152837753,0.20130066573619843,-0.20676764845848083,0.5607753992080688,-0.07206115126609802
0.07667562365531921,0.39493459463119507,-0.10462542623281479,-0.3573068678379059,0.10987063497304916,-0.14321164786815643,0.5423168540000916,0.1490931361913681,0.21326979994773865,0.2499687522649765,-0.17882201075553894,-0.28350862860679626,0.39495453238487244,0.6997982859611511,0.29627272486686707,-0.5144681334495544,-0.004512204322963953,-0.24167382717132568,-0.4330795407295227,-0.11729170382022858,0.20402763783931732,0.2762089669704437,-0.5183982849121094,-0.18916793167591095,0.2641586661338806,-0.09606364369392395,0.19473816454410553,-0.21194422245025635,0.6094179749488831,-0.06151934340596199
-0.06808717548847198,0.6422436237335205,-0.15845069289207458,-0.328534334897995,0.06989381462335587,-0.028429213911294937,0.705095112323761,0.19846589863300323,0.38566896319389343,0.5338901281356812,-0.25833430886268616,-0.2597796618938446,0.24618647992610931,0.8972551226615906,0.4912818372249603,-0.4660479724407196,0.013020826503634453,-0.23393945395946503,-0.5425575971603394,-0.2417004406452179,0.1959354281425476,0.17920680344104767,-0.5707985758781433,-0.3737121820449829,0.26658523082733154,-0.15559925138950348,0.3835395276546478,-0.11433801800012589,0.7433560490608215,-0.05890478566288948
-0.29501092433929443,-0.9922406673431396,-0.5240808129310608,0.8498712778091431,0.4034172296524048,-0.41093310713768005,-1.4830482006072998,0.5139198899269104,-1.4702256917953491,-0.9398003816604614,0.969759464263916,0.04739493876695633,0.20940901339054108,-1.8517869710922241,-1.3629472255706787,0.9030290842056274,0.826495885848999,-0.8350148797035217,2.0456666946411133,0.8177018761634827,-0.17190250754356384,0.7010133266448975,1.055529236793518,0.605475127696991,-1.6681621074676514,0.5498931407928467,-0.2813286781311035,-0.16377002000808716,-1.0455316305160522,0.4873642027378082
-0.3075631260871887,-0.7785220146179199,-0.2852559983730316,0.7231155633926392,0.32654786109924316,-0.2847268581390381,-1.2105456590652466,0.3672355115413666,-1.213266134262085,-0.8284456133842468,0.774571418762207,0.20575252175331116,0.2911899983882904,-1.5325841903686523,-1.1971561908721924,0.6898631453514099,0.7635481357574463,-0.6190948486328125,1.7401074171066284,0.5857591032981873,-0.08018309623003006,0.48707470297813416,0.7808086276054382,0.35387447476387024,-1.4804924726486206,0.5312837362289429,-0.17220288515090942,0.007602783851325512,-0.7900561094284058,0.4169548451900482
