vs0,vs1,vs2,vs3,vs4,vs5,vs6,vs7,vs8,vs9,vs10,vs11,vs12,vs13,vs14,vs15,vs16,vs17,vs18,vs19,vs20,vs21,vs22,vs23,vs24,vs25,vs26,vs27,vs28,vs29,vs30,vs31,vs32,vs33,vs34,vs35,vs36,vs37,vs38,vs39,vs40,vs41,vs42,vs43,vs44,vs45,vs46,vs47,vs48,vs49,vs50,vs51,vs52,vs53,vs54,vs55,vs56,vs57,vs58,vs59,vs60,vs61,vs62,vs63,vs64,vs65,vs66,vs67,vs68,vs69,vs70,vs71,vs72,vs73,vs74,vs75,vs76,vs77,vs78,vs79,vs80,vs81,vs82,vs83,vs84,vs85,vs86,vs87,vs88,vs89,vs90,vs91,vs92,vs93,vs94,vs95,vs96,vs97,vs98,vs99,vs100,vs101,vs102,vs103,vs104,vs105,vs106,vs107,vs108,vs109,vs110,vs111,vs112,vs113,vs114,vs115,vs116,vs117,vs118,vs119,vs120,vs121,vs122,vs123,vs124,vs125,vs126,vs127,mol_index,atomic_number,coordx,coordy,coordz,ldalabel,gnumarker,gnucolor,layer,atomizationE,fg_key 
-0.22256069,-0.008367921,-0.32366112,0.57095814,-0.12632722,-0.47915602,-0.15442143,0.06774971,-0.459634,0.509897,-0.25769478,0.18049125,-0.012936439,-0.014538651,-0.5062689,0.0280374,-0.17929575,0.47275084,0.018273614,0.09413988,-0.5441203,-0.13576698,-0.27956888,0.07237019,-0.21005124,-0.9018087,0.0018064824,-0.21840984,-0.26492262,-0.060187474,0.13073798,0.33567223,0.04576843,-0.1720099,-0.6884694,0.49631116,-0.16891693,0.3866017,-0.07521556,-0.5262582,-0.1252957,-0.15165865,0.63157356,-0.30906203,0.4248583,-0.09526488,-0.30006585,0.023187216,0.06883958,0.2902786,0.5738093,-0.20056945,-0.20986955,-0.5259539,-0.56590825,0.2803982,-0.024992889,0.18811151,-0.24147695,0.13516934,-0.033851884,0.53193283,-0.6703667,-0.6191312,0.33634695,-0.020730127,-0.37623212,0.17807469,0.04421686,0.09515057,0.5324595,-0.10225216,0.42007062,0.11207004,0.104344286,0.06969142,-0.10363193,-0.48169658,-0.10004217,0.46659967,0.12837362,0.010383592,-0.23067363,0.37892506,-0.24229935,-0.5100663,-0.10621987,-0.0047701197,-0.13594183,-0.30337697,0.048436083,0.22479294,0.21857104,0.5033538,-0.22457182,-0.088995695,0.06979898,0.4618717,-0.13984628,-0.35052413,-0.531275,0.2457042,-0.07162184,0.18617733,-0.3851988,0.5567284,0.36157918,-0.07526107,-0.2684195,-0.23493652,-0.05332697,0.53653246,0.083850265,-0.34327435,-0.04283383,-0.4074155,-0.32062513,0.8402901,-0.31764388,-0.444242,-0.3544843,-0.08765688,0.16872406,0.028255861,-0.15438592,-0.08023416,-0.0031496696,0.15332277,0,8,0.06737874,0.28206426,-1.3164742,18,15,16738740,5,-2048.1848,O-C-CO
0.16548349,-0.43967327,-0.31903258,-0.025232544,-0.055978954,-0.60209066,-0.27984896,-0.32409146,-0.8004695,0.76262534,-0.47534677,0.2668999,-0.27283308,-0.27418378,-0.19215696,0.12018542,-0.31454074,0.24468999,-0.1537286,0.5570205,-0.4521332,0.28614855,-0.303021,0.25562418,-0.3829774,-0.5680242,-0.13946424,-0.27750134,-0.48550585,-0.031299554,0.48607376,0.3794998,-0.105529726,-0.5977039,-0.68167466,0.30728686,-0.41361475,-0.05314846,-0.2763431,-0.59014726,0.63693595,-0.5025178,0.24086824,-0.1815493,0.2848189,0.12766,-0.079885855,-0.26244286,0.1119267,0.07786057,-0.21633933,-0.038514566,0.21183735,-0.82145256,-0.448229,0.4606567,0.3248892,0.40594783,0.08701533,0.39323717,-0.21409017,0.39500663,-0.5672354,-0.9299691,0.13179298,0.22516507,-0.19162485,-0.3070063,0.01851856,0.21249066,0.1924612,0.4094139,-0.05637332,0.50764376,-0.20532015,-0.093272395,-0.06404353,-0.32326558,-0.3024375,0.014485566,0.7570584,-0.23278372,-0.6041927,-0.36402023,-0.38798085,-0.34229055,-0.45254904,0.36583734,0.23052457,-0.23415938,0.1255881,-0.061585546,-0.25398192,0.8469236,0.028752629,-0.04281961,-0.10843004,0.73705465,-0.19239725,-0.05370763,0.18423538,0.5792319,0.22860496,0.4446411,-0.19680461,0.17202131,0.10279054,-0.13453002,0.24032915,0.0428003,0.15642692,0.36817196,-0.045673817,-0.23197004,-0.035856083,0.047577307,0.36639318,0.74376106,-0.3432533,-0.33430463,-0.17337215,0.014495579,0.07836372,-0.54665554,-0.0058496445,0.105719,0.6338128,-0.014740111,0,8,-0.901225,-0.83213276,0.39915442,8,5,6266528,5,-2047.0435,OH-C-CO
0.14169048,-0.5126835,-0.28551415,-0.046336785,0.07150706,-0.6087567,-0.19936974,-0.2739406,-0.78001744,0.7552906,-0.40027335,0.13591635,-0.259158,-0.17290902,-0.07629196,0.18927163,-0.46943238,0.22005725,-0.22842321,0.46242106,-0.24525703,0.1989995,-0.34792417,0.38328874,-0.42910674,-0.4736606,-0.14556879,-0.18512617,-0.36506224,0.036717713,0.55131936,0.44607052,-0.180937,-0.5599286,-0.6863922,0.1555717,-0.3170259,-0.21144447,-0.35210842,-0.5697041,0.52472067,-0.4837268,0.11174385,0.07837478,0.2779856,0.3154961,-0.07339247,-0.29972285,0.12370377,0.09932276,-0.2812504,-0.033619575,0.031576086,-0.73613465,-0.45383486,0.43765205,0.3491885,0.45255947,0.13802962,0.5295044,-0.14823426,0.38674438,-0.55518675,-0.8357325,0.1850907,0.11403105,-0.15824895,-0.27175802,-0.0635225,0.34938183,0.02573289,0.34160107,-0.15124068,0.52242047,-0.0867335,-0.13411056,-0.02752464,-0.31185105,-0.26339617,-0.069645405,0.84934366,-0.26956853,-0.55551213,-0.39127752,-0.30519053,-0.3385868,-0.453413,0.27503428,0.2443192,-0.30699393,0.19377401,-0.10355636,-0.1348964,0.8037864,0.06997359,0.063611515,-0.13965985,0.6855561,-0.09061538,-0.10103682,0.2517184,0.5580188,0.2737712,0.3766352,-0.28221706,0.07760287,0.13744237,-0.012312446,0.20202415,0.092447355,0.21600753,0.22010463,-0.18071826,-0.23756456,-0.014974544,-0.0664388,0.5280204,0.54008514,-0.35838234,-0.14934637,-0.1666913,0.03678595,0.17675106,-0.6189996,0.19649965,0.025869273,0.5379438,-0.024394078,1,8,-1.491862,-0.92576426,0.38747153,8,5,6266528,5,-2047.0326,OH-C-CO
-0.3648667,-0.057815295,-0.28761184,0.48449248,-0.021810213,-0.5852987,-0.04612529,-0.07764579,-0.49938294,0.22557625,-0.37718016,0.0647607,-0.059156373,-0.18575448,-0.43250147,-0.14639184,-0.21506144,0.24384451,-0.013116429,0.08164316,-0.48581073,-0.15857716,-0.442803,0.21645103,-0.19553617,-0.6885344,-0.14684318,-0.21229051,-0.28852916,-0.002307972,0.09832004,0.21158256,0.03253927,-0.2880756,-0.48059726,0.45297593,-0.2399758,0.29293412,-0.18558335,-0.5475364,-0.08557686,-0.12508598,0.5364694,-0.3886114,0.2287748,-0.1255539,-0.21248251,0.06617237,0.17168045,0.24917686,0.4134215,-0.25722516,-0.08279028,-0.51516426,-0.61309373,0.21582396,0.07152524,0.07300247,-0.1809367,-0.055162773,-0.19715987,0.5713427,-0.64583,-0.66381055,0.24811013,-0.011362559,-0.36102816,0.24859597,-0.019610707,0.02357502,0.3207473,0.07278201,0.4631924,-0.15122303,-0.1040502,0.07560114,-0.089797795,-0.44572082,-0.19953907,0.2855053,0.2892708,-0.24276729,-0.25688204,0.16870949,-0.23836143,-0.41552708,-0.094760075,-0.04725495,-0.09053689,-0.2729624,0.20624162,0.30073115,-0.012641862,0.5368953,-0.42674467,-0.28040072,-0.010506371,0.4422966,-0.34035626,-0.23981385,-0.5245509,0.27984127,-0.038084656,0.12649746,-0.26551694,0.549971,0.2884653,-0.037676204,-0.12101951,-0.24198368,-0.02026449,0.33903596,-0.04165274,-0.32557106,0.022753837,-0.43905297,-0.43775907,0.7705076,-0.2941902,-0.3932849,-0.23604089,-0.033876076,0.07591274,-0.034021858,-0.077831805,-0.010478994,0.0148217045,0.0527938,1,8,-0.78951013,0.70172036,-1.0130897,18,15,16738740,5,-2048.1484,O-C-CO
0.043686524,-0.41809592,-0.3069782,-0.038585365,0.05227404,-0.9184671,-0.178502,-0.47449112,-0.7970702,0.46886417,-0.44846448,-0.14510114,-0.36168918,-0.4315982,-0.015621534,-0.120016254,-0.5025254,-8.841592e-05,-0.35534844,0.5182115,-0.24644792,0.12537947,-0.40998855,0.5300911,-0.39221808,-0.3263784,-0.3133109,-0.08483725,-0.27140936,0.062358145,0.5040305,0.3587489,-0.1687593,-0.6398435,-0.47412214,0.06316023,-0.29558745,-0.2583202,-0.32975933,-0.54011005,0.38831952,-0.39334497,0.080102645,-0.017806318,0.06959243,0.16824329,0.15893953,-0.121263385,0.246493,0.04231461,-0.3505844,-0.22922264,-0.026328385,-0.6817618,-0.3533822,0.27001616,0.36754277,0.2829455,0.11745528,0.20744854,-0.28456715,0.49749267,-0.4488803,-0.791419,0.05484556,0.0654182,-0.09792078,-0.18354267,-0.031633504,0.14402057,-0.07011929,0.4276971,-0.053388275,0.33570772,-0.3408511,-0.19685212,-0.15174085,-0.34864762,-0.2484409,-0.2687454,0.8077214,-0.4999042,-0.5748558,-0.6362115,-0.41907525,-0.30622855,-0.35351193,0.22300132,0.31456292,-0.16097641,0.33897644,-0.0074794786,-0.38605666,0.7807358,-0.10596218,-0.18089277,-0.13336249,0.675345,-0.3795059,-0.22742082,0.11560087,0.5709705,0.24505226,0.33031118,-0.21109982,0.1525544,-0.03724872,0.08488879,0.36084178,0.02190907,0.1440576,0.15741314,-0.3719699,-0.12620403,0.19641012,0.021352185,0.24942413,0.7225152,-0.21658045,-0.27954748,-0.13031249,0.035412617,-0.03256393,-0.5719177,0.20961677,-0.013626312,0.4203033,-0.1250955,2,8,-1.6214541,-0.69793004,-0.028071065,8,5,6266528,5,-2047.1234,OH-C-CO
-0.326403,0.049987607,-0.2941603,0.5644549,0.07469263,-0.57410204,-0.1294049,0.06975539,-0.5437322,0.27997392,-0.3721815,-0.0779926,0.045638204,-0.07872508,-0.36308086,-0.091658264,-0.46576762,0.20685185,-0.12142672,-0.013708127,-0.45772412,-0.08744771,-0.48610824,0.31976742,-0.27992213,-0.7106787,-0.06251519,-0.20899409,-0.25428256,0.17076893,0.23274936,0.27160212,0.027051512,-0.23099257,-0.40910456,0.29222357,-0.08547796,0.30094612,-0.08175475,-0.400409,-0.078668736,-0.09498287,0.4123151,-0.16298276,0.3374857,0.14029492,-0.18946388,0.08455643,0.24476065,0.31476554,0.45173925,-0.2893886,-0.16510485,-0.45999125,-0.45862594,0.1802632,0.12808466,0.20646435,-0.11704503,0.057929076,-0.18856058,0.4907747,-0.74071836,-0.4946155,0.17800856,-0.026653264,-0.24646135,0.12904726,-0.063536674,0.21316452,0.17653355,0.0611381,0.36601612,0.0006060512,-0.043165687,0.018436037,-0.02276651,-0.45253477,-0.22716846,0.3209272,0.36226788,-0.3327055,-0.11046334,0.18032819,-0.103500575,-0.34674677,-0.03134654,0.0059716813,-0.1030317,-0.22797355,0.16963251,0.24984418,0.14469461,0.4174805,-0.3791242,-0.21159351,0.041874737,0.46675858,-0.22014439,-0.2611808,-0.32849252,0.23781872,0.08393094,0.12482169,-0.31138077,0.4604071,0.31384307,-0.05975092,-0.16182135,-0.23680384,-0.021937482,0.15108097,-0.055675127,-0.15158886,0.00048639823,-0.42067748,-0.30055666,0.6071107,-0.39397493,-0.3231296,-0.27036238,-0.012993569,0.1286806,-0.11325564,0.12823331,-0.11832425,0.241702,0.065936916,2,8,-0.91396123,1.062069,-1.264834,18,15,16738740,5,-2048.1174,O-C-CO
0.013804089,-0.42100173,-0.1832128,-0.08763226,0.12677783,-0.864832,-0.19545859,-0.43583208,-0.7097725,0.41036493,-0.50589925,-0.2897989,-0.36166984,-0.39088413,0.13528608,-0.01790825,-0.66955405,-0.11725206,-0.30860832,0.6050355,-0.29533055,0.22335985,-0.45039693,0.5240276,-0.2927938,-0.30235413,-0.2834295,-0.053321525,-0.30047056,0.1402312,0.5422093,0.3140424,-0.16322912,-0.5655351,-0.38939855,-0.101099685,-0.2697432,-0.3091889,-0.42697957,-0.5978529,0.47656515,-0.3185177,-0.12798688,0.041135732,0.036377102,0.37466505,0.33502224,-0.14622046,0.3179232,0.0017896702,-0.31652212,-0.23573321,-0.07541513,-0.62687206,-0.3528877,0.19120748,0.41719145,0.32918963,0.13115278,0.23628755,-0.42000288,0.522026,-0.50963736,-0.76591843,-0.057238244,0.12098013,-0.21931298,-0.26994956,-0.12791629,0.17928793,-0.13495362,0.5231614,-0.17202528,0.30676994,-0.35030723,-0.14685838,-0.060206626,-0.40851936,-0.15310436,-0.34460503,0.8002903,-0.64347875,-0.44605756,-0.6621633,-0.23552608,-0.24308354,-0.39570206,0.23490323,0.32389995,-0.012575193,0.3161155,-0.041013215,-0.25198266,0.8855607,-0.12106277,-0.12890051,-0.116537295,0.6709637,-0.34744853,-0.1273866,0.21349272,0.621786,0.16218199,0.25962847,-0.061715234,0.09362072,3.159279e-05,0.12922168,0.30919185,-0.004955372,0.0026453189,0.016523708,-0.38043976,-0.101256154,0.07510516,0.015312547,0.26023027,0.7250315,-0.28194743,-0.076306075,-0.14599338,0.08835786,-0.08898825,-0.6575727,0.35860884,0.01630908,0.60442543,-0.16419207,3,8,-1.8329334,-0.59552485,0.07063889,8,5,6266528,5,-2047.0618,OH-C-CO
-0.32936585,0.09786184,-0.25523958,0.5718452,0.12624808,-0.57780135,-0.14182064,0.09706814,-0.5101528,0.31192443,-0.5033306,-0.13261378,0.056924857,-0.05196824,-0.34326196,-0.060584206,-0.66991276,0.061920013,-0.07767041,0.12750351,-0.50567544,0.05429413,-0.5786972,0.2876556,-0.21827817,-0.67473876,0.022971213,-0.1865559,-0.22004782,0.27932364,0.24052733,0.19991922,0.066560455,-0.20020099,-0.34418428,0.1740938,-0.08129216,0.3026623,-0.1526885,-0.43663704,0.041025028,-0.03414344,0.30357265,-0.16623312,0.39748007,0.33509743,-0.05539913,0.08677625,0.33094978,0.30634576,0.4890815,-0.3612919,-0.17826425,-0.4501054,-0.4130036,0.055796973,0.14005919,0.26416588,-0.091758974,0.053617533,-0.30396187,0.58526367,-0.7691679,-0.5353547,0.03196605,0.025681762,-0.33718902,0.10892881,-0.07696112,0.22861639,0.15615807,0.16919674,0.25292212,-0.10780791,-0.17166533,0.09024364,0.060564477,-0.52899575,-0.21471183,0.21395452,0.27722433,-0.38872126,0.008510375,0.15146211,0.14166225,-0.25332892,-0.07740492,0.050562907,-0.09860269,-0.15355952,0.19731165,0.21961081,0.18441157,0.5323518,-0.3819502,-0.13949816,0.014155274,0.48027286,-0.23897512,-0.16165408,-0.22031908,0.2605211,0.05541051,0.07182574,-0.18219826,0.41241184,0.30520886,-0.042395864,-0.16895929,-0.23386446,-0.12617826,0.08181697,-0.015572958,-0.10165633,-0.08376723,-0.39995763,-0.2974246,0.66871595,-0.3620464,-0.17777109,-0.2913115,0.05546752,0.11420048,-0.14330465,0.18946864,-0.12829009,0.4420564,0.11207453,3,8,-1.2262404,1.5177522,-0.48433608,18,15,16738740,5,-2048.0544,O-C-CO
0.29394662,-0.4003984,-0.25055885,-0.077290125,0.052987646,-0.37060508,-0.19344755,-0.42171678,-0.70198673,0.79491943,-0.45202723,0.11557858,-0.42583436,-0.17745657,0.06346488,0.21245536,-0.25170422,0.15876278,-0.056788888,0.6895141,-0.46455523,0.20422259,-0.24035099,0.3220263,-0.23577009,-0.49016923,-0.16489257,-0.32185772,-0.61308473,0.019169472,0.5390274,0.34543848,-0.16553457,-0.42887023,-0.77623,0.16992056,-0.4606226,-0.08848465,-0.42960027,-0.82320046,0.60970956,-0.4239173,0.11074076,-0.2825588,0.10715452,0.11145579,0.024627358,-0.23128165,0.031307656,-0.019786099,-0.154102,0.041205466,0.21373397,-0.824613,-0.4448795,0.42659646,0.36536074,0.3833048,0.20245656,0.4247602,-0.28697178,0.28298038,-0.5345134,-0.8576249,-0.0154305585,0.41063976,-0.14961687,-0.26947686,-0.071935095,0.06591645,0.29888812,0.54493105,-0.13896514,0.59258765,-0.08408945,-0.09017256,-0.071913846,-0.22941992,-0.28621107,-0.022635385,0.74602383,-0.42571822,-0.63634574,-0.35507104,-0.18514691,-0.3756497,-0.33297223,0.2285402,0.19564562,-0.22452547,0.098016076,-0.10605326,-0.30644822,0.70960796,0.13527033,-0.03353595,-0.087563194,0.62911135,-0.078900665,0.15796046,0.19296186,0.8260446,0.25220066,0.33101144,0.042286072,0.093947135,0.051824737,-0.05630794,0.18412232,-0.06168368,0.19680321,0.30899012,0.0493614,-0.17380588,-0.1516775,0.0529604,0.49703017,0.68501645,-0.28452346,-0.29894882,-0.14121227,0.018819094,-0.1428343,-0.5081255,0.006912484,0.035913397,0.6644897,-0.04140994,4,8,-1.7569183,-0.6250488,1.3385962,8,5,6266528,5,-2047.1068,OH-C-CO
-0.21170624,-0.09552389,-0.15554276,0.6263512,-0.108394384,-0.45919946,-0.07526893,0.049502306,-0.32311338,0.3139818,-0.24853756,0.12436165,0.04841155,-0.059598178,-0.49560934,-0.010806679,-0.26466018,0.3990728,0.068314224,-0.011053919,-0.5505862,-0.06745214,-0.3342168,0.082051985,-0.17307355,-1.0308204,0.04338819,-0.13553579,-0.43113834,0.015928738,-0.05857013,0.3352159,0.108436465,-0.08698022,-0.62673044,0.54944736,-0.12162822,0.3745454,-0.16743481,-0.6171361,-0.3546792,-0.005438312,0.77846545,-0.4213305,0.29663658,-0.20177598,-0.23176478,-0.04179118,-0.027831767,0.26034066,0.5799615,-0.2767094,-0.34108207,-0.45279613,-0.6613803,0.5450156,0.0117805,0.029340485,-0.3435175,0.03454526,-0.05188504,0.311052,-0.74316007,-0.53728014,0.32132182,-0.10700515,-0.39240688,0.23575044,-0.05179933,0.2078781,0.48175627,-0.03290505,0.45491335,0.16084084,0.3299848,0.08743375,0.013117772,-0.44455874,-0.09619306,0.62049735,0.28972062,-0.16189861,-0.17125344,0.3890604,-0.27654293,-0.7449502,0.08367944,-0.14192359,-0.27570537,-0.34023678,0.2356951,0.33980253,0.25268835,0.2875777,-0.28580156,-0.16221155,0.08286478,0.3991419,-0.16898769,-0.33435008,-0.71359944,0.32081705,-0.07392474,0.15070292,-0.32621634,0.47598985,0.4775446,-0.05861772,-0.268025,-0.32184345,-0.08501345,0.53739065,0.040118296,-0.33163488,-0.12325343,-0.39897102,-0.33632907,0.68324375,-0.27294764,-0.61203086,-0.35813072,-0.18761359,0.10864155,-0.045830626,-0.100544654,-0.12265171,0.051467594,0.0064629065,4,8,-0.65815246,1.3414791,1.1123981,18,15,16738740,5,-2048.2197,O-C-CO
0.41303688,-0.39243203,-0.14959148,0.14263734,-0.13041334,-0.41312104,-0.14736581,-0.343451,-0.7376541,0.85579866,-0.49236667,0.30249593,-0.3447318,-0.2403788,-0.039004117,0.29020476,-0.3647078,0.25860733,-0.2693755,0.79665303,-0.5995808,0.399683,-0.17132767,0.16426726,-0.2183214,-0.5679725,0.024576578,-0.38602433,-0.3405807,-0.10832869,0.39907864,0.5232883,-0.07746049,-0.5210835,-0.47771257,0.2455914,-0.39028433,-0.062170073,-0.4704707,-0.6273416,0.5027776,-0.53688467,0.059921905,-0.39728788,0.10142553,0.12316402,0.059056036,-0.36493647,0.023347585,-0.07865163,-0.20390382,0.021074843,-0.035238344,-0.651284,-0.31721774,0.42101243,0.4833218,0.18554723,0.10747382,0.3058186,-0.30163866,0.30807632,-0.47000748,-0.668059,0.057249505,0.4638345,-0.37334433,-0.44633898,-0.20228861,0.1314019,0.47166008,0.627901,-0.047895994,0.5916395,-0.07934867,0.0762864,-0.10487832,-0.34536496,-0.11212306,-0.086246245,0.6682246,-0.5098056,-0.6235298,-0.64341015,-0.17986886,-0.46743625,-0.42276928,0.32968593,0.36844844,-0.122146726,0.16044816,-0.12913805,0.029571645,0.745982,0.04135891,0.07568081,-0.2820646,0.37906536,-0.30885085,-0.022502985,0.21444994,0.75776285,0.20463265,0.31530398,-0.11050399,0.047011822,0.21062073,-0.15604526,0.22376098,-0.19030283,0.13050589,0.38277823,-0.08788982,-0.3084879,-0.26839107,0.16032125,0.46978408,0.7591074,-0.1886362,-0.30221888,-0.37778443,0.25086704,-0.16241103,-0.74222887,0.2275173,0.030124426,0.61108804,-0.014531666,5,8,-2.7355158,-1.9145586,-0.49379164,8,5,6266528,5,-2047.1179,OH-C-CO
-0.05646674,-0.008046574,-0.21243775,0.8951988,0.06447242,-0.4938187,-0.037138995,-0.089842014,-0.29668638,0.5407028,-0.21012805,0.41769278,0.1003122,-0.28821445,-0.60244817,0.004093184,-0.2927676,0.5016344,-0.037234325,0.20722163,-0.59585893,-0.036338188,-0.53957105,0.045406483,-0.33201146,-0.6870797,0.079899676,-0.37434414,-0.26970208,-0.08828348,-0.043901034,0.0896656,0.22326991,-0.30263197,-0.5928702,0.43157408,-0.21776865,0.5456189,0.0828123,-0.48132384,-0.3186775,-0.072926305,0.6447063,-0.5811458,0.411565,-0.05645604,-0.13636716,-0.15080254,-0.046316348,-0.0050982614,0.54397964,-0.35587162,-0.29928672,-0.44318533,-0.3469232,0.62325525,-0.109318994,0.060396887,-0.31431332,0.038384322,0.022925822,0.55827117,-0.6543046,-0.6962731,0.1782184,0.1914383,-0.32162988,0.13488121,0.07085301,0.2696495,0.7471781,-0.13213526,0.4027194,0.11466781,0.120081514,0.26556912,-0.14854166,-0.5685767,-0.28993136,0.4693331,0.147633,-0.054660372,-0.27278036,0.3599963,-0.19126555,-0.55950797,-0.037588768,-0.043676756,-0.32788384,-0.5459603,0.08675133,0.2964271,0.25774696,0.22872847,-0.16981284,0.09582468,-0.24055794,0.29639047,-0.29379943,-0.21292868,-0.6385818,0.34057847,0.18507332,0.13998368,-0.35926878,0.2990277,0.47773084,-0.17404877,-0.2006388,-0.09099733,0.07830868,0.41313592,0.107183605,-0.28630847,-0.2198718,-0.4173665,-0.3554974,0.8888017,-0.17173639,-0.6175755,-0.57383853,0.10354236,0.30593073,0.0482586,-0.24281144,-0.08821304,0.2654061,0.12027542,5,8,-1.6818881,-0.8823227,-2.2094142,18,15,16738740,5,-2048.1377,O-C-CO
vs0,vs1,vs2,vs3,vs4,vs5,vs6,vs7,vs8,vs9,vs10,vs11,vs12,vs13,vs14,vs15,vs16,vs17,vs18,vs19,vs20,vs21,vs22,vs23,vs24,vs25,vs26,vs27,vs28,vs29,vs30,vs31,vs32,vs33,vs34,vs35,vs36,vs37,vs38,vs39,vs40,vs41,vs42,vs43,vs44,vs45,vs46,vs47,vs48,vs49,vs50,vs51,vs52,vs53,vs54,vs55,vs56,vs57,vs58,vs59,vs60,vs61,vs62,vs63,vs64,vs65,vs66,vs67,vs68,vs69,vs70,vs71,vs72,vs73,vs74,vs75,vs76,vs77,vs78,vs79,vs80,vs81,vs82,vs83,vs84,vs85,vs86,vs87,vs88,vs89,vs90,vs91,vs92,vs93,vs94,vs95,vs96,vs97,vs98,vs99,vs100,vs101,vs102,vs103,vs104,vs105,vs106,vs107,vs108,vs109,vs110,vs111,vs112,vs113,vs114,vs115,vs116,vs117,vs118,vs119,vs120,vs121,vs122,vs123,vs124,vs125,vs126,vs127,mol_index,atomic_number,coordx,coordy,coordz,ldalabel,gnumarker,gnucolor,layer,atomizationE,fg_key 
0.72268784,-0.104303285,-0.08667125,0.30396685,-0.4922222,-1.3821107,0.24601778,-0.2754832,-1.039999,1.1363086,-0.37119332,0.66839826,0.01681858,-0.29720148,-0.50099635,0.23171242,-1.2041918,0.5042097,-0.0043103215,0.9390959,-0.5067234,1.1598129,-0.69153374,0.3029631,-0.70003855,-0.18023385,-0.05454487,-0.661733,-0.17761755,-0.0132486615,0.4145241,0.8578189,0.826216,-0.45862797,-0.5578273,0.3786002,-0.6246364,0.4609754,0.0033091623,-0.58853084,0.31155267,-0.3258526,0.5123987,-0.88990736,0.013165144,0.7492133,-0.043686733,-0.2847514,-0.40239623,0.41371807,-0.017265962,-0.30676588,0.2358951,-1.3345163,-0.34204096,0.65910745,0.2731494,0.40858528,0.2122612,0.52489924,-0.48737702,0.7024264,-0.7174276,-0.72384155,-0.059251577,0.5006507,-0.35219005,-0.4757112,-0.4686941,0.19008787,0.26594386,0.92655957,0.010133015,0.40557805,0.22761674,-0.88529783,0.08330171,-0.94085205,0.22205314,0.19569845,0.82477385,-0.35158274,-0.6432515,-1.0567452,-0.49011496,-0.8366374,-0.83755445,0.47392926,0.58464485,-0.14103442,-0.3229407,-0.5845121,-0.08758243,1.0368756,0.47392312,0.49919766,0.22135383,0.19709161,-0.52791876,-0.17676662,0.29805958,1.0842128,0.4052412,0.745601,-0.30512902,-0.2525053,0.30174518,0.23020077,0.5067109,0.5364295,0.22924112,0.57267153,-0.42766446,0.58814126,-0.18133935,0.15086524,0.9995768,0.73302364,-0.35937998,-0.34297413,-0.41848138,0.18209393,-0.5143533,-0.89715236,0.28444782,-0.16520056,1.0927159,-5.427003e-05,0,8,-0.99695534,2.0000138,-1.1902825,8,5,6266528,5,-2047.2892,OH-C-CO
0.82749194,0.112455346,-0.006260489,0.53238404,-0.28508765,-0.54610133,0.06775264,-0.105684355,-0.70018506,0.8455576,-0.48779437,0.46295592,0.33945116,-0.14164685,-0.41224357,0.2573215,-0.500719,0.66075385,-2.8815819e-05,0.44248635,-0.009112712,0.5073932,-0.7521945,0.2226971,-0.17971456,-0.5135809,-0.20626827,-0.7953114,-0.33781213,0.070083484,0.12822345,0.7575882,0.78398675,-0.14912608,-0.67064995,0.65737104,-0.28988257,0.7159958,0.16394696,-0.8875551,-0.15499613,-0.29100725,0.58514255,-0.9725537,-0.2791588,0.46018496,-0.29109454,-0.06141018,-0.14817409,0.3999928,0.9352208,-0.20631798,-0.29820272,-0.75322723,-0.16688061,0.30710533,0.22675541,0.3024215,0.009437232,0.41142374,-0.35491198,0.7498244,-0.8118938,-0.34432825,0.14588591,0.48312616,-0.14451373,0.06580103,-0.388286,0.38931516,1.0346833,0.2974569,0.61242354,0.73740387,0.4604031,-0.44525012,-0.30347288,-0.5623426,0.4239863,0.37756264,0.35070392,-0.30210382,-0.34027326,-0.45789182,0.13518165,-0.7345219,-0.43785328,0.14683227,0.081305675,-0.12246995,-0.45031065,-0.3322805,0.30495164,0.8100986,0.35161483,0.75630116,0.2703155,-0.086346574,0.17773093,-0.19614233,0.06266183,1.1144843,0.088829026,0.29521695,-0.5835225,0.37814972,0.73678255,0.44006252,-0.24736726,-0.29828966,-0.110346355,0.6777973,-0.2433486,0.44856006,-0.5790953,-0.10917442,0.16733176,0.69792455,-0.7283188,-0.28275067,-0.3576618,0.14420606,-0.42021757,-0.48422226,0.3440101,-0.53904474,0.7605999,0.31630322,0,8,0.6888697,0.99677306,-2.0888596,18,15,16738740,5,-2048.5076,O-C-CO
0.71072865,0.208677,0.0073872553,0.34791422,-0.4566936,-0.30343404,-0.5412635,-0.089346014,-0.25399354,0.6676696,0.08695183,0.5423688,0.60395956,-0.26807186,-0.9637499,-0.52791286,-0.6114535,0.1837674,0.066088706,0.7418478,0.0103952475,0.3145942,0.048899278,0.12815224,-0.14873695,-0.30815667,-0.5322219,-0.84098953,0.24272335,0.3777978,-0.11294961,0.23849319,1.1954243,-0.24809389,-0.0173655,0.5653666,-0.3167584,0.6668276,0.3936624,-0.09466949,0.15031868,0.19125935,0.48705977,-0.39859012,-0.49665448,0.7071103,0.4808665,0.41866505,0.3940936,-0.046622153,0.18876953,-0.49475926,0.08289079,0.046010915,1.2641522,0.12802444,0.040491596,-0.11108752,-0.16337888,-0.3129072,-0.10161301,0.38675538,0.38889006,-0.54811084,-0.51962835,0.23607826,0.004613427,-0.15320012,0.17469269,0.14738278,0.4158473,0.152972,-0.14127396,0.768257,-0.10496329,-0.17386486,0.05553537,-0.06873414,0.55916363,-0.065497376,0.270837,0.19141962,-0.15047245,-0.2626884,-0.20439167,-0.06840489,-0.12480581,0.055812687,-0.17179908,0.4391091,-0.08577144,0.094304964,0.29502645,-0.17987283,0.5442886,0.8814251,0.091117375,-0.8246467,0.24911341,-0.14342615,0.22950552,0.50155973,0.7077858,0.24522546,0.22800408,0.16430736,0.023541737,0.49601927,-0.011855213,-0.45541838,0.19136947,0.792696,-0.49062726,0.88427955,-0.42280588,0.45975053,-0.15900302,0.5159596,0.193293,-0.97638834,-0.20973955,0.15794998,-0.13894235,-0.17294158,-0.34320542,-0.78815514,0.83310944,-0.09435514,1,8,-1.7063141,0.59385836,0.5389395,1,7,16747520,5,-2047.5795,O-CC
0.7684787,-0.24921103,-0.059398033,0.51334184,-0.32521906,-1.625192,0.30488184,-0.5528884,-1.4047533,1.4452897,-0.54028255,0.59121984,-0.4802776,-0.5667913,-0.7079054,-0.22101851,-0.87271523,0.58681685,-0.23787332,1.0269132,-0.38858342,1.151634,-0.41405737,0.2683126,-0.38712516,-0.22601295,-0.20409015,-0.43261158,0.122955784,-0.092661284,0.33334646,0.8184387,0.6845416,-0.33287933,-0.51255596,0.3543345,-0.50451696,0.38556832,0.073593736,-0.6336917,0.23071572,-0.70148754,0.38799086,-0.8020131,-0.11348228,0.40512544,-0.14516751,-0.08164666,-0.36534902,0.39752012,0.026501022,-0.09466982,-0.02909457,-1.1857456,-0.27853602,0.47459042,0.62912625,0.16492797,-0.28181174,0.5541815,-0.46541482,0.24639426,-0.63882565,-0.7035098,0.0048833196,0.5412643,-0.3040245,-0.4231264,-0.44749257,-0.1892668,0.526793,0.89445156,0.21566613,0.35410714,0.08520966,-0.7215939,-0.050835554,-1.2081176,0.38463742,-0.2214509,0.7725876,-0.5629989,-0.5375932,-1.1257173,-0.34443504,-0.8150905,-0.57770056,0.54757965,0.43053713,0.07072431,-0.41526273,-0.6109708,-0.2179763,1.0712494,0.5197743,0.3416533,0.072295554,0.19017126,-0.92133266,-0.13091967,0.116339654,1.1450348,0.16967493,0.5255282,-0.5195233,-0.20977813,0.24457194,0.5334187,0.7051828,0.14719723,0.4869104,0.7515233,-0.72990274,0.3292417,-0.0358682,0.1207509,0.63369805,0.6322742,-0.0738067,-0.61963254,-0.38787672,0.22685692,-0.75315017,-1.0793128,0.713795,-0.13800155,0.90939593,-0.16044398,1,8,-0.535398,1.7560713,-1.5062255,8,5,6266528,5,-2047.2936,OH-C-CO
0.58450264,0.0055524562,-0.10484053,0.7154966,-0.35344437,-0.37348002,0.19368497,-0.01709131,-0.6417229,0.77373,-0.29568198,0.43771818,-0.0075189667,-0.2761262,-0.2817217,0.33408943,-0.4679519,0.9584679,0.09307583,0.5021255,0.054542243,0.5463504,-0.69907343,0.030797636,-0.09858408,-0.47168207,-0.40009475,-0.80030483,-0.14944763,0.055011667,0.27832684,0.90151185,0.7713222,-0.07486567,-0.66084737,0.8984767,-0.17961706,0.7353222,0.10154764,-0.8360561,-0.22703211,-0.27064663,0.42920426,-0.9443344,-0.31344056,0.4634085,-0.19298513,-0.20901003,-0.2254189,0.5004011,0.8242953,-0.4863231,-0.15774578,-0.72075963,0.06539309,0.37446848,0.40185603,0.2927041,0.18364985,0.30230638,-0.3871077,0.44601795,-0.6522976,-0.27199802,-0.07955847,0.49694186,-0.38848442,0.22673962,-0.32134387,0.12691857,1.0701839,0.65589017,0.87324184,0.4697883,0.21203497,-0.09803692,-0.27807838,-0.2872505,0.32681802,0.058811124,0.18532702,-0.506262,-0.3573935,-0.52133036,0.20012651,-0.82778955,-0.41294703,-0.16459206,-0.037929274,-0.07421601,-0.2650526,-0.1681029,0.16351227,0.71252906,0.31861424,0.7464593,0.05599249,-0.20695905,0.0022344617,-0.038721565,-0.019741276,1.2693036,-0.16456765,0.14278579,-0.6073306,0.3128421,0.8134187,0.38097334,-0.1890721,-0.33154663,0.104947746,0.66667235,-0.2186684,0.37170482,-0.52719253,-0.1539483,0.22668374,0.42263445,-0.40172675,-0.17188187,-0.1595701,0.19758242,-0.47656584,-0.5439543,0.47479025,-0.3174554,0.54844546,0.28028756,1,8,1.4712551,1.1209373,-1.9102825,18,15,16738740,5,-2048.5574,O-C-CO
0.5805696,0.31134352,0.08071053,0.2383224,-0.5423997,-0.26911062,-0.74806696,0.23860341,0.22210988,0.48594013,0.025584092,0.7700093,0.57870185,0.07630116,-0.5853111,0.20314029,-0.9230964,0.30103278,0.18499337,0.6964567,-0.4026177,0.68665457,-0.37699792,0.17623782,-0.09334288,-0.42710575,-0.3984175,-1.1184173,0.09449838,0.5340189,0.3106856,0.43237764,1.0493029,-0.025932586,0.24004146,0.9595474,-0.33550647,0.7291122,0.39469945,-0.07061562,0.16454577,0.3189884,0.20165014,-0.6021336,-0.27613804,0.69654036,0.58287287,0.41863877,0.21057498,0.17451335,0.25599757,-0.60131294,0.18309575,-0.11974538,1.101338,0.12943375,-0.26696995,0.2905401,0.0068139425,-0.06907425,-0.14202459,0.4035322,0.38363844,-0.29120305,-0.35072187,0.6301345,-0.33865616,-0.054748483,-0.32332522,0.5359455,0.13041984,0.48826987,-0.35125047,0.76875705,0.096581824,-0.027400617,0.11313436,-0.42325073,0.49072614,0.5095911,0.28399146,0.21458636,-0.45367277,0.09110208,-0.1912158,-0.2628903,-0.3496105,0.114425935,-0.051478684,0.624725,-0.11354735,0.42740926,0.8138972,0.048487015,0.28520653,0.84084445,0.033086553,-0.9642662,0.30623558,-0.22061028,0.62144965,0.42073798,0.6470142,0.38217175,0.34454334,0.047915634,0.0582454,0.28676477,0.0024651494,-0.20482934,-0.13192998,0.52792954,-0.061672606,1.0579171,-0.63765347,0.62857217,-0.09437026,0.41239834,0.030164933,-0.5765236,-0.101455174,0.21986829,-0.34729064,-0.5928544,-0.26573554,-0.24154517,1.110949,0.12902686,2,8,-1.187769,-0.5260461,2.318591,1,7,16747520,5,-2047.5,O-CC
0.61182547,-0.27446643,0.027083408,0.38546506,-0.4989572,-1.3705148,0.28567123,-0.10737977,-0.95558167,1.1730068,-0.25221267,0.64546984,-0.107329175,-0.34823942,-0.38762382,0.19181888,-1.2964085,0.5598528,-0.017315613,0.9638598,-0.65374225,1.2351234,-0.58142036,0.32397476,-0.7076925,-0.21126793,-0.13251542,-0.59642726,-0.08763681,-0.054997526,0.37607116,0.8868129,0.73030347,-0.43445405,-0.55798304,0.38911054,-0.59640026,0.46613622,-0.06432496,-0.57847065,0.26846114,-0.27859798,0.31234407,-0.8101888,0.10950099,0.65785646,0.11984223,-0.36209974,-0.36866146,0.59039193,-0.10665548,-0.3568993,0.12589921,-1.2587813,-0.29805344,0.7154827,0.34045634,0.43486407,0.18172832,0.54927045,-0.54507697,0.51727754,-0.75641495,-0.7026169,-0.14710212,0.45201644,-0.36422783,-0.48736387,-0.5469667,0.10474002,0.13318607,0.8673578,0.06423166,0.35896102,0.07392175,-0.724696,0.08192167,-0.9377117,0.12747888,0.16627227,0.79704386,-0.54949224,-0.58308464,-1.0697556,-0.33599526,-0.88075167,-0.7938158,0.4573324,0.46262586,-0.2002746,-0.32794043,-0.41028348,0.039892368,1.0346401,0.46175864,0.50747675,0.10809928,0.244022,-0.6339185,-0.050237924,0.22345483,1.1681519,0.3339818,0.62670285,-0.32552618,-0.29878405,0.38546014,0.3222018,0.51943254,0.53813887,0.20765743,0.468106,-0.43954825,0.5130461,-0.23875687,0.19100007,1.0384458,0.63022727,-0.27501193,-0.28204256,-0.50541407,0.15528563,-0.5136903,-0.9936147,0.41234455,-0.09193552,1.1074121,-0.10889092,2,8,-0.76698077,2.3610222,-1.632864,8,5,6266528,5,-2047.3417,OH-C-CO
0.7667663,-0.017309682,0.05969232,0.62539524,-0.28853515,-0.508554,0.15146424,-0.1252673,-0.75818294,0.90879977,-0.5674817,0.62300044,0.4988704,-0.082723305,-0.47026387,0.33059207,-0.5485596,0.63584214,-0.11452162,0.5147374,-0.14168201,0.47757524,-0.8103956,0.27458957,-0.28089955,-0.6276611,-0.3908443,-0.8153847,-0.43603978,-0.06073577,0.07124565,0.791519,0.7520072,-0.1798984,-0.67267805,0.68450195,-0.29668975,0.6914431,0.123693086,-0.96055424,-0.21178134,-0.30881858,0.6238643,-1.0605834,-0.38235644,0.33174312,-0.3790116,-0.067220144,-0.09748361,0.46694815,0.9498075,-0.21079594,-0.39139324,-0.7551654,-0.27730632,0.29605725,0.30461055,0.24059395,0.08986721,0.42614827,-0.401604,0.7670819,-0.8876478,-0.31896102,0.22724018,0.52389723,-0.15288502,0.07493138,-0.45182872,0.4982889,1.0977926,0.4378183,0.6410832,0.7943471,0.41177854,-0.41867533,-0.35883734,-0.65730494,0.3737449,0.42716247,0.42603317,-0.3966651,-0.48463982,-0.5989958,0.16129908,-0.8711827,-0.5188012,0.1807086,0.04996439,-0.22636138,-0.3452786,-0.21117106,0.31947973,0.8353006,0.22779712,0.8082716,0.22805735,-0.005228446,0.099074796,-0.078551196,0.05395494,1.1234951,0.044610463,0.2733852,-0.4513177,0.394705,0.85015213,0.34601998,-0.18418942,-0.36923447,-0.18769807,0.74653864,-0.17964675,0.31172055,-0.6751494,-0.031219777,0.33010352,0.70521194,-0.7260794,-0.20372061,-0.4679261,0.07944016,-0.45278734,-0.5424675,0.3794393,-0.56883967,0.8249195,0.30582702,2,8,0.7961413,1.4002383,-2.7682996,18,15,16738740,5,-2048.504,O-C-CO
0.6206828,0.4071748,-0.045545533,0.4692086,-0.34277794,-0.39150828,-0.9158297,0.29926646,0.08967138,0.88108563,-0.17552859,0.6068977,0.8862634,0.12075708,-0.76973957,0.35622177,-1.0388104,0.33690903,0.06014151,0.77156514,-0.4070426,0.6286173,-0.3133228,0.34100398,-0.18821722,-0.32785648,-0.43860334,-1.1502726,0.106935725,0.4190265,0.39112857,0.40502492,1.0038549,-0.028631037,-0.07213947,0.96873784,-0.088336475,0.7994118,0.50650746,-0.07979581,0.12097032,0.31376296,0.10020262,-0.5247368,-0.11824344,0.5642905,0.40485924,0.6498336,0.25056353,0.20492604,0.2975355,-0.39359313,-0.10416104,-0.12599029,0.89513063,0.025758326,-0.024888033,0.48272106,0.13042882,0.11482248,0.05512336,0.43456265,0.11425802,-0.2634211,-0.077852726,0.5849172,-0.19099878,-0.14953825,-0.11912659,0.66515094,0.11319943,0.21636899,-0.05166481,0.7968903,0.16884089,-0.060906596,-0.06570248,-0.58825016,0.35888624,0.354774,0.23580787,0.017390806,-0.30214408,0.23361948,-0.2929065,-0.17242779,-0.34505332,0.121134445,-0.15308794,0.6327104,-0.6079468,0.35271102,0.8452629,-0.057373878,0.25732383,0.94240546,0.22470705,-1.0699906,0.56285316,-0.09743266,0.6654722,0.4524057,0.81364197,0.262993,0.3530298,0.3060845,0.10326371,0.1814636,-0.044311326,-0.515871,-0.106003895,0.6883813,-0.0639508,0.8942907,-0.5265578,0.55203426,-0.13535252,0.49806902,-0.086845174,-0.68856996,-0.45617247,0.1750444,-0.13675956,-0.47433543,-0.4681935,-0.45140046,1.0672754,0.20558554,3,8,0.58396405,-1.6627493,2.522201,1,7,16747520,5,-2047.5293,O-CC
0.70379966,-0.2822259,-0.13347787,0.3908195,-0.5786332,-1.4066291,0.29326332,-0.32436693,-1.2060201,1.2369335,-0.45996657,0.7817712,-0.023099799,-0.34446856,-0.480478,0.31273434,-1.2235434,0.3601958,-0.1534342,1.1448503,-0.4958504,1.0732318,-0.7531551,0.27014843,-0.8493116,-0.18454596,-0.12605657,-0.57218885,-0.18943024,-0.1342982,0.3396118,0.85212183,0.75535923,-0.50092304,-0.67542666,0.35794106,-0.6162096,0.41299236,-0.060131423,-0.6324027,0.29839617,-0.43215948,0.45079744,-0.9292868,-0.06462588,0.6150153,0.0058083213,-0.30203718,-0.40475664,0.5938239,-0.02095462,-0.19569212,0.12872925,-1.3306267,-0.477073,0.60805815,0.37647122,0.32587248,0.37663364,0.6023697,-0.4769235,0.7433247,-0.78275675,-0.6665863,0.011625068,0.47310066,-0.35337347,-0.45537755,-0.45380488,0.2888053,0.2838121,0.98970705,0.07398773,0.43725553,0.23188515,-0.8066481,-0.13775612,-0.96414775,0.17131768,0.113569595,0.9307436,-0.5097445,-0.7501686,-1.2784548,-0.4220267,-0.7942835,-0.9285201,0.5244373,0.6490156,-0.18884943,-0.39517537,-0.5347376,-0.11244891,1.1895914,0.45724508,0.5574311,0.09953628,0.2993451,-0.51685023,-0.1514756,0.31963485,1.2468593,0.15650754,0.64501184,-0.291979,-0.1772771,0.39354122,0.23149066,0.4825156,0.5835497,0.2867443,0.6690357,-0.46490714,0.43712342,-0.32928726,0.2830234,1.2063677,0.73880196,-0.34789518,-0.26586366,-0.47453704,0.2334656,-0.584327,-0.95011836,0.33640912,-0.21696033,1.1543053,0.1533792,3,8,-1.6057531,2.328554,-1.8291489,8,5,6266528,5,-2047.3091,OH-C-CO
0.81666726,-0.08540421,-0.12747759,0.6545932,-0.26581576,-0.62205,0.17692837,-0.21684375,-0.9059098,0.9687396,-0.6853977,0.63872325,0.3927083,-0.15876052,-0.44719633,0.3219348,-0.46870083,0.5909238,-0.10040022,0.6617106,-0.058038436,0.43816406,-0.8538608,0.29134923,-0.34649676,-0.5457591,-0.28268495,-0.86644435,-0.38835722,-0.046052713,0.08967573,0.8404014,0.7606485,-0.23607284,-0.74400175,0.6202965,-0.36597306,0.67234844,0.08804547,-0.90355086,-0.17381725,-0.39094675,0.5692613,-1.0247064,-0.38916796,0.41246453,-0.35323453,-0.09804237,-0.116866715,0.5095669,0.8814566,-0.04560251,-0.29598194,-0.8421933,-0.30374163,0.20166866,0.3296939,0.33793563,0.18789652,0.4075327,-0.4206347,0.8176521,-0.905299,-0.4029828,0.22895712,0.4908436,-0.19705625,0.07024991,-0.38402095,0.4673097,0.98538995,0.4908845,0.72021484,0.74401444,0.40760747,-0.46619886,-0.48083594,-0.60854304,0.31901994,0.2557433,0.53558683,-0.45419693,-0.549635,-0.6855398,0.14948955,-0.7609788,-0.6807557,0.21363619,0.1654277,-0.20046806,-0.53928226,-0.33645713,0.23718628,0.87687266,0.33260262,0.7568483,0.22419763,0.0031348153,0.14367644,-0.112356864,0.13540499,1.2204697,-0.02102428,0.1895067,-0.54146856,0.40337247,0.7688909,0.33898652,-0.18877402,-0.2677402,-0.0615191,0.77931726,-0.2093274,0.3344826,-0.67355645,-0.0024912362,0.34495047,0.710187,-0.66772956,-0.2924202,-0.4127885,0.15105744,-0.501029,-0.5888439,0.39299467,-0.5826892,0.81967676,0.4251566,3,8,-0.034327213,1.3066198,-2.899596,18,15,16738740,5,-2048.4885,O-C-CO
0.6967981,-0.30382454,-0.07565209,0.3059732,-0.5838444,-1.4316775,0.107063726,-0.2091671,-1.0874535,1.224986,-0.48785222,0.8390129,0.081893854,-0.33097473,-0.5839098,0.24207388,-1.293917,0.45139158,-0.12033743,1.0318813,-0.6527213,1.252491,-0.7868814,0.2003211,-0.8832186,-0.20738818,-0.20488271,-0.5652744,-0.03978529,-0.11024126,0.43990126,0.78028166,0.77095646,-0.4163356,-0.55923903,0.45653337,-0.6254697,0.5466588,0.07431317,-0.5307074,0.48758912,-0.3199592,0.43371695,-0.93163466,0.025424682,0.6443653,-0.0024190769,-0.3082459,-0.3767171,0.39302072,-0.0056480677,-0.39704722,0.18492857,-1.3338399,-0.38873583,0.7364479,0.23465303,0.40138787,0.20925803,0.6376162,-0.58979166,0.82088214,-0.6402919,-0.69603485,-0.04891238,0.56864434,-0.31522667,-0.4981461,-0.5350909,0.31878716,0.21562415,0.93196607,-0.15660244,0.48104316,0.18758973,-0.58098835,0.015550398,-1.2197013,0.12673675,0.18212362,0.9523881,-0.27183515,-0.72454756,-1.048767,-0.42600504,-0.7788081,-0.8942647,0.63244236,0.665644,-0.1227361,-0.2817037,-0.40623865,-0.044987883,1.1857307,0.39674446,0.6281561,0.003559969,0.13810714,-0.53473103,-0.21836893,0.3859105,1.0252638,0.25440004,0.752449,-0.31715456,-0.33965656,0.32304192,0.20649229,0.5404883,0.62827694,0.25976595,0.5787471,-0.4214726,0.4184708,-0.35390908,0.26247928,1.1161014,0.861372,-0.384723,-0.23675394,-0.60181814,0.23787546,-0.41051486,-0.9478443,0.24632657,-0.12789948,1.2239947,0.056219757,4,8,-1.0146668,-0.27621272,-3.4391367,8,5,6266528,5,-2047.3481,OH-C-CO
0.7989058,-0.014280306,-0.069961496,0.6795293,-0.24486451,-0.68861187,-0.017444912,-0.18961693,-0.81030643,1.0624253,-0.7479254,0.6886851,0.51252866,-0.11390383,-0.68930304,0.19898382,-0.58357954,0.7384253,-0.09142858,0.48448884,-0.14724639,0.6410917,-0.97763276,0.23109265,-0.37349,-0.58770293,-0.3739949,-0.8665534,-0.27201906,-0.06701097,0.1415503,0.8079588,0.8742431,-0.15974072,-0.6846435,0.75849026,-0.36772949,0.90054244,0.26305905,-0.8608585,-0.04789852,-0.2849233,0.6782168,-1.0820442,-0.33714932,0.6015092,-0.34709796,-0.13073795,-0.12068813,0.3698342,1.0600609,-0.29448467,-0.3698462,-0.9062171,-0.22567981,0.3083891,0.23356587,0.41558686,-0.04496447,0.4078853,-0.5431953,0.8820896,-0.8770278,-0.48215383,0.2217939,0.5464506,-0.18468441,0.11629755,-0.3814948,0.5845054,1.0868001,0.45732927,0.5884792,0.7828036,0.4309257,-0.31926504,-0.371025,-0.9741523,0.4143952,0.43359718,0.49544138,-0.17456254,-0.531416,-0.46348587,0.07830779,-0.8554726,-0.6034283,0.26822865,0.10635289,-0.17484556,-0.45366484,-0.262766,0.29274908,0.8604267,0.30701756,0.8246537,0.117262505,-0.15953074,0.122119576,-0.29695672,0.049165394,1.048161,0.070435986,0.29240084,-0.5917571,0.3983523,0.8366936,0.3214829,-0.20848551,-0.32779694,-0.22172025,0.7546902,-0.2218166,0.33212107,-0.7456457,-0.11019103,0.23711413,0.8330072,-0.6943815,-0.23452082,-0.54547435,0.07826672,-0.37651372,-0.57574254,0.327447,-0.5730782,0.9156269,0.3458025,4,8,0.014952207,-2.0594606,-2.7921832,18,15,16738740,5,-2048.5264,O-C-CO
0.3997734,-0.03991646,-0.27812582,0.64810306,-0.3042634,-0.6876232,0.35664043,0.18264756,-0.9573025,0.74495506,-0.55984104,0.6085026,0.380557,0.11173808,-0.46739504,0.3770386,-0.5030749,0.46072972,-0.1848034,0.6140515,-0.20676176,0.43419042,-0.72651,0.13681602,-0.47082356,-0.3512957,-0.25904566,-0.5370079,-0.21458833,-0.019595582,0.057559106,0.6321534,0.3968653,-0.23987362,-0.44900382,0.5962772,-0.20251599,0.5878279,0.17619577,-0.55833584,-0.17739752,-0.17510231,0.47724402,-0.7528572,0.0011972911,0.15196101,-0.5717174,0.14205606,-0.18006858,0.15444525,0.58174944,-0.1587098,-0.25621688,-0.6056779,-0.21965009,0.30660072,0.031051463,0.6168088,0.3424371,0.44174165,-0.2077269,0.6578133,-0.75337553,-0.17971283,0.62052953,0.4604398,-0.24469334,0.096824214,-0.49243933,0.5557833,0.5725119,0.6362276,0.3424179,0.5803408,0.2563521,-0.5102101,-0.19593458,-0.81011426,0.18217823,0.30145442,0.5289325,0.086208604,-0.74937814,-0.32072535,-0.043607097,-0.76464415,-0.6889566,0.0846662,0.28793523,-0.23831868,-0.25696504,-0.07979661,0.41869557,0.63541573,0.051526185,0.94548076,0.21080065,0.057552204,-0.15111062,-0.19295189,0.32742053,0.779224,0.22881815,0.35042077,-0.37655032,0.021269869,0.7212504,0.28134272,0.15228088,-0.037308734,0.018977573,0.48480892,-0.056740895,0.13231966,-0.5697508,-0.18757248,0.4808286,0.41901523,-0.6266239,0.025194699,-0.48509577,-0.074457936,-0.34315097,-0.56621194,0.28804654,-0.21369514,0.60440284,0.33350655,4,8,-0.030824875,2.1206083,2.8294559,15,11,16758465,5,-2048.4602,O-C-CC
0.73062426,-0.104514025,-0.102633685,0.39581344,-0.601018,-1.488186,0.30059877,-0.19427046,-0.83897126,1.1092216,-0.38521394,0.66039985,-0.052815907,-0.30636996,-0.37595865,0.12645435,-1.314119,0.56537855,-0.004792648,1.0467597,-0.6379135,1.3250935,-0.6831866,0.30344722,-0.8268889,-0.21654746,0.008057762,-0.70053214,-0.08138256,0.11901995,0.4278461,0.93084186,0.93765527,-0.349697,-0.48411313,0.51753837,-0.6636467,0.48086745,-0.12899292,-0.46466514,0.23530045,-0.27221295,0.39257067,-0.9123402,-0.09995051,0.8851647,0.22521931,-0.27940634,-0.500565,0.6698762,0.023940139,-0.41877115,0.23235047,-1.2962744,-0.4186548,0.6833364,0.31973627,0.381663,0.23620182,0.49174854,-0.5916927,0.72641844,-0.8139613,-0.64634746,-0.2725502,0.48294505,-0.42687193,-0.37747064,-0.6211245,0.20684318,0.055314798,1.0305264,0.019841935,0.3168973,0.1502523,-0.79990053,-0.032244537,-0.8821423,0.26834062,0.22248723,0.855871,-0.632914,-0.502252,-1.1334763,-0.42005318,-0.7423391,-0.96113515,0.5204235,0.62768203,-0.028193207,-0.4601633,-0.5794243,-0.061875604,1.031686,0.4326893,0.48553213,0.12526548,0.15112683,-0.5440734,-0.09261268,0.24854182,1.1432447,0.18310882,0.7049302,-0.27749693,-0.19431762,0.3329647,0.32614812,0.51164585,0.55712605,0.15223175,0.58597726,-0.45800778,0.6197866,-0.26553985,0.27082747,1.1057427,0.81481534,-0.26410323,-0.2754851,-0.43087864,0.25920573,-0.6706943,-0.9239405,0.3431908,-0.19038102,1.1257766,-0.0033954782,5,8,2.2295694,-1.5017477,-1.4167057,8,5,6266528,5,-2047.4102,OH-C-CO
0.65477973,0.082385786,-0.04722121,0.75197685,-0.3223957,-0.80330014,0.03396927,-0.008778535,-0.84760416,0.9975844,-0.68910646,0.49609858,0.5619195,-0.17245528,-0.62976384,0.45524776,-0.7496673,0.71123105,-0.23640752,0.5612471,-0.12049834,0.69153905,-0.9441081,0.22514428,-0.35998514,-0.52836436,-0.43154863,-0.75343585,-0.27967998,-0.09094822,0.24019125,0.89668584,0.7037419,-0.30666307,-0.76804245,0.81695324,-0.29541746,0.8519687,0.15321553,-0.9409349,-0.11615216,-0.2142833,0.50577474,-1.1596305,-0.21042943,0.49950916,-0.38547668,0.005681962,-0.11535481,0.4470753,1.0173318,-0.27532634,-0.5793241,-0.9100394,-0.40620425,0.34407452,0.24667972,0.406893,0.07808495,0.5224066,-0.41361365,0.9759697,-0.9894985,-0.340675,0.32849365,0.48104918,-0.24331868,0.09978262,-0.4456328,0.63462484,1.1234717,0.4821311,0.6615879,0.8107092,0.49638253,-0.2663278,-0.47775066,-0.9816634,0.38637164,0.45092398,0.39023006,-0.27432013,-0.5545222,-0.50808966,0.08206868,-0.9215641,-0.5882444,0.16144489,0.1434699,-0.33273846,-0.39883468,-0.19251917,0.3901369,0.94478333,0.20446919,0.98707515,0.1409379,-0.07529931,0.04400734,-0.28644934,-0.008877369,1.096276,0.019333236,0.22464743,-0.5313826,0.455114,0.9356158,0.32754475,-0.07751402,-0.44171143,-0.2446535,0.7654348,-0.28526995,0.30344594,-0.7134183,-0.17569289,0.2712372,0.99790627,-0.75551236,-0.18803436,-0.6150353,0.02678063,-0.35156092,-0.6318251,0.3762408,-0.581034,0.884155,0.37368673,5,8,3.3834562,-0.07116173,-0.2874927,18,15,16738740,5,-2048.5393,O-C-CO
0.4279693,0.16181338,-0.34647983,0.5709106,-0.37564102,-0.604873,0.35162145,0.26224315,-0.69670784,0.50966483,-0.27827582,0.5263198,0.22764604,0.15211716,-0.109898016,0.29420745,-0.4757253,0.42441636,-0.13367112,0.59410304,-0.15183601,0.55185443,-0.5835219,0.16975844,-0.4507423,-0.55237114,-0.07895467,-0.77389455,-0.25695136,0.27704275,0.07791539,0.6732362,0.4730067,-0.28035975,-0.30241868,0.5995629,-0.26149935,0.40863115,0.0705367,-0.6147911,-0.2692194,-0.10033138,0.3672979,-0.68795234,-0.08110931,0.24259713,-0.32314926,0.23769334,-0.28719512,0.3571756,0.59005105,-0.18409985,-0.09695146,-0.50315326,-0.14691395,0.18676047,0.15886332,0.585712,0.429539,0.3180738,-0.09350786,0.54177916,-0.68417305,-0.031923875,0.25859922,0.4117141,-0.3080026,0.12658706,-0.5969266,0.36817086,0.52968866,0.62831664,0.38061458,0.5505446,0.02224568,-0.5046041,-0.23431298,-0.26119792,0.28389803,0.2768724,0.33165404,-0.1461006,-0.48000324,-0.2738458,0.03691739,-0.5521145,-0.70818245,0.00901767,0.36374998,-0.09882113,-0.30284896,-0.035147093,0.4763136,0.54442984,0.13466355,0.87908757,0.32132757,0.0644412,0.03223141,-0.025131522,0.48713765,0.81855816,0.08213045,0.36499047,-0.32053545,0.14510125,0.51787233,0.45979238,0.1310268,-0.07416429,-0.015009733,0.45587763,-0.0151508115,0.35313767,-0.52487886,0.018082695,0.4742126,0.393521,-0.5428532,-0.007576903,-0.0831214,-0.024916185,-0.6506981,-0.4971165,0.31718454,-0.2009933,0.47880274,0.28213236,5,8,-2.5203257,-1.2406456,-0.87853366,15,11,16758465,5,-2048.4949,O-C-CC
vs0,vs1,vs2,vs3,vs4,vs5,vs6,vs7,vs8,vs9,vs10,vs11,vs12,vs13,vs14,vs15,vs16,vs17,vs18,vs19,vs20,vs21,vs22,vs23,vs24,vs25,vs26,vs27,vs28,vs29,vs30,vs31,vs32,vs33,vs34,vs35,vs36,vs37,vs38,vs39,vs40,vs41,vs42,vs43,vs44,vs45,vs46,vs47,vs48,vs49,vs50,vs51,vs52,vs53,vs54,vs55,vs56,vs57,vs58,vs59,vs60,vs61,vs62,vs63,vs64,vs65,vs66,vs67,vs68,vs69,vs70,vs71,vs72,vs73,vs74,vs75,vs76,vs77,vs78,vs79,vs80,vs81,vs82,vs83,vs84,vs85,vs86,vs87,vs88,vs89,vs90,vs91,vs92,vs93,vs94,vs95,vs96,vs97,vs98,vs99,vs100,vs101,vs102,vs103,vs104,vs105,vs106,vs107,vs108,vs109,vs110,vs111,vs112,vs113,vs114,vs115,vs116,vs117,vs118,vs119,vs120,vs121,vs122,vs123,vs124,vs125,vs126,vs127,mol_index,atomic_number,coordx,coordy,coordz,ldalabel,gnumarker,gnucolor,layer,atomizationE,fg_key 
0.72268784,-0.104303285,-0.08667125,0.30396685,-0.4922222,-1.3821107,0.24601778,-0.2754832,-1.039999,1.1363086,-0.37119332,0.66839826,0.01681858,-0.29720148,-0.50099635,0.23171242,-1.2041918,0.5042097,-0.0043103215,0.9390959,-0.5067234,1.1598129,-0.69153374,0.3029631,-0.70003855,-0.18023385,-0.05454487,-0.661733,-0.17761755,-0.0132486615,0.4145241,0.8578189,0.826216,-0.45862797,-0.5578273,0.3786002,-0.6246364,0.4609754,0.0033091623,-0.58853084,0.31155267,-0.3258526,0.5123987,-0.88990736,0.013165144,0.7492133,-0.043686733,-0.2847514,-0.40239623,0.41371807,-0.017265962,-0.30676588,0.2358951,-1.3345163,-0.34204096,0.65910745,0.2731494,0.40858528,0.2122612,0.52489924,-0.48737702,0.7024264,-0.7174276,-0.72384155,-0.059251577,0.5006507,-0.35219005,-0.4757112,-0.4686941,0.19008787,0.26594386,0.92655957,0.010133015,0.40557805,0.22761674,-0.88529783,0.08330171,-0.94085205,0.22205314,0.19569845,0.82477385,-0.35158274,-0.6432515,-1.0567452,-0.49011496,-0.8366374,-0.83755445,0.47392926,0.58464485,-0.14103442,-0.3229407,-0.5845121,-0.08758243,1.0368756,0.47392312,0.49919766,0.22135383,0.19709161,-0.52791876,-0.17676662,0.29805958,1.0842128,0.4052412,0.745601,-0.30512902,-0.2525053,0.30174518,0.23020077,0.5067109,0.5364295,0.22924112,0.57267153,-0.42766446,0.58814126,-0.18133935,0.15086524,0.9995768,0.73302364,-0.35937998,-0.34297413,-0.41848138,0.18209393,-0.5143533,-0.89715236,0.28444782,-0.16520056,1.0927159,-5.427003e-05,0,8,-0.99695534,2.0000138,-1.1902825,8,5,6266528,5,-2047.2892,OH-C-CO
0.82749194,0.112455346,-0.006260489,0.53238404,-0.28508765,-0.54610133,0.06775264,-0.105684355,-0.70018506,0.8455576,-0.48779437,0.46295592,0.33945116,-0.14164685,-0.41224357,0.2573215,-0.500719,0.66075385,-2.8815819e-05,0.44248635,-0.009112712,0.5073932,-0.7521945,0.2226971,-0.17971456,-0.5135809,-0.20626827,-0.7953114,-0.33781213,0.070083484,0.12822345,0.7575882,0.78398675,-0.14912608,-0.67064995,0.65737104,-0.28988257,0.7159958,0.16394696,-0.8875551,-0.15499613,-0.29100725,0.58514255,-0.9725537,-0.2791588,0.46018496,-0.29109454,-0.06141018,-0.14817409,0.3999928,0.9352208,-0.20631798,-0.29820272,-0.75322723,-0.16688061,0.30710533,0.22675541,0.3024215,0.009437232,0.41142374,-0.35491198,0.7498244,-0.8118938,-0.34432825,0.14588591,0.48312616,-0.14451373,0.06580103,-0.388286,0.38931516,1.0346833,0.2974569,0.61242354,0.73740387,0.4604031,-0.44525012,-0.30347288,-0.5623426,0.4239863,0.37756264,0.35070392,-0.30210382,-0.34027326,-0.45789182,0.13518165,-0.7345219,-0.43785328,0.14683227,0.081305675,-0.12246995,-0.45031065,-0.3322805,0.30495164,0.8100986,0.35161483,0.75630116,0.2703155,-0.086346574,0.17773093,-0.19614233,0.06266183,1.1144843,0.088829026,0.29521695,-0.5835225,0.37814972,0.73678255,0.44006252,-0.24736726,-0.29828966,-0.110346355,0.6777973,-0.2433486,0.44856006,-0.5790953,-0.10917442,0.16733176,0.69792455,-0.7283188,-0.28275067,-0.3576618,0.14420606,-0.42021757,-0.48422226,0.3440101,-0.53904474,0.7605999,0.31630322,0,8,0.6888697,0.99677306,-2.0888596,18,15,16738740,5,-2048.5076,O-C-CO
0.71072865,0.208677,0.0073872553,0.34791422,-0.4566936,-0.30343404,-0.5412635,-0.089346014,-0.25399354,0.6676696,0.08695183,0.5423688,0.60395956,-0.26807186,-0.9637499,-0.52791286,-0.6114535,0.1837674,0.066088706,0.7418478,0.0103952475,0.3145942,0.048899278,0.12815224,-0.14873695,-0.30815667,-0.5322219,-0.84098953,0.24272335,0.3777978,-0.11294961,0.23849319,1.1954243,-0.24809389,-0.0173655,0.5653666,-0.3167584,0.6668276,0.3936624,-0.09466949,0.15031868,0.19125935,0.48705977,-0.39859012,-0.49665448,0.7071103,0.4808665,0.41866505,0.3940936,-0.046622153,0.18876953,-0.49475926,0.08289079,0.046010915,1.2641522,0.12802444,0.040491596,-0.11108752,-0.16337888,-0.3129072,-0.10161301,0.38675538,0.38889006,-0.54811084,-0.51962835,0.23607826,0.004613427,-0.15320012,0.17469269,0.14738278,0.4158473,0.152972,-0.14127396,0.768257,-0.10496329,-0.17386486,0.05553537,-0.06873414,0.55916363,-0.065497376,0.270837,0.19141962,-0.15047245,-0.2626884,-0.20439167,-0.06840489,-0.12480581,0.055812687,-0.17179908,0.4391091,-0.08577144,0.094304964,0.29502645,-0.17987283,0.5442886,0.8814251,0.091117375,-0.8246467,0.24911341,-0.14342615,0.22950552,0.50155973,0.7077858,0.24522546,0.22800408,0.16430736,0.023541737,0.49601927,-0.011855213,-0.45541838,0.19136947,0.792696,-0.49062726,0.88427955,-0.42280588,0.45975053,-0.15900302,0.5159596,0.193293,-0.97638834,-0.20973955,0.15794998,-0.13894235,-0.17294158,-0.34320542,-0.78815514,0.83310944,-0.09435514,1,8,-1.7063141,0.59385836,0.5389395,1,7,16747520,5,-2047.5795,O-CC
0.7684787,-0.24921103,-0.059398033,0.51334184,-0.32521906,-1.625192,0.30488184,-0.5528884,-1.4047533,1.4452897,-0.54028255,0.59121984,-0.4802776,-0.5667913,-0.7079054,-0.22101851,-0.87271523,0.58681685,-0.23787332,1.0269132,-0.38858342,1.151634,-0.41405737,0.2683126,-0.38712516,-0.22601295,-0.20409015,-0.43261158,0.122955784,-0.092661284,0.33334646,0.8184387,0.6845416,-0.33287933,-0.51255596,0.3543345,-0.50451696,0.38556832,0.073593736,-0.6336917,0.23071572,-0.70148754,0.38799086,-0.8020131,-0.11348228,0.40512544,-0.14516751,-0.08164666,-0.36534902,0.39752012,0.026501022,-0.09466982,-0.02909457,-1.1857456,-0.27853602,0.47459042,0.62912625,0.16492797,-0.28181174,0.5541815,-0.46541482,0.24639426,-0.63882565,-0.7035098,0.0048833196,0.5412643,-0.3040245,-0.4231264,-0.44749257,-0.1892668,0.526793,0.89445156,0.21566613,0.35410714,0.08520966,-0.7215939,-0.050835554,-1.2081176,0.38463742,-0.2214509,0.7725876,-0.5629989,-0.5375932,-1.1257173,-0.34443504,-0.8150905,-0.57770056,0.54757965,0.43053713,0.07072431,-0.41526273,-0.6109708,-0.2179763,1.0712494,0.5197743,0.3416533,0.072295554,0.19017126,-0.92133266,-0.13091967,0.116339654,1.1450348,0.16967493,0.5255282,-0.5195233,-0.20977813,0.24457194,0.5334187,0.7051828,0.14719723,0.4869104,0.7515233,-0.72990274,0.3292417,-0.0358682,0.1207509,0.63369805,0.6322742,-0.0738067,-0.61963254,-0.38787672,0.22685692,-0.75315017,-1.0793128,0.713795,-0.13800155,0.90939593,-0.16044398,1,8,-0.535398,1.7560713,-1.5062255,8,5,6266528,5,-2047.2936,OH-C-CO
0.58450264,0.0055524562,-0.10484053,0.7154966,-0.35344437,-0.37348002,0.19368497,-0.01709131,-0.6417229,0.77373,-0.29568198,0.43771818,-0.0075189667,-0.2761262,-0.2817217,0.33408943,-0.4679519,0.9584679,0.09307583,0.5021255,0.054542243,0.5463504,-0.69907343,0.030797636,-0.09858408,-0.47168207,-0.40009475,-0.80030483,-0.14944763,0.055011667,0.27832684,0.90151185,0.7713222,-0.07486567,-0.66084737,0.8984767,-0.17961706,0.7353222,0.10154764,-0.8360561,-0.22703211,-0.27064663,0.42920426,-0.9443344,-0.31344056,0.4634085,-0.19298513,-0.20901003,-0.2254189,0.5004011,0.8242953,-0.4863231,-0.15774578,-0.72075963,0.06539309,0.37446848,0.40185603,0.2927041,0.18364985,0.30230638,-0.3871077,0.44601795,-0.6522976,-0.27199802,-0.07955847,0.49694186,-0.38848442,0.22673962,-0.32134387,0.12691857,1.0701839,0.65589017,0.87324184,0.4697883,0.21203497,-0.09803692,-0.27807838,-0.2872505,0.32681802,0.058811124,0.18532702,-0.506262,-0.3573935,-0.52133036,0.20012651,-0.82778955,-0.41294703,-0.16459206,-0.037929274,-0.07421601,-0.2650526,-0.1681029,0.16351227,0.71252906,0.31861424,0.7464593,0.05599249,-0.20695905,0.0022344617,-0.038721565,-0.019741276,1.2693036,-0.16456765,0.14278579,-0.6073306,0.3128421,0.8134187,0.38097334,-0.1890721,-0.33154663,0.104947746,0.66667235,-0.2186684,0.37170482,-0.52719253,-0.1539483,0.22668374,0.42263445,-0.40172675,-0.17188187,-0.1595701,0.19758242,-0.47656584,-0.5439543,0.47479025,-0.3174554,0.54844546,0.28028756,1,8,1.4712551,1.1209373,-1.9102825,18,15,16738740,5,-2048.5574,O-C-CO
0.5805696,0.31134352,0.08071053,0.2383224,-0.5423997,-0.26911062,-0.74806696,0.23860341,0.22210988,0.48594013,0.025584092,0.7700093,0.57870185,0.07630116,-0.5853111,0.20314029,-0.9230964,0.30103278,0.18499337,0.6964567,-0.4026177,0.68665457,-0.37699792,0.17623782,-0.09334288,-0.42710575,-0.3984175,-1.1184173,0.09449838,0.5340189,0.3106856,0.43237764,1.0493029,-0.025932586,0.24004146,0.9595474,-0.33550647,0.7291122,0.39469945,-0.07061562,0.16454577,0.3189884,0.20165014,-0.6021336,-0.27613804,0.69654036,0.58287287,0.41863877,0.21057498,0.17451335,0.25599757,-0.60131294,0.18309575,-0.11974538,1.101338,0.12943375,-0.26696995,0.2905401,0.0068139425,-0.06907425,-0.14202459,0.4035322,0.38363844,-0.29120305,-0.35072187,0.6301345,-0.33865616,-0.054748483,-0.32332522,0.5359455,0.13041984,0.48826987,-0.35125047,0.76875705,0.096581824,-0.027400617,0.11313436,-0.42325073,0.49072614,0.5095911,0.28399146,0.21458636,-0.45367277,0.09110208,-0.1912158,-0.2628903,-0.3496105,0.114425935,-0.051478684,0.624725,-0.11354735,0.42740926,0.8138972,0.048487015,0.28520653,0.84084445,0.033086553,-0.9642662,0.30623558,-0.22061028,0.62144965,0.42073798,0.6470142,0.38217175,0.34454334,0.047915634,0.0582454,0.28676477,0.0024651494,-0.20482934,-0.13192998,0.52792954,-0.061672606,1.0579171,-0.63765347,0.62857217,-0.09437026,0.41239834,0.030164933,-0.5765236,-0.101455174,0.21986829,-0.34729064,-0.5928544,-0.26573554,-0.24154517,1.110949,0.12902686,2,8,-1.187769,-0.5260461,2.318591,1,7,16747520,5,-2047.5,O-CC
0.61182547,-0.27446643,0.027083408,0.38546506,-0.4989572,-1.3705148,0.28567123,-0.10737977,-0.95558167,1.1730068,-0.25221267,0.64546984,-0.107329175,-0.34823942,-0.38762382,0.19181888,-1.2964085,0.5598528,-0.017315613,0.9638598,-0.65374225,1.2351234,-0.58142036,0.32397476,-0.7076925,-0.21126793,-0.13251542,-0.59642726,-0.08763681,-0.054997526,0.37607116,0.8868129,0.73030347,-0.43445405,-0.55798304,0.38911054,-0.59640026,0.46613622,-0.06432496,-0.57847065,0.26846114,-0.27859798,0.31234407,-0.8101888,0.10950099,0.65785646,0.11984223,-0.36209974,-0.36866146,0.59039193,-0.10665548,-0.3568993,0.12589921,-1.2587813,-0.29805344,0.7154827,0.34045634,0.43486407,0.18172832,0.54927045,-0.54507697,0.51727754,-0.75641495,-0.7026169,-0.14710212,0.45201644,-0.36422783,-0.48736387,-0.5469667,0.10474002,0.13318607,0.8673578,0.06423166,0.35896102,0.07392175,-0.724696,0.08192167,-0.9377117,0.12747888,0.16627227,0.79704386,-0.54949224,-0.58308464,-1.0697556,-0.33599526,-0.88075167,-0.7938158,0.4573324,0.46262586,-0.2002746,-0.32794043,-0.41028348,0.039892368,1.0346401,0.46175864,0.50747675,0.10809928,0.244022,-0.6339185,-0.050237924,0.22345483,1.1681519,0.3339818,0.62670285,-0.32552618,-0.29878405,0.38546014,0.3222018,0.51943254,0.53813887,0.20765743,0.468106,-0.43954825,0.5130461,-0.23875687,0.19100007,1.0384458,0.63022727,-0.27501193,-0.28204256,-0.50541407,0.15528563,-0.5136903,-0.9936147,0.41234455,-0.09193552,1.1074121,-0.10889092,2,8,-0.76698077,2.3610222,-1.632864,8,5,6266528,5,-2047.3417,OH-C-CO
0.7667663,-0.017309682,0.05969232,0.62539524,-0.28853515,-0.508554,0.15146424,-0.1252673,-0.75818294,0.90879977,-0.5674817,0.62300044,0.4988704,-0.082723305,-0.47026387,0.33059207,-0.5485596,0.63584214,-0.11452162,0.5147374,-0.14168201,0.47757524,-0.8103956,0.27458957,-0.28089955,-0.6276611,-0.3908443,-0.8153847,-0.43603978,-0.06073577,0.07124565,0.791519,0.7520072,-0.1798984,-0.67267805,0.68450195,-0.29668975,0.6914431,0.123693086,-0.96055424,-0.21178134,-0.30881858,0.6238643,-1.0605834,-0.38235644,0.33174312,-0.3790116,-0.067220144,-0.09748361,0.46694815,0.9498075,-0.21079594,-0.39139324,-0.7551654,-0.27730632,0.29605725,0.30461055,0.24059395,0.08986721,0.42614827,-0.401604,0.7670819,-0.8876478,-0.31896102,0.22724018,0.52389723,-0.15288502,0.07493138,-0.45182872,0.4982889,1.0977926,0.4378183,0.6410832,0.7943471,0.41177854,-0.41867533,-0.35883734,-0.65730494,0.3737449,0.42716247,0.42603317,-0.3966651,-0.48463982,-0.5989958,0.16129908,-0.8711827,-0.5188012,0.1807086,0.04996439,-0.22636138,-0.3452786,-0.21117106,0.31947973,0.8353006,0.22779712,0.8082716,0.22805735,-0.005228446,0.099074796,-0.078551196,0.05395494,1.1234951,0.044610463,0.2733852,-0.4513177,0.394705,0.85015213,0.34601998,-0.18418942,-0.36923447,-0.18769807,0.74653864,-0.17964675,0.31172055,-0.6751494,-0.031219777,0.33010352,0.70521194,-0.7260794,-0.20372061,-0.4679261,0.07944016,-0.45278734,-0.5424675,0.3794393,-0.56883967,0.8249195,0.30582702,2,8,0.7961413,1.4002383,-2.7682996,18,15,16738740,5,-2048.504,O-C-CO
0.6206828,0.4071748,-0.045545533,0.4692086,-0.34277794,-0.39150828,-0.9158297,0.29926646,0.08967138,0.88108563,-0.17552859,0.6068977,0.8862634,0.12075708,-0.76973957,0.35622177,-1.0388104,0.33690903,0.06014151,0.77156514,-0.4070426,0.6286173,-0.3133228,0.34100398,-0.18821722,-0.32785648,-0.43860334,-1.1502726,0.106935725,0.4190265,0.39112857,0.40502492,1.0038549,-0.028631037,-0.07213947,0.96873784,-0.088336475,0.7994118,0.50650746,-0.07979581,0.12097032,0.31376296,0.10020262,-0.5247368,-0.11824344,0.5642905,0.40485924,0.6498336,0.25056353,0.20492604,0.2975355,-0.39359313,-0.10416104,-0.12599029,0.89513063,0.025758326,-0.024888033,0.48272106,0.13042882,0.11482248,0.05512336,0.43456265,0.11425802,-0.2634211,-0.077852726,0.5849172,-0.19099878,-0.14953825,-0.11912659,0.66515094,0.11319943,0.21636899,-0.05166481,0.7968903,0.16884089,-0.060906596,-0.06570248,-0.58825016,0.35888624,0.354774,0.23580787,0.017390806,-0.30214408,0.23361948,-0.2929065,-0.17242779,-0.34505332,0.121134445,-0.15308794,0.6327104,-0.6079468,0.35271102,0.8452629,-0.057373878,0.25732383,0.94240546,0.22470705,-1.0699906,0.56285316,-0.09743266,0.6654722,0.4524057,0.81364197,0.262993,0.3530298,0.3060845,0.10326371,0.1814636,-0.044311326,-0.515871,-0.106003895,0.6883813,-0.0639508,0.8942907,-0.5265578,0.55203426,-0.13535252,0.49806902,-0.086845174,-0.68856996,-0.45617247,0.1750444,-0.13675956,-0.47433543,-0.4681935,-0.45140046,1.0672754,0.20558554,3,8,0.58396405,-1.6627493,2.522201,1,7,16747520,5,-2047.5293,O-CC
0.70379966,-0.2822259,-0.13347787,0.3908195,-0.5786332,-1.4066291,0.29326332,-0.32436693,-1.2060201,1.2369335,-0.45996657,0.7817712,-0.023099799,-0.34446856,-0.480478,0.31273434,-1.2235434,0.3601958,-0.1534342,1.1448503,-0.4958504,1.0732318,-0.7531551,0.27014843,-0.8493116,-0.18454596,-0.12605657,-0.57218885,-0.18943024,-0.1342982,0.3396118,0.85212183,0.75535923,-0.50092304,-0.67542666,0.35794106,-0.6162096,0.41299236,-0.060131423,-0.6324027,0.29839617,-0.43215948,0.45079744,-0.9292868,-0.06462588,0.6150153,0.0058083213,-0.30203718,-0.40475664,0.5938239,-0.02095462,-0.19569212,0.12872925,-1.3306267,-0.477073,0.60805815,0.37647122,0.32587248,0.37663364,0.6023697,-0.4769235,0.7433247,-0.78275675,-0.6665863,0.011625068,0.47310066,-0.35337347,-0.45537755,-0.45380488,0.2888053,0.2838121,0.98970705,0.07398773,0.43725553,0.23188515,-0.8066481,-0.13775612,-0.96414775,0.17131768,0.113569595,0.9307436,-0.5097445,-0.7501686,-1.2784548,-0.4220267,-0.7942835,-0.9285201,0.5244373,0.6490156,-0.18884943,-0.39517537,-0.5347376,-0.11244891,1.1895914,0.45724508,0.5574311,0.09953628,0.2993451,-0.51685023,-0.1514756,0.31963485,1.2468593,0.15650754,0.64501184,-0.291979,-0.1772771,0.39354122,0.23149066,0.4825156,0.5835497,0.2867443,0.6690357,-0.46490714,0.43712342,-0.32928726,0.2830234,1.2063677,0.73880196,-0.34789518,-0.26586366,-0.47453704,0.2334656,-0.584327,-0.95011836,0.33640912,-0.21696033,1.1543053,0.1533792,3,8,-1.6057531,2.328554,-1.8291489,8,5,6266528,5,-2047.3091,OH-C-CO
0.81666726,-0.08540421,-0.12747759,0.6545932,-0.26581576,-0.62205,0.17692837,-0.21684375,-0.9059098,0.9687396,-0.6853977,0.63872325,0.3927083,-0.15876052,-0.44719633,0.3219348,-0.46870083,0.5909238,-0.10040022,0.6617106,-0.058038436,0.43816406,-0.8538608,0.29134923,-0.34649676,-0.5457591,-0.28268495,-0.86644435,-0.38835722,-0.046052713,0.08967573,0.8404014,0.7606485,-0.23607284,-0.74400175,0.6202965,-0.36597306,0.67234844,0.08804547,-0.90355086,-0.17381725,-0.39094675,0.5692613,-1.0247064,-0.38916796,0.41246453,-0.35323453,-0.09804237,-0.116866715,0.5095669,0.8814566,-0.04560251,-0.29598194,-0.8421933,-0.30374163,0.20166866,0.3296939,0.33793563,0.18789652,0.4075327,-0.4206347,0.8176521,-0.905299,-0.4029828,0.22895712,0.4908436,-0.19705625,0.07024991,-0.38402095,0.4673097,0.98538995,0.4908845,0.72021484,0.74401444,0.40760747,-0.46619886,-0.48083594,-0.60854304,0.31901994,0.2557433,0.53558683,-0.45419693,-0.549635,-0.6855398,0.14948955,-0.7609788,-0.6807557,0.21363619,0.1654277,-0.20046806,-0.53928226,-0.33645713,0.23718628,0.87687266,0.33260262,0.7568483,0.22419763,0.0031348153,0.14367644,-0.112356864,0.13540499,1.2204697,-0.02102428,0.1895067,-0.54146856,0.40337247,0.7688909,0.33898652,-0.18877402,-0.2677402,-0.0615191,0.77931726,-0.2093274,0.3344826,-0.67355645,-0.0024912362,0.34495047,0.710187,-0.66772956,-0.2924202,-0.4127885,0.15105744,-0.501029,-0.5888439,0.39299467,-0.5826892,0.81967676,0.4251566,3,8,-0.034327213,1.3066198,-2.899596,18,15,16738740,5,-2048.4885,O-C-CO
0.6967981,-0.30382454,-0.07565209,0.3059732,-0.5838444,-1.4316775,0.107063726,-0.2091671,-1.0874535,1.224986,-0.48785222,0.8390129,0.081893854,-0.33097473,-0.5839098,0.24207388,-1.293917,0.45139158,-0.12033743,1.0318813,-0.6527213,1.252491,-0.7868814,0.2003211,-0.8832186,-0.20738818,-0.20488271,-0.5652744,-0.03978529,-0.11024126,0.43990126,0.78028166,0.77095646,-0.4163356,-0.55923903,0.45653337,-0.6254697,0.5466588,0.07431317,-0.5307074,0.48758912,-0.3199592,0.43371695,-0.93163466,0.025424682,0.6443653,-0.0024190769,-0.3082459,-0.3767171,0.39302072,-0.0056480677,-0.39704722,0.18492857,-1.3338399,-0.38873583,0.7364479,0.23465303,0.40138787,0.20925803,0.6376162,-0.58979166,0.82088214,-0.6402919,-0.69603485,-0.04891238,0.56864434,-0.31522667,-0.4981461,-0.5350909,0.31878716,0.21562415,0.93196607,-0.15660244,0.48104316,0.18758973,-0.58098835,0.015550398,-1.2197013,0.12673675,0.18212362,0.9523881,-0.27183515,-0.72454756,-1.048767,-0.42600504,-0.7788081,-0.8942647,0.63244236,0.665644,-0.1227361,-0.2817037,-0.40623865,-0.044987883,1.1857307,0.39674446,0.6281561,0.003559969,0.13810714,-0.53473103,-0.21836893,0.3859105,1.0252638,0.25440004,0.752449,-0.31715456,-0.33965656,0.32304192,0.20649229,0.5404883,0.62827694,0.25976595,0.5787471,-0.4214726,0.4184708,-0.35390908,0.26247928,1.1161014,0.861372,-0.384723,-0.23675394,-0.60181814,0.23787546,-0.41051486,-0.9478443,0.24632657,-0.12789948,1.2239947,0.056219757,4,8,-1.0146668,-0.27621272,-3.4391367,8,5,6266528,5,-2047.3481,OH-C-CO
0.7989058,-0.014280306,-0.069961496,0.6795293,-0.24486451,-0.68861187,-0.017444912,-0.18961693,-0.81030643,1.0624253,-0.7479254,0.6886851,0.51252866,-0.11390383,-0.68930304,0.19898382,-0.58357954,0.7384253,-0.09142858,0.48448884,-0.14724639,0.6410917,-0.97763276,0.23109265,-0.37349,-0.58770293,-0.3739949,-0.8665534,-0.27201906,-0.06701097,0.1415503,0.8079588,0.8742431,-0.15974072,-0.6846435,0.75849026,-0.36772949,0.90054244,0.26305905,-0.8608585,-0.04789852,-0.2849233,0.6782168,-1.0820442,-0.33714932,0.6015092,-0.34709796,-0.13073795,-0.12068813,0.3698342,1.0600609,-0.29448467,-0.3698462,-0.9062171,-0.22567981,0.3083891,0.23356587,0.41558686,-0.04496447,0.4078853,-0.5431953,0.8820896,-0.8770278,-0.48215383,0.2217939,0.5464506,-0.18468441,0.11629755,-0.3814948,0.5845054,1.0868001,0.45732927,0.5884792,0.7828036,0.4309257,-0.31926504,-0.371025,-0.9741523,0.4143952,0.43359718,0.49544138,-0.17456254,-0.531416,-0.46348587,0.07830779,-0.8554726,-0.6034283,0.26822865,0.10635289,-0.17484556,-0.45366484,-0.262766,0.29274908,0.8604267,0.30701756,0.8246537,0.117262505,-0.15953074,0.122119576,-0.29695672,0.049165394,1.048161,0.070435986,0.29240084,-0.5917571,0.3983523,0.8366936,0.3214829,-0.20848551,-0.32779694,-0.22172025,0.7546902,-0.2218166,0.33212107,-0.7456457,-0.11019103,0.23711413,0.8330072,-0.6943815,-0.23452082,-0.54547435,0.07826672,-0.37651372,-0.57574254,0.327447,-0.5730782,0.9156269,0.3458025,4,8,0.014952207,-2.0594606,-2.7921832,18,15,16738740,5,-2048.5264,O-C-CO
0.3997734,-0.03991646,-0.27812582,0.64810306,-0.3042634,-0.6876232,0.35664043,0.18264756,-0.9573025,0.74495506,-0.55984104,0.6085026,0.380557,0.11173808,-0.46739504,0.3770386,-0.5030749,0.46072972,-0.1848034,0.6140515,-0.20676176,0.43419042,-0.72651,0.13681602,-0.47082356,-0.3512957,-0.25904566,-0.5370079,-0.21458833,-0.019595582,0.057559106,0.6321534,0.3968653,-0.23987362,-0.44900382,0.5962772,-0.20251599,0.5878279,0.17619577,-0.55833584,-0.17739752,-0.17510231,0.47724402,-0.7528572,0.0011972911,0.15196101,-0.5717174,0.14205606,-0.18006858,0.15444525,0.58174944,-0.1587098,-0.25621688,-0.6056779,-0.21965009,0.30660072,0.031051463,0.6168088,0.3424371,0.44174165,-0.2077269,0.6578133,-0.75337553,-0.17971283,0.62052953,0.4604398,-0.24469334,0.096824214,-0.49243933,0.5557833,0.5725119,0.6362276,0.3424179,0.5803408,0.2563521,-0.5102101,-0.19593458,-0.81011426,0.18217823,0.30145442,0.5289325,0.086208604,-0.74937814,-0.32072535,-0.043607097,-0.76464415,-0.6889566,0.0846662,0.28793523,-0.23831868,-0.25696504,-0.07979661,0.41869557,0.63541573,0.051526185,0.94548076,0.21080065,0.057552204,-0.15111062,-0.19295189,0.32742053,0.779224,0.22881815,0.35042077,-0.37655032,0.021269869,0.7212504,0.28134272,0.15228088,-0.037308734,0.018977573,0.48480892,-0.056740895,0.13231966,-0.5697508,-0.18757248,0.4808286,0.41901523,-0.6266239,0.025194699,-0.48509577,-0.074457936,-0.34315097,-0.56621194,0.28804654,-0.21369514,0.60440284,0.33350655,4,8,-0.030824875,2.1206083,2.8294559,15,11,16758465,5,-2048.4602,O-C-CC
0.73062426,-0.104514025,-0.102633685,0.39581344,-0.601018,-1.488186,0.30059877,-0.19427046,-0.83897126,1.1092216,-0.38521394,0.66039985,-0.052815907,-0.30636996,-0.37595865,0.12645435,-1.314119,0.56537855,-0.004792648,1.0467597,-0.6379135,1.3250935,-0.6831866,0.30344722,-0.8268889,-0.21654746,0.008057762,-0.70053214,-0.08138256,0.11901995,0.4278461,0.93084186,0.93765527,-0.349697,-0.48411313,0.51753837,-0.6636467,0.48086745,-0.12899292,-0.46466514,0.23530045,-0.27221295,0.39257067,-0.9123402,-0.09995051,0.8851647,0.22521931,-0.27940634,-0.500565,0.6698762,0.023940139,-0.41877115,0.23235047,-1.2962744,-0.4186548,0.6833364,0.31973627,0.381663,0.23620182,0.49174854,-0.5916927,0.72641844,-0.8139613,-0.64634746,-0.2725502,0.48294505,-0.42687193,-0.37747064,-0.6211245,0.20684318,0.055314798,1.0305264,0.019841935,0.3168973,0.1502523,-0.79990053,-0.032244537,-0.8821423,0.26834062,0.22248723,0.855871,-0.632914,-0.502252,-1.1334763,-0.42005318,-0.7423391,-0.96113515,0.5204235,0.62768203,-0.028193207,-0.4601633,-0.5794243,-0.061875604,1.031686,0.4326893,0.48553213,0.12526548,0.15112683,-0.5440734,-0.09261268,0.24854182,1.1432447,0.18310882,0.7049302,-0.27749693,-0.19431762,0.3329647,0.32614812,0.51164585,0.55712605,0.15223175,0.58597726,-0.45800778,0.6197866,-0.26553985,0.27082747,1.1057427,0.81481534,-0.26410323,-0.2754851,-0.43087864,0.25920573,-0.6706943,-0.9239405,0.3431908,-0.19038102,1.1257766,-0.0033954782,5,8,2.2295694,-1.5017477,-1.4167057,8,5,6266528,5,-2047.4102,OH-C-CO
0.65477973,0.082385786,-0.04722121,0.75197685,-0.3223957,-0.80330014,0.03396927,-0.008778535,-0.84760416,0.9975844,-0.68910646,0.49609858,0.5619195,-0.17245528,-0.62976384,0.45524776,-0.7496673,0.71123105,-0.23640752,0.5612471,-0.12049834,0.69153905,-0.9441081,0.22514428,-0.35998514,-0.52836436,-0.43154863,-0.75343585,-0.27967998,-0.09094822,0.24019125,0.89668584,0.7037419,-0.30666307,-0.76804245,0.81695324,-0.29541746,0.8519687,0.15321553,-0.9409349,-0.11615216,-0.2142833,0.50577474,-1.1596305,-0.21042943,0.49950916,-0.38547668,0.005681962,-0.11535481,0.4470753,1.0173318,-0.27532634,-0.5793241,-0.9100394,-0.40620425,0.34407452,0.24667972,0.406893,0.07808495,0.5224066,-0.41361365,0.9759697,-0.9894985,-0.340675,0.32849365,0.48104918,-0.24331868,0.09978262,-0.4456328,0.63462484,1.1234717,0.4821311,0.6615879,0.8107092,0.49638253,-0.2663278,-0.47775066,-0.9816634,0.38637164,0.45092398,0.39023006,-0.27432013,-0.5545222,-0.50808966,0.08206868,-0.9215641,-0.5882444,0.16144489,0.1434699,-0.33273846,-0.39883468,-0.19251917,0.3901369,0.94478333,0.20446919,0.98707515,0.1409379,-0.07529931,0.04400734,-0.28644934,-0.008877369,1.096276,0.019333236,0.22464743,-0.5313826,0.455114,0.9356158,0.32754475,-0.07751402,-0.44171143,-0.2446535,0.7654348,-0.28526995,0.30344594,-0.7134183,-0.17569289,0.2712372,0.99790627,-0.75551236,-0.18803436,-0.6150353,0.02678063,-0.35156092,-0.6318251,0.3762408,-0.581034,0.884155,0.37368673,5,8,3.3834562,-0.07116173,-0.2874927,18,15,16738740,5,-2048.5393,O-C-CO
0.4279693,0.16181338,-0.34647983,0.5709106,-0.37564102,-0.604873,0.35162145,0.26224315,-0.69670784,0.50966483,-0.27827582,0.5263198,0.22764604,0.15211716,-0.109898016,0.29420745,-0.4757253,0.42441636,-0.13367112,0.59410304,-0.15183601,0.55185443,-0.5835219,0.16975844,-0.4507423,-0.55237114,-0.07895467,-0.77389455,-0.25695136,0.27704275,0.07791539,0.6732362,0.4730067,-0.28035975,-0.30241868,0.5995629,-0.26149935,0.40863115,0.0705367,-0.6147911,-0.2692194,-0.10033138,0.3672979,-0.68795234,-0.08110931,0.24259713,-0.32314926,0.23769334,-0.28719512,0.3571756,0.59005105,-0.18409985,-0.09695146,-0.50315326,-0.14691395,0.18676047,0.15886332,0.585712,0.429539,0.3180738,-0.09350786,0.54177916,-0.68417305,-0.031923875,0.25859922,0.4117141,-0.3080026,0.12658706,-0.5969266,0.36817086,0.52968866,0.62831664,0.38061458,0.5505446,0.02224568,-0.5046041,-0.23431298,-0.26119792,0.28389803,0.2768724,0.33165404,-0.1461006,-0.48000324,-0.2738458,0.03691739,-0.5521145,-0.70818245,0.00901767,0.36374998,-0.09882113,-0.30284896,-0.035147093,0.4763136,0.54442984,0.13466355,0.87908757,0.32132757,0.0644412,0.03223141,-0.025131522,0.48713765,0.81855816,0.08213045,0.36499047,-0.32053545,0.14510125,0.51787233,0.45979238,0.1310268,-0.07416429,-0.015009733,0.45587763,-0.0151508115,0.35313767,-0.52487886,0.018082695,0.4742126,0.393521,-0.5428532,-0.007576903,-0.0831214,-0.024916185,-0.6506981,-0.4971165,0.31718454,-0.2009933,0.47880274,0.28213236,5,8,-2.5203257,-1.2406456,-0.87853366,15,11,16758465,5,-2048.4949,O-C-CC
0.73548955,-0.25715458,-0.056991976,0.3504039,-0.5681694,-1.4913528,0.08233871,-0.25195256,-1.1345564,1.2625763,-0.52029496,0.81690997,0.13711531,-0.30172116,-0.65924317,0.25674897,-1.3044767,0.5544986,-0.10527985,1.018598,-0.6520499,1.2662776,-0.7976685,0.32611334,-0.8478676,-0.21784167,-0.22827475,-0.6082031,-0.03444667,-0.12878898,0.41342452,0.91830724,0.78291047,-0.47600785,-0.5731199,0.47688696,-0.69628584,0.53825945,0.034410264,-0.5610067,0.4437015,-0.30499437,0.50362563,-0.9521972,0.097286075,0.7203535,-0.08806921,-0.2752694,-0.37975594,0.46391714,-0.014750015,-0.3784447,0.110800795,-1.3926882,-0.4227044,0.7256813,0.22254796,0.46025708,0.19152194,0.5799077,-0.57323545,0.8626244,-0.7023289,-0.6937072,0.004943376,0.52319866,-0.40345803,-0.42566797,-0.5572388,0.30227426,0.20523986,0.99793637,-0.08548557,0.49311206,0.18929733,-0.7073802,0.018661726,-1.2533697,0.17237462,0.21572231,0.94096065,-0.26614583,-0.77320975,-1.0453624,-0.4982638,-0.8661569,-0.93398356,0.57193923,0.6044317,-0.15304132,-0.3501021,-0.41103223,0.025041454,1.1495916,0.41415164,0.6021176,0.037894584,0.07882429,-0.600246,-0.255316,0.37283975,1.0154972,0.32791185,0.77225465,-0.3479902,-0.2780313,0.34815496,0.17375721,0.51819104,0.5562131,0.19749835,0.5714945,-0.47291103,0.44266295,-0.32012543,0.21975245,1.0575618,0.82939667,-0.37827894,-0.25233284,-0.6154947,0.19080861,-0.41061702,-1.000421,0.2674854,-0.15658942,1.1393384,0.0645745,6,8,1.4524202,1.2568926,-3.0276482,8,5,6266528,5,-2047.3466,OH-C-CO
0.7506693,-0.06436236,-0.071743324,0.6099418,-0.26884583,-0.6478374,-0.027433306,-0.13597053,-0.7558147,1.042396,-0.67381597,0.7332546,0.4641684,-0.13649713,-0.6283077,0.17771372,-0.5905985,0.63909596,-0.16537403,0.5049646,-0.13326696,0.61104065,-0.93800426,0.09368257,-0.38784704,-0.6051585,-0.3161798,-0.82611334,-0.25296363,-0.06929626,0.15886787,0.7160622,0.8641301,-0.13245676,-0.7071642,0.7394093,-0.32309577,0.8645222,0.282188,-0.8500034,0.009262578,-0.2892166,0.63002586,-1.0878193,-0.34621048,0.5032713,-0.29712468,-0.102219656,-0.16842268,0.35731754,1.05333,-0.3070663,-0.3231848,-0.8660769,-0.22213823,0.32303938,0.24594128,0.33478996,-0.048437014,0.46473268,-0.5066087,0.87084764,-0.8374389,-0.48646697,0.17370933,0.5767608,-0.10475265,0.052367985,-0.35948998,0.5690492,1.0754882,0.3948628,0.4989289,0.7641818,0.45064324,-0.20457481,-0.37142175,-0.94581926,0.40319067,0.4025992,0.48048237,-0.1672793,-0.50698334,-0.45584914,0.12133239,-0.76140934,-0.5308082,0.3552363,0.16360553,-0.16511929,-0.3842671,-0.26046345,0.25164074,0.8852064,0.300709,0.8164006,0.062988505,-0.0983168,0.18378215,-0.28559288,0.039118677,1.0647309,-0.014731595,0.30171144,-0.5709041,0.35087174,0.8295182,0.36705822,-0.21167049,-0.24152248,-0.18110995,0.76495266,-0.19533566,0.28109998,-0.74259675,-0.06158168,0.32250887,0.8771441,-0.70198584,-0.21220584,-0.5279378,0.12684597,-0.31761196,-0.50444466,0.27168694,-0.5419021,0.96166354,0.34450823,6,8,2.630682,1.8565606,-1.322224,18,15,16738740,5,-2048.53,O-C-CO
0.38527924,-0.050987493,-0.2851684,0.6372518,-0.30515367,-0.6806672,0.35466963,0.19849485,-0.94901705,0.7167683,-0.54223704,0.5894476,0.37179998,0.09663707,-0.443423,0.36787733,-0.51059175,0.4572538,-0.19959028,0.59612435,-0.20954452,0.42122772,-0.7253578,0.15022318,-0.4629013,-0.3597601,-0.23362856,-0.5379414,-0.1974869,-0.007150743,0.06304822,0.6436939,0.38562146,-0.2511108,-0.4281058,0.58444,-0.15559004,0.5894063,0.18568757,-0.5524599,-0.18382089,-0.17066763,0.4595848,-0.72850186,0.024899514,0.1531459,-0.54891074,0.15445687,-0.1715338,0.15029426,0.582215,-0.17671035,-0.26618478,-0.6019235,-0.203639,0.29961133,0.021397796,0.60497415,0.32770583,0.44144642,-0.20611973,0.6379849,-0.73171467,-0.18167107,0.63615495,0.44404092,-0.23559204,0.089450575,-0.48862013,0.5275961,0.5661325,0.63109547,0.3516035,0.5830345,0.250097,-0.49015638,-0.18627417,-0.7982119,0.17627613,0.29705015,0.5191257,0.08708478,-0.73705494,-0.30168822,-0.04143003,-0.75206226,-0.6806241,0.09363226,0.31147888,-0.24665146,-0.23621677,-0.06988345,0.44082302,0.6215349,0.040475905,0.926267,0.21888627,0.04408698,-0.14418238,-0.21901006,0.33298653,0.7962166,0.23414473,0.3664096,-0.41270748,0.005131958,0.7175409,0.28533146,0.14458404,-0.022320721,0.014006225,0.46065548,-0.07023188,0.15817598,-0.5611981,-0.17962164,0.47375202,0.43375862,-0.6444888,0.017813753,-0.46774393,-0.054515216,-0.3155988,-0.57833886,0.2985702,-0.1954512,0.59515786,0.3368144,6,8,-1.4347008,-1.2405244,2.9987538,15,11,16758465,5,-2048.471,O-C-CC
vs0,vs1,vs2,vs3,vs4,vs5,vs6,vs7,vs8,vs9,vs10,vs11,vs12,vs13,vs14,vs15,vs16,vs17,vs18,vs19,vs20,vs21,vs22,vs23,vs24,vs25,vs26,vs27,vs28,vs29,vs30,vs31,vs32,vs33,vs34,vs35,vs36,vs37,vs38,vs39,vs40,vs41,vs42,vs43,vs44,vs45,vs46,vs47,vs48,vs49,vs50,vs51,vs52,vs53,vs54,vs55,vs56,vs57,vs58,vs59,vs60,vs61,vs62,vs63,vs64,vs65,vs66,vs67,vs68,vs69,vs70,vs71,vs72,vs73,vs74,vs75,vs76,vs77,vs78,vs79,vs80,vs81,vs82,vs83,vs84,vs85,vs86,vs87,vs88,vs89,vs90,vs91,vs92,vs93,vs94,vs95,vs96,vs97,vs98,vs99,vs100,vs101,vs102,vs103,vs104,vs105,vs106,vs107,vs108,vs109,vs110,vs111,vs112,vs113,vs114,vs115,vs116,vs117,vs118,vs119,vs120,vs121,vs122,vs123,vs124,vs125,vs126,vs127,mol_index,atomic_number,coordx,coordy,coordz,ldalabel,gnumarker,gnucolor,layer,atomizationE,fg_key 
-0.22256069,-0.008367921,-0.32366112,0.57095814,-0.12632722,-0.47915602,-0.15442143,0.06774971,-0.459634,0.509897,-0.25769478,0.18049125,-0.012936439,-0.014538651,-0.5062689,0.0280374,-0.17929575,0.47275084,0.018273614,0.09413988,-0.5441203,-0.13576698,-0.27956888,0.07237019,-0.21005124,-0.9018087,0.0018064824,-0.21840984,-0.26492262,-0.060187474,0.13073798,0.33567223,0.04576843,-0.1720099,-0.6884694,0.49631116,-0.16891693,0.3866017,-0.07521556,-0.5262582,-0.1252957,-0.15165865,0.63157356,-0.30906203,0.4248583,-0.09526488,-0.30006585,0.023187216,0.06883958,0.2902786,0.5738093,-0.20056945,-0.20986955,-0.5259539,-0.56590825,0.2803982,-0.024992889,0.18811151,-0.24147695,0.13516934,-0.033851884,0.53193283,-0.6703667,-0.6191312,0.33634695,-0.020730127,-0.37623212,0.17807469,0.04421686,0.09515057,0.5324595,-0.10225216,0.42007062,0.11207004,0.104344286,0.06969142,-0.10363193,-0.48169658,-0.10004217,0.46659967,0.12837362,0.010383592,-0.23067363,0.37892506,-0.24229935,-0.5100663,-0.10621987,-0.0047701197,-0.13594183,-0.30337697,0.048436083,0.22479294,0.21857104,0.5033538,-0.22457182,-0.088995695,0.06979898,0.4618717,-0.13984628,-0.35052413,-0.531275,0.2457042,-0.07162184,0.18617733,-0.3851988,0.5567284,0.36157918,-0.07526107,-0.2684195,-0.23493652,-0.05332697,0.53653246,0.083850265,-0.34327435,-0.04283383,-0.4074155,-0.32062513,0.8402901,-0.31764388,-0.444242,-0.3544843,-0.08765688,0.16872406,0.028255861,-0.15438592,-0.08023416,-0.0031496696,0.15332277,0,8,0.06737874,0.28206426,-1.3164742,18,15,16738740,5,-2048.1848,O-C-CO
0.16548349,-0.43967327,-0.31903258,-0.025232544,-0.055978954,-0.60209066,-0.27984896,-0.32409146,-0.8004695,0.76262534,-0.47534677,0.2668999,-0.27283308,-0.27418378,-0.19215696,0.12018542,-0.31454074,0.24468999,-0.1537286,0.5570205,-0.4521332,0.28614855,-0.303021,0.25562418,-0.3829774,-0.5680242,-0.13946424,-0.27750134,-0.48550585,-0.031299554,0.48607376,0.3794998,-0.105529726,-0.5977039,-0.68167466,0.30728686,-0.41361475,-0.05314846,-0.2763431,-0.59014726,0.63693595,-0.5025178,0.24086824,-0.1815493,0.2848189,0.12766,-0.079885855,-0.26244286,0.1119267,0.07786057,-0.21633933,-0.038514566,0.21183735,-0.82145256,-0.448229,0.4606567,0.3248892,0.40594783,0.08701533,0.39323717,-0.21409017,0.39500663,-0.5672354,-0.9299691,0.13179298,0.22516507,-0.19162485,-0.3070063,0.01851856,0.21249066,0.1924612,0.4094139,-0.05637332,0.50764376,-0.20532015,-0.093272395,-0.06404353,-0.32326558,-0.3024375,0.014485566,0.7570584,-0.23278372,-0.6041927,-0.36402023,-0.38798085,-0.34229055,-0.45254904,0.36583734,0.23052457,-0.23415938,0.1255881,-0.061585546,-0.25398192,0.8469236,0.028752629,-0.04281961,-0.10843004,0.73705465,-0.19239725,-0.05370763,0.18423538,0.5792319,0.22860496,0.4446411,-0.19680461,0.17202131,0.10279054,-0.13453002,0.24032915,0.0428003,0.15642692,0.36817196,-0.045673817,-0.23197004,-0.035856083,0.047577307,0.36639318,0.74376106,-0.3432533,-0.33430463,-0.17337215,0.014495579,0.07836372,-0.54665554,-0.0058496445,0.105719,0.6338128,-0.014740111,0,8,-0.901225,-0.83213276,0.39915442,8,5,6266528,5,-2047.0435,OH-C-CO
0.14169048,-0.5126835,-0.28551415,-0.046336785,0.07150706,-0.6087567,-0.19936974,-0.2739406,-0.78001744,0.7552906,-0.40027335,0.13591635,-0.259158,-0.17290902,-0.07629196,0.18927163,-0.46943238,0.22005725,-0.22842321,0.46242106,-0.24525703,0.1989995,-0.34792417,0.38328874,-0.42910674,-0.4736606,-0.14556879,-0.18512617,-0.36506224,0.036717713,0.55131936,0.44607052,-0.180937,-0.5599286,-0.6863922,0.1555717,-0.3170259,-0.21144447,-0.35210842,-0.5697041,0.52472067,-0.4837268,0.11174385,0.07837478,0.2779856,0.3154961,-0.07339247,-0.29972285,0.12370377,0.09932276,-0.2812504,-0.033619575,0.031576086,-0.73613465,-0.45383486,0.43765205,0.3491885,0.45255947,0.13802962,0.5295044,-0.14823426,0.38674438,-0.55518675,-0.8357325,0.1850907,0.11403105,-0.15824895,-0.27175802,-0.0635225,0.34938183,0.02573289,0.34160107,-0.15124068,0.52242047,-0.0867335,-0.13411056,-0.02752464,-0.31185105,-0.26339617,-0.069645405,0.84934366,-0.26956853,-0.55551213,-0.39127752,-0.30519053,-0.3385868,-0.453413,0.27503428,0.2443192,-0.30699393,0.19377401,-0.10355636,-0.1348964,0.8037864,0.06997359,0.063611515,-0.13965985,0.6855561,-0.09061538,-0.10103682,0.2517184,0.5580188,0.2737712,0.3766352,-0.28221706,0.07760287,0.13744237,-0.012312446,0.20202415,0.092447355,0.21600753,0.22010463,-0.18071826,-0.23756456,-0.014974544,-0.0664388,0.5280204,0.54008514,-0.35838234,-0.14934637,-0.1666913,0.03678595,0.17675106,-0.6189996,0.19649965,0.025869273,0.5379438,-0.024394078,1,8,-1.491862,-0.92576426,0.38747153,8,5,6266528,5,-2047.0326,OH-C-CO
-0.3648667,-0.057815295,-0.28761184,0.48449248,-0.021810213,-0.5852987,-0.04612529,-0.07764579,-0.49938294,0.22557625,-0.37718016,0.0647607,-0.059156373,-0.18575448,-0.43250147,-0.14639184,-0.21506144,0.24384451,-0.013116429,0.08164316,-0.48581073,-0.15857716,-0.442803,0.21645103,-0.19553617,-0.6885344,-0.14684318,-0.21229051,-0.28852916,-0.002307972,0.09832004,0.21158256,0.03253927,-0.2880756,-0.48059726,0.45297593,-0.2399758,0.29293412,-0.18558335,-0.5475364,-0.08557686,-0.12508598,0.5364694,-0.3886114,0.2287748,-0.1255539,-0.21248251,0.06617237,0.17168045,0.24917686,0.4134215,-0.25722516,-0.08279028,-0.51516426,-0.61309373,0.21582396,0.07152524,0.07300247,-0.1809367,-0.055162773,-0.19715987,0.5713427,-0.64583,-0.66381055,0.24811013,-0.011362559,-0.36102816,0.24859597,-0.019610707,0.02357502,0.3207473,0.07278201,0.4631924,-0.15122303,-0.1040502,0.07560114,-0.089797795,-0.44572082,-0.19953907,0.2855053,0.2892708,-0.24276729,-0.25688204,0.16870949,-0.23836143,-0.41552708,-0.094760075,-0.04725495,-0.09053689,-0.2729624,0.20624162,0.30073115,-0.012641862,0.5368953,-0.42674467,-0.28040072,-0.010506371,0.4422966,-0.34035626,-0.23981385,-0.5245509,0.27984127,-0.038084656,0.12649746,-0.26551694,0.549971,0.2884653,-0.037676204,-0.12101951,-0.24198368,-0.02026449,0.33903596,-0.04165274,-0.32557106,0.022753837,-0.43905297,-0.43775907,0.7705076,-0.2941902,-0.3932849,-0.23604089,-0.033876076,0.07591274,-0.034021858,-0.077831805,-0.010478994,0.0148217045,0.0527938,1,8,-0.78951013,0.70172036,-1.0130897,18,15,16738740,5,-2048.1484,O-C-CO
0.043686524,-0.41809592,-0.3069782,-0.038585365,0.05227404,-0.9184671,-0.178502,-0.47449112,-0.7970702,0.46886417,-0.44846448,-0.14510114,-0.36168918,-0.4315982,-0.015621534,-0.120016254,-0.5025254,-8.841592e-05,-0.35534844,0.5182115,-0.24644792,0.12537947,-0.40998855,0.5300911,-0.39221808,-0.3263784,-0.3133109,-0.08483725,-0.27140936,0.062358145,0.5040305,0.3587489,-0.1687593,-0.6398435,-0.47412214,0.06316023,-0.29558745,-0.2583202,-0.32975933,-0.54011005,0.38831952,-0.39334497,0.080102645,-0.017806318,0.06959243,0.16824329,0.15893953,-0.121263385,0.246493,0.04231461,-0.3505844,-0.22922264,-0.026328385,-0.6817618,-0.3533822,0.27001616,0.36754277,0.2829455,0.11745528,0.20744854,-0.28456715,0.49749267,-0.4488803,-0.791419,0.05484556,0.0654182,-0.09792078,-0.18354267,-0.031633504,0.14402057,-0.07011929,0.4276971,-0.053388275,0.33570772,-0.3408511,-0.19685212,-0.15174085,-0.34864762,-0.2484409,-0.2687454,0.8077214,-0.4999042,-0.5748558,-0.6362115,-0.41907525,-0.30622855,-0.35351193,0.22300132,0.31456292,-0.16097641,0.33897644,-0.0074794786,-0.38605666,0.7807358,-0.10596218,-0.18089277,-0.13336249,0.675345,-0.3795059,-0.22742082,0.11560087,0.5709705,0.24505226,0.33031118,-0.21109982,0.1525544,-0.03724872,0.08488879,0.36084178,0.02190907,0.1440576,0.15741314,-0.3719699,-0.12620403,0.19641012,0.021352185,0.24942413,0.7225152,-0.21658045,-0.27954748,-0.13031249,0.035412617,-0.03256393,-0.5719177,0.20961677,-0.013626312,0.4203033,-0.1250955,2,8,-1.6214541,-0.69793004,-0.028071065,8,5,6266528,5,-2047.1234,OH-C-CO
-0.326403,0.049987607,-0.2941603,0.5644549,0.07469263,-0.57410204,-0.1294049,0.06975539,-0.5437322,0.27997392,-0.3721815,-0.0779926,0.045638204,-0.07872508,-0.36308086,-0.091658264,-0.46576762,0.20685185,-0.12142672,-0.013708127,-0.45772412,-0.08744771,-0.48610824,0.31976742,-0.27992213,-0.7106787,-0.06251519,-0.20899409,-0.25428256,0.17076893,0.23274936,0.27160212,0.027051512,-0.23099257,-0.40910456,0.29222357,-0.08547796,0.30094612,-0.08175475,-0.400409,-0.078668736,-0.09498287,0.4123151,-0.16298276,0.3374857,0.14029492,-0.18946388,0.08455643,0.24476065,0.31476554,0.45173925,-0.2893886,-0.16510485,-0.45999125,-0.45862594,0.1802632,0.12808466,0.20646435,-0.11704503,0.057929076,-0.18856058,0.4907747,-0.74071836,-0.4946155,0.17800856,-0.026653264,-0.24646135,0.12904726,-0.063536674,0.21316452,0.17653355,0.0611381,0.36601612,0.0006060512,-0.043165687,0.018436037,-0.02276651,-0.45253477,-0.22716846,0.3209272,0.36226788,-0.3327055,-0.11046334,0.18032819,-0.103500575,-0.34674677,-0.03134654,0.0059716813,-0.1030317,-0.22797355,0.16963251,0.24984418,0.14469461,0.4174805,-0.3791242,-0.21159351,0.041874737,0.46675858,-0.22014439,-0.2611808,-0.32849252,0.23781872,0.08393094,0.12482169,-0.31138077,0.4604071,0.31384307,-0.05975092,-0.16182135,-0.23680384,-0.021937482,0.15108097,-0.055675127,-0.15158886,0.00048639823,-0.42067748,-0.30055666,0.6071107,-0.39397493,-0.3231296,-0.27036238,-0.012993569,0.1286806,-0.11325564,0.12823331,-0.11832425,0.241702,0.065936916,2,8,-0.91396123,1.062069,-1.264834,18,15,16738740,5,-2048.1174,O-C-CO
0.013804089,-0.42100173,-0.1832128,-0.08763226,0.12677783,-0.864832,-0.19545859,-0.43583208,-0.7097725,0.41036493,-0.50589925,-0.2897989,-0.36166984,-0.39088413,0.13528608,-0.01790825,-0.66955405,-0.11725206,-0.30860832,0.6050355,-0.29533055,0.22335985,-0.45039693,0.5240276,-0.2927938,-0.30235413,-0.2834295,-0.053321525,-0.30047056,0.1402312,0.5422093,0.3140424,-0.16322912,-0.5655351,-0.38939855,-0.101099685,-0.2697432,-0.3091889,-0.42697957,-0.5978529,0.47656515,-0.3185177,-0.12798688,0.041135732,0.036377102,0.37466505,0.33502224,-0.14622046,0.3179232,0.0017896702,-0.31652212,-0.23573321,-0.07541513,-0.62687206,-0.3528877,0.19120748,0.41719145,0.32918963,0.13115278,0.23628755,-0.42000288,0.522026,-0.50963736,-0.76591843,-0.057238244,0.12098013,-0.21931298,-0.26994956,-0.12791629,0.17928793,-0.13495362,0.5231614,-0.17202528,0.30676994,-0.35030723,-0.14685838,-0.060206626,-0.40851936,-0.15310436,-0.34460503,0.8002903,-0.64347875,-0.44605756,-0.6621633,-0.23552608,-0.24308354,-0.39570206,0.23490323,0.32389995,-0.012575193,0.3161155,-0.041013215,-0.25198266,0.8855607,-0.12106277,-0.12890051,-0.116537295,0.6709637,-0.34744853,-0.1273866,0.21349272,0.621786,0.16218199,0.25962847,-0.061715234,0.09362072,3.159279e-05,0.12922168,0.30919185,-0.004955372,0.0026453189,0.016523708,-0.38043976,-0.101256154,0.07510516,0.015312547,0.26023027,0.7250315,-0.28194743,-0.076306075,-0.14599338,0.08835786,-0.08898825,-0.6575727,0.35860884,0.01630908,0.60442543,-0.16419207,3,8,-1.8329334,-0.59552485,0.07063889,8,5,6266528,5,-2047.0618,OH-C-CO
-0.32936585,0.09786184,-0.25523958,0.5718452,0.12624808,-0.57780135,-0.14182064,0.09706814,-0.5101528,0.31192443,-0.5033306,-0.13261378,0.056924857,-0.05196824,-0.34326196,-0.060584206,-0.66991276,0.061920013,-0.07767041,0.12750351,-0.50567544,0.05429413,-0.5786972,0.2876556,-0.21827817,-0.67473876,0.022971213,-0.1865559,-0.22004782,0.27932364,0.24052733,0.19991922,0.066560455,-0.20020099,-0.34418428,0.1740938,-0.08129216,0.3026623,-0.1526885,-0.43663704,0.041025028,-0.03414344,0.30357265,-0.16623312,0.39748007,0.33509743,-0.05539913,0.08677625,0.33094978,0.30634576,0.4890815,-0.3612919,-0.17826425,-0.4501054,-0.4130036,0.055796973,0.14005919,0.26416588,-0.091758974,0.053617533,-0.30396187,0.58526367,-0.7691679,-0.5353547,0.03196605,0.025681762,-0.33718902,0.10892881,-0.07696112,0.22861639,0.15615807,0.16919674,0.25292212,-0.10780791,-0.17166533,0.09024364,0.060564477,-0.52899575,-0.21471183,0.21395452,0.27722433,-0.38872126,0.008510375,0.15146211,0.14166225,-0.25332892,-0.07740492,0.050562907,-0.09860269,-0.15355952,0.19731165,0.21961081,0.18441157,0.5323518,-0.3819502,-0.13949816,0.014155274,0.48027286,-0.23897512,-0.16165408,-0.22031908,0.2605211,0.05541051,0.07182574,-0.18219826,0.41241184,0.30520886,-0.042395864,-0.16895929,-0.23386446,-0.12617826,0.08181697,-0.015572958,-0.10165633,-0.08376723,-0.39995763,-0.2974246,0.66871595,-0.3620464,-0.17777109,-0.2913115,0.05546752,0.11420048,-0.14330465,0.18946864,-0.12829009,0.4420564,0.11207453,3,8,-1.2262404,1.5177522,-0.48433608,18,15,16738740,5,-2048.0544,O-C-CO
0.29394662,-0.4003984,-0.25055885,-0.077290125,0.052987646,-0.37060508,-0.19344755,-0.42171678,-0.70198673,0.79491943,-0.45202723,0.11557858,-0.42583436,-0.17745657,0.06346488,0.21245536,-0.25170422,0.15876278,-0.056788888,0.6895141,-0.46455523,0.20422259,-0.24035099,0.3220263,-0.23577009,-0.49016923,-0.16489257,-0.32185772,-0.61308473,0.019169472,0.5390274,0.34543848,-0.16553457,-0.42887023,-0.77623,0.16992056,-0.4606226,-0.08848465,-0.42960027,-0.82320046,0.60970956,-0.4239173,0.11074076,-0.2825588,0.10715452,0.11145579,0.024627358,-0.23128165,0.031307656,-0.019786099,-0.154102,0.041205466,0.21373397,-0.824613,-0.4448795,0.42659646,0.36536074,0.3833048,0.20245656,0.4247602,-0.28697178,0.28298038,-0.5345134,-0.8576249,-0.0154305585,0.41063976,-0.14961687,-0.26947686,-0.071935095,0.06591645,0.29888812,0.54493105,-0.13896514,0.59258765,-0.08408945,-0.09017256,-0.071913846,-0.22941992,-0.28621107,-0.022635385,0.74602383,-0.42571822,-0.63634574,-0.35507104,-0.18514691,-0.3756497,-0.33297223,0.2285402,0.19564562,-0.22452547,0.098016076,-0.10605326,-0.30644822,0.70960796,0.13527033,-0.03353595,-0.087563194,0.62911135,-0.078900665,0.15796046,0.19296186,0.8260446,0.25220066,0.33101144,0.042286072,0.093947135,0.051824737,-0.05630794,0.18412232,-0.06168368,0.19680321,0.30899012,0.0493614,-0.17380588,-0.1516775,0.0529604,0.49703017,0.68501645,-0.28452346,-0.29894882,-0.14121227,0.018819094,-0.1428343,-0.5081255,0.006912484,0.035913397,0.6644897,-0.04140994,4,8,-1.7569183,-0.6250488,1.3385962,8,5,6266528,5,-2047.1068,OH-C-CO
-0.21170624,-0.09552389,-0.15554276,0.6263512,-0.108394384,-0.45919946,-0.07526893,0.049502306,-0.32311338,0.3139818,-0.24853756,0.12436165,0.04841155,-0.059598178,-0.49560934,-0.010806679,-0.26466018,0.3990728,0.068314224,-0.011053919,-0.5505862,-0.06745214,-0.3342168,0.082051985,-0.17307355,-1.0308204,0.04338819,-0.13553579,-0.43113834,0.015928738,-0.05857013,0.3352159,0.108436465,-0.08698022,-0.62673044,0.54944736,-0.12162822,0.3745454,-0.16743481,-0.6171361,-0.3546792,-0.005438312,0.77846545,-0.4213305,0.29663658,-0.20177598,-0.23176478,-0.04179118,-0.027831767,0.26034066,0.5799615,-0.2767094,-0.34108207,-0.45279613,-0.6613803,0.5450156,0.0117805,0.029340485,-0.3435175,0.03454526,-0.05188504,0.311052,-0.74316007,-0.53728014,0.32132182,-0.10700515,-0.39240688,0.23575044,-0.05179933,0.2078781,0.48175627,-0.03290505,0.45491335,0.16084084,0.3299848,0.08743375,0.013117772,-0.44455874,-0.09619306,0.62049735,0.28972062,-0.16189861,-0.17125344,0.3890604,-0.27654293,-0.7449502,0.08367944,-0.14192359,-0.27570537,-0.34023678,0.2356951,0.33980253,0.25268835,0.2875777,-0.28580156,-0.16221155,0.08286478,0.3991419,-0.16898769,-0.33435008,-0.71359944,0.32081705,-0.07392474,0.15070292,-0.32621634,0.47598985,0.4775446,-0.05861772,-0.268025,-0.32184345,-0.08501345,0.53739065,0.040118296,-0.33163488,-0.12325343,-0.39897102,-0.33632907,0.68324375,-0.27294764,-0.61203086,-0.35813072,-0.18761359,0.10864155,-0.045830626,-0.100544654,-0.12265171,0.051467594,0.0064629065,4,8,-0.65815246,1.3414791,1.1123981,18,15,16738740,5,-2048.2197,O-C-CO
0.41303688,-0.39243203,-0.14959148,0.14263734,-0.13041334,-0.41312104,-0.14736581,-0.343451,-0.7376541,0.85579866,-0.49236667,0.30249593,-0.3447318,-0.2403788,-0.039004117,0.29020476,-0.3647078,0.25860733,-0.2693755,0.79665303,-0.5995808,0.399683,-0.17132767,0.16426726,-0.2183214,-0.5679725,0.024576578,-0.38602433,-0.3405807,-0.10832869,0.39907864,0.5232883,-0.07746049,-0.5210835,-0.47771257,0.2455914,-0.39028433,-0.062170073,-0.4704707,-0.6273416,0.5027776,-0.53688467,0.059921905,-0.39728788,0.10142553,0.12316402,0.059056036,-0.36493647,0.023347585,-0.07865163,-0.20390382,0.021074843,-0.035238344,-0.651284,-0.31721774,0.42101243,0.4833218,0.18554723,0.10747382,0.3058186,-0.30163866,0.30807632,-0.47000748,-0.668059,0.057249505,0.4638345,-0.37334433,-0.44633898,-0.20228861,0.1314019,0.47166008,0.627901,-0.047895994,0.5916395,-0.07934867,0.0762864,-0.10487832,-0.34536496,-0.11212306,-0.086246245,0.6682246,-0.5098056,-0.6235298,-0.64341015,-0.17986886,-0.46743625,-0.42276928,0.32968593,0.36844844,-0.122146726,0.16044816,-0.12913805,0.029571645,0.745982,0.04135891,0.07568081,-0.2820646,0.37906536,-0.30885085,-0.022502985,0.21444994,0.75776285,0.20463265,0.31530398,-0.11050399,0.047011822,0.21062073,-0.15604526,0.22376098,-0.19030283,0.13050589,0.38277823,-0.08788982,-0.3084879,-0.26839107,0.16032125,0.46978408,0.7591074,-0.1886362,-0.30221888,-0.37778443,0.25086704,-0.16241103,-0.74222887,0.2275173,0.030124426,0.61108804,-0.014531666,5,8,-2.7355158,-1.9145586,-0.49379164,8,5,6266528,5,-2047.1179,OH-C-CO
-0.05646674,-0.008046574,-0.21243775,0.8951988,0.06447242,-0.4938187,-0.037138995,-0.089842014,-0.29668638,0.5407028,-0.21012805,0.41769278,0.1003122,-0.28821445,-0.60244817,0.004093184,-0.2927676,0.5016344,-0.037234325,0.20722163,-0.59585893,-0.036338188,-0.53957105,0.045406483,-0.33201146,-0.6870797,0.079899676,-0.37434414,-0.26970208,-0.08828348,-0.043901034,0.0896656,0.22326991,-0.30263197,-0.5928702,0.43157408,-0.21776865,0.5456189,0.0828123,-0.48132384,-0.3186775,-0.072926305,0.6447063,-0.5811458,0.411565,-0.05645604,-0.13636716,-0.15080254,-0.046316348,-0.0050982614,0.54397964,-0.35587162,-0.29928672,-0.44318533,-0.3469232,0.62325525,-0.109318994,0.060396887,-0.31431332,0.038384322,0.022925822,0.55827117,-0.6543046,-0.6962731,0.1782184,0.1914383,-0.32162988,0.13488121,0.07085301,0.2696495,0.7471781,-0.13213526,0.4027194,0.11466781,0.120081514,0.26556912,-0.14854166,-0.5685767,-0.28993136,0.4693331,0.147633,-0.054660372,-0.27278036,0.3599963,-0.19126555,-0.55950797,-0.037588768,-0.043676756,-0.32788384,-0.5459603,0.08675133,0.2964271,0.25774696,0.22872847,-0.16981284,0.09582468,-0.24055794,0.29639047,-0.29379943,-0.21292868,-0.6385818,0.34057847,0.18507332,0.13998368,-0.35926878,0.2990277,0.47773084,-0.17404877,-0.2006388,-0.09099733,0.07830868,0.41313592,0.107183605,-0.28630847,-0.2198718,-0.4173665,-0.3554974,0.8888017,-0.17173639,-0.6175755,-0.57383853,0.10354236,0.30593073,0.0482586,-0.24281144,-0.08821304,0.2654061,0.12027542,5,8,-1.6818881,-0.8823227,-2.2094142,18,15,16738740,5,-2048.1377,O-C-CO
