-1.366072416305542,-0.07607334852218628,-1.2205661535263062,2.2671468257904053,-1.6696245670318604,-1.126080870628357,-1.7487211227416992,-1.936647653579712,1.0263891220092773,-0.5122187733650208,-1.3142223358154297,-1.6056938171386719,-0.940121054649353,-1.6697072982788086,0.2949451208114624,0.09577061235904694,0.23566246032714844,-2.604832887649536,-0.5429726839065552,-2.2113823890686035,-0.7817329168319702,1.4409444332122803,-0.07858788967132568,1.424718976020813,0.576871395111084,1.6033233404159546,1.6619120836257935,0.5189341306686401,0.9957486391067505,2.482339859008789
-1.7710871696472168,-0.21766650676727295,-1.0041542053222656,2.0882928371429443,-3.136164426803589,-0.09523135423660278,-1.5965008735656738,-1.2627136707305908,0.8447293639183044,-0.41545790433883667,-0.5883711576461792,-2.436157703399658,-0.37271130084991455,-0.44430428743362427,-1.1357229948043823,-0.5447772741317749,0.8612397313117981,-4.406608581542969,-0.03405898064374924,-1.1662217378616333,-0.41395917534828186,1.3169779777526855,-0.3474946618080139,2.3329038619995117,0.6900312304496765,1.5393304824829102,0.8412739038467407,1.0649126768112183,0.0152597576379776,2.232661247253418
-3.0735464096069336,0.314998060464859,-1.4477753639221191,2.581965446472168,-2.7765564918518066,-1.5753304958343506,-1.5288186073303223,-1.6957473754882812,0.2444579005241394,0.034431882202625275,-1.0728089809417725,-2.9205737113952637,0.003769274801015854,-1.1633687019348145,-0.1918507069349289,-0.37920939922332764,0.3736048936843872,-4.180512428283691,-0.3810991048812866,-1.4875632524490356,-0.9082221984863281,2.431447982788086,-0.7138839960098267,2.375627040863037,0.20920459926128387,2.114943742752075,1.7957892417907715,1.7472649812698364,0.35840585827827454,2.077805995941162
-1.0859473943710327,-0.28555387258529663,-0.7521820068359375,1.9058846235275269,-3.077005386352539,0.12408424913883209,-1.9082530736923218,-1.2936344146728516,0.8258566856384277,-0.7012017965316772,-0.6826432943344116,-2.427665948867798,-0.5580936074256897,-0.47348716855049133,-0.8907074928283691,-0.6324973106384277,0.8112505078315735,-4.293318271636963,0.21434617042541504,-1.1347784996032715,-0.4807819128036499,0.9946562051773071,-0.23448629677295685,2.2944464683532715,0.5650731325149536,1.4507368803024292,0.7605758309364319,0.7120051980018616,0.16039195656776428,2.2775886058807373
-1.138343334197998,-0.4068053662776947,-1.071764588356018,1.8831433057785034,-2.677290678024292,-0.04184963181614876,-1.7598507404327393,-1.196676254272461,0.7504213452339172,-0.5530467629432678,-0.8039156794548035,-2.5236239433288574,-0.5585228800773621,-0.6877834796905518,-1.0587158203125,-0.6086158156394958,0.8665311932563782,-4.071890354156494,0.08301001042127609,-1.2860729694366455,-0.21641966700553894,1.0166330337524414,-0.49702188372612,2.037344455718994,0.7552165985107422,1.4134483337402344,0.7794250845909119,0.7862871289253235,0.12190069258213043,2.472662925720215
-2.4508872032165527,0.35288912057876587,-1.4064240455627441,2.3947055339813232,-2.402434825897217,-1.5998241901397705,-1.7803452014923096,-1.8568611145019531,0.01580314338207245,-0.09992310404777527,-1.1524261236190796,-2.7958362102508545,-0.2375865876674652,-1.3172281980514526,0.023799333721399307,-0.46567219495773315,0.2749336361885071,-4.0127668380737305,-0.008673518896102905,-1.629058599472046,-1.0219380855560303,2.210242748260498,-0.7614636421203613,2.113689661026001,0.001679942011833191,2.183772563934326,1.8113807439804077,1.3653631210327148,0.43833309412002563,1.9952263832092285
-4.958235740661621,1.1162340641021729,-1.9878294467926025,2.7458488941192627,-4.067723274230957,-2.1527557373046875,-1.5220787525177002,-0.95174241065979,-0.02491256594657898,0.39297106862068176,-0.7133702039718628,-4.479848384857178,1.0480809211730957,-0.19403797388076782,-0.8798561096191406,-0.7846016883850098,0.8036569952964783,-5.730810642242432,-0.36941343545913696,-0.5513080954551697,-0.9269661903381348,3.4712283611297607,-1.7383191585540771,3.0024220943450928,-0.1654900312423706,2.925995349884033,1.9820473194122314,3.5152907371520996,-0.2566486597061157,1.6417195796966553
-3.0765857696533203,0.09463270008563995,-1.60971999168396,2.792941093444824,-3.52195143699646,-1.4076420068740845,-1.594685435295105,-1.186814546585083,0.022857293486595154,-0.08003316074609756,-0.6520031094551086,-3.6407480239868164,0.10699798166751862,-0.49145394563674927,-1.2780048847198486,-0.627353310585022,1.244097113609314,-5.148199558258057,0.06420005857944489,-0.568741500377655,-0.8243976831436157,2.285046339035034,-0.9868064522743225,2.432469129562378,-0.09701207280158997,2.6719958782196045,1.1202839612960815,2.338705062866211,0.1164892166852951,1.9863868951797485
-0.5522527098655701,-0.3361912965774536,-0.542229950428009,1.7937179803848267,-3.0962822437286377,0.26267704367637634,-2.116154193878174,-1.2256338596343994,0.7939098477363586,-0.9113752245903015,-0.7510273456573486,-2.473484516143799,-0.7274814248085022,-0.46275684237480164,-0.6272534728050232,-0.6906318664550781,0.7868141531944275,-4.254646301269531,0.4246301054954529,-1.0748546123504639,-0.5315442681312561,0.7369972467422485,-0.14804434776306152,2.276689052581787,0.4666474461555481,1.4336196184158325,0.6293702125549316,0.4630846381187439,0.33633074164390564,2.346097946166992
-0.5821450352668762,-0.44036009907722473,-0.8180421590805054,1.7507236003875732,-2.6778969764709473,0.13711237907409668,-1.9741618633270264,-1.150839924812317,0.7402461767196655,-0.7722741961479187,-0.8478854894638062,-2.57751727104187,-0.7260031700134277,-0.7235889434814453,-0.843112587928772,-0.6510342359542847,0.8406423330307007,-4.017125129699707,0.3287859559059143,-1.2227733135223389,-0.2955487072467804,0.7474049925804138,-0.4043949246406555,2.0091171264648438,0.6354475021362305,1.3829149007797241,0.6549384593963623,0.5138368606567383,0.30292588472366333,2.5385048389434814
-0.7831996083259583,-0.4429563879966736,-1.0925626754760742,1.7096492052078247,-2.341148853302002,-0.06457584351301193,-1.8111926317214966,-1.0409471988677979,0.6467849016189575,-0.5751270651817322,-0.9631935954093933,-2.7661025524139404,-0.7347968816757202,-0.9208879470825195,-1.0131181478500366,-0.6195880770683289,0.9131819009780884,-3.8135414123535156,0.20574943721294403,-1.3328500986099243,-0.08078772574663162,0.9009177684783936,-0.6506504416465759,1.85548996925354,0.8631222248077393,1.4145797491073608,0.6543890833854675,0.6147280931472778,0.2234390676021576,2.7024028301239014
-1.7982349395751953,0.39804840087890625,-1.2847297191619873,2.2350993156433105,-2.2022721767425537,-1.4985600709915161,-1.9435625076293945,-1.8394131660461426,-0.117881640791893,-0.2069205343723297,-1.1522772312164307,-2.6834824085235596,-0.3388690650463104,-1.3698229789733887,0.14562773704528809,-0.5043225288391113,0.24235409498214722,-3.851378917694092,0.37399810552597046,-1.6777032613754272,-1.1483798027038574,1.9225382804870605,-0.7700362205505371,1.8967617750167847,-0.12113463878631592,2.257258892059326,1.7617968320846558,0.996513843536377,0.49521923065185547,1.9182333946228027
-0.611456573009491,-0.7768736481666565,-0.8254655003547668,1.9616895914077759,-3.189192056655884,0.4549177885055542,-1.858016014099121,-1.1909890174865723,1.1612530946731567,-0.8787977695465088,-0.4039677679538727,-2.12430739402771,-0.7542412281036377,-0.091244637966156,-1.4211488962173462,-0.6932284235954285,1.1265058517456055,-4.345208644866943,0.1330772340297699,-0.9873499870300293,-0.1681617945432663,0.47742441296577454,-0.13394394516944885,2.0309486389160156,0.5676755309104919,1.1650832891464233,0.28834009170532227,0.7819471955299377,0.2107480764389038,2.561406373977661
-0.7273155450820923,-0.7592084407806396,-0.8049954771995544,1.9299814701080322,-3.1575095653533936,0.3945203423500061,-1.8260927200317383,-1.1603221893310547,1.138182282447815,-0.8367722034454346,-0.38609787821769714,-2.173154354095459,-0.7783540487289429,-0.011903882026672363,-1.4495540857315063,-0.6324895620346069,1.1391324996948242,-4.343379497528076,0.17757272720336914,-0.9898900985717773,-0.24054665863513947,0.5740396976470947,-0.08538054674863815,2.057741403579712,0.6263390779495239,1.2537420988082886,0.28438329696655273,0.8747261762619019,0.28257548809051514,2.5502917766571045
-1.0145615339279175,-0.5403711795806885,-0.850844144821167,1.982547402381897,-3.0800416469573975,0.19121724367141724,-1.7749722003936768,-1.3071589469909668,0.9243641495704651,-0.7581842541694641,-0.4762561023235321,-2.2302536964416504,-0.7172316312789917,-0.22746598720550537,-1.2995195388793945,-0.6638401746749878,1.0776927471160889,-4.373692989349365,0.19591601192951202,-1.0989456176757812,-0.34812435507774353,0.7808050513267517,-0.1721653938293457,2.084024429321289,0.4750399589538574,1.477912425994873,0.44270169734954834,0.8837089538574219,0.30385535955429077,2.41864275932312
-1.810606837272644,-0.45033860206604004,-1.2711602449417114,2.4987258911132812,-2.771791696548462,-0.9703115224838257,-1.745112419128418,-1.7016491889953613,0.5447023510932922,-0.4365226626396179,-0.9687307476997375,-2.45310640335083,-0.400115966796875,-0.9393983483314514,-0.563585638999939,-0.4920997619628906,0.7822428345680237,-4.143954753875732,-0.14107759296894073,-1.3503127098083496,-0.6571325063705444,1.487953543663025,-0.3913467526435852,2.120016574859619,0.20921258628368378,1.7653980255126953,1.1185197830200195,1.2634391784667969,0.44968873262405396,2.434004068374634
-1.9233425855636597,-0.4272156059741974,-1.231864333152771,2.466848134994507,-2.7330093383789062,-1.0167450904846191,-1.7207239866256714,-1.6452305316925049,0.5396960973739624,-0.40732333064079285,-0.9453798532485962,-2.513209581375122,-0.40188172459602356,-0.8337110280990601,-0.5820508599281311,-0.43394726514816284,0.7964856028556824,-4.137369632720947,-0.10069234669208527,-1.348211646080017,-0.7248169183731079,1.5725666284561157,-0.35173499584198,2.123976945877075,0.2450183629989624,1.8381402492523193,1.1181658506393433,1.3442540168762207,0.520508348941803,2.430570363998413
-0.9768611192703247,-0.3412167429924011,-0.8079737424850464,1.9387840032577515,-3.0494790077209473,0.17407673597335815,-1.8972885608673096,-1.324251413345337,0.7809111475944519,-0.6489002704620361,-0.6929197907447815,-2.3647780418395996,-0.5706551671028137,-0.5976856350898743,-0.8753911256790161,-0.6759721636772156,0.7423340678215027,-4.221748352050781,0.1315264105796814,-1.2109968662261963,-0.42772388458251953,0.9573278427124023,-0.3017647862434387,2.2517752647399902,0.5902292728424072,1.3512170314788818,0.7222258448600769,0.6286202669143677,0.01888500526547432,2.259875774383545
-1.1398649215698242,-0.45323172211647034,-1.0475244522094727,1.8410788774490356,-2.6836159229278564,-0.02911493554711342,-1.7618277072906494,-1.155947208404541,0.7002472281455994,-0.4788839817047119,-0.9111672639846802,-2.5588343143463135,-0.5395954847335815,-0.8145459294319153,-0.941878616809845,-0.5891562104225159,0.8427692651748657,-4.036716461181641,0.03770621120929718,-1.3583828210830688,-0.11651972681283951,1.079986810684204,-0.49664923548698425,2.1893844604492188,0.8829818367958069,1.2353293895721436,0.7442120313644409,0.7175295948982239,-0.10950668901205063,2.5121607780456543
-3.463975429534912,-0.2097892314195633,-1.556012749671936,2.6934609413146973,-3.6947739124298096,-1.3251177072525024,-1.6466203927993774,-0.951189398765564,0.39242786169052124,-0.2737509608268738,-0.7940765619277954,-3.4812564849853516,0.6381089091300964,-0.1081409752368927,-1.4361166954040527,-1.2214490175247192,1.2791111469268799,-5.262608528137207,-0.23396463692188263,-0.8559442758560181,-0.4426026940345764,2.292332172393799,-1.3393869400024414,2.7225866317749023,0.043983325362205505,2.17992901802063,1.4118441343307495,2.6114401817321777,-0.03345498442649841,2.004546642303467
-2.266427993774414,-0.03966795653104782,-1.299285650253296,2.482818126678467,-2.6852493286132812,-1.1690088510513306,-1.680614948272705,-1.7355440855026245,0.35818740725517273,-0.3139818608760834,-0.9737095236778259,-2.648092269897461,-0.2613978385925293,-1.0409278869628906,-0.4354631304740906,-0.43128037452697754,0.6759899854660034,-4.1479010581970215,-0.10110406577587128,-1.38362717628479,-0.7739613056182861,1.8731708526611328,-0.5322241187095642,2.105423927307129,0.1260770857334137,2.055487871170044,1.334243893623352,1.3402405977249146,0.4279865324497223,2.2220957279205322
-2.3913917541503906,0.36079955101013184,-1.48068368434906,2.4405593872070312,-2.362492322921753,-1.5747220516204834,-1.7709813117980957,-1.8909834623336792,-0.032324545085430145,-0.043913695961236954,-1.1785064935684204,-2.7987585067749023,-0.27759334444999695,-1.4832676649093628,0.09037881344556808,-0.512671172618866,0.21518778800964355,-3.9759531021118164,-0.10135333240032196,-1.685533881187439,-0.9486419558525085,2.1994433403015137,-0.8243986368179321,2.10002064704895,0.01891767978668213,2.1010215282440186,1.7717057466506958,1.2525089979171753,0.3086165189743042,1.9668140411376953
-4.2411651611328125,1.092532992362976,-1.9175300598144531,2.5928237438201904,-3.6680185794830322,-2.1488118171691895,-1.779728651046753,-1.2076141834259033,-0.3233256936073303,0.23491308093070984,-0.7788628935813904,-4.332244396209717,0.7771857380867004,-0.37323513627052307,-0.6311278343200684,-0.8545940518379211,0.6613052487373352,-5.5858988761901855,0.0076437294483184814,-0.7112034559249878,-1.0106923580169678,3.2485454082489014,-1.7233471870422363,2.7397091388702393,-0.37842634320259094,2.996702194213867,2.0148866176605225,3.0697391033172607,-0.24203944206237793,1.5296950340270996
-2.4517338275909424,0.33144083619117737,-1.2847877740859985,2.3594508171081543,-2.4654510021209717,-1.4217897653579712,-1.8681429624557495,-1.702012538909912,0.1302618682384491,-0.16496767103672028,-1.1607704162597656,-2.8572139739990234,-0.0837588906288147,-1.4134458303451538,-0.08056692034006119,-0.6652261018753052,0.23083709180355072,-3.961698532104492,-0.05625194311141968,-1.5991928577423096,-1.0370579957962036,2.1553454399108887,-0.8589001297950745,2.1664059162139893,0.08196026086807251,2.1013810634613037,1.7796539068222046,1.3047151565551758,0.3476303815841675,1.9076794385910034
-2.385221242904663,0.009108617901802063,-1.4643903970718384,2.599141836166382,-3.3489203453063965,-1.21720290184021,-1.8119741678237915,-1.2456573247909546,0.008361726999282837,-0.2831524610519409,-0.6561038494110107,-3.481457233428955,-0.04264460504055023,-0.46428707242012024,-1.2096368074417114,-0.6346011757850647,1.1604615449905396,-4.99870491027832,0.3452024459838867,-0.5785331130027771,-0.9043784141540527,1.9208827018737793,-0.8716877698898315,2.2770044803619385,-0.20319858193397522,2.668501138687134,1.0501775741577148,1.948214054107666,0.19371630251407623,1.9692002534866333
-1.2435802221298218,-0.2158699333667755,-1.1793345212936401,2.3321402072906494,-2.60740065574646,-0.8319032788276672,-1.903918981552124,-1.674381136894226,0.4937780499458313,-0.5196183919906616,-0.9965169429779053,-2.5201501846313477,-0.41615718603134155,-1.1600090265274048,-0.3122968375682831,-0.4062977731227875,0.5205264687538147,-3.831698179244995,0.10290811210870743,-1.371573567390442,-0.8193870782852173,1.3873244524002075,-0.37239450216293335,1.8887572288513184,0.2635180354118347,1.7148548364639282,1.3346099853515625,0.8399250507354736,0.3051969110965729,2.2148776054382324
-3.1037440299987793,0.11452385783195496,-1.7687214612960815,2.6982412338256836,-3.7336647510528564,-1.6818163394927979,-1.8254657983779907,-1.3175934553146362,-0.03746720403432846,-0.19750797748565674,-0.6488804221153259,-3.5949628353118896,0.0598074309527874,-0.43208277225494385,-1.0674530267715454,-0.6534051299095154,1.1433063745498657,-5.365391731262207,0.170042023062706,-0.5074553489685059,-0.9873924851417542,2.3106026649475098,-0.9858691692352295,2.4199042320251465,-0.400653600692749,2.8234596252441406,1.2539563179016113,2.3902060985565186,0.09691795706748962,2.038595676422119
-0.5014408826828003,-0.13397400081157684,-0.9041957259178162,1.9051510095596313,-2.0464529991149902,-0.17249155044555664,-1.961279034614563,-1.6175154447555542,0.7769967317581177,-0.364317923784256,-1.2463092803955078,-2.010227918624878,-1.1871616840362549,-1.6411242485046387,0.044001802802085876,0.38178932666778564,0.36155661940574646,-2.8722870349884033,0.3852585554122925,-2.0075736045837402,-0.5284017324447632,0.8760096430778503,-0.18869048357009888,1.875129222869873,0.6237145066261292,1.2509335279464722,0.7769767642021179,0.030661433935165405,0.5642409920692444,2.503373622894287
-1.2684987783432007,-1.373043179512024,-1.3928461074829102,2.518585681915283,-3.9932949542999268,-0.20666952431201935,-2.114523410797119,-1.2066431045532227,0.9754559993743896,-1.1986241340637207,-0.35197722911834717,-2.6487457752227783,-0.17301338911056519,0.8973724842071533,-1.8501046895980835,-1.1935383081436157,2.0733258724212646,-5.753807544708252,0.22195303440093994,0.016923079267144203,-0.12774258852005005,0.6974599361419678,-0.5245150923728943,2.0190248489379883,-0.4188353419303894,1.6703405380249023,0.3576616644859314,1.7857311964035034,0.3773574233055115,2.8185782432556152
-1.4383535385131836,-1.3724942207336426,-1.5437958240509033,2.5438835620880127,-3.674973964691162,-0.38013824820518494,-1.831900954246521,-0.9363560676574707,0.8265405893325806,-0.9265758395195007,-0.49321722984313965,-2.897857189178467,-0.11642089486122131,0.5447251200675964,-1.9833091497421265,-1.099494218826294,2.1829116344451904,-5.488640308380127,0.12553635239601135,-0.17990325391292572,0.13303516805171967,0.8788295388221741,-0.7908682823181152,1.8205610513687134,-0.12390367686748505,1.700249433517456,0.40371400117874146,1.8642048835754395,0.3024785816669464,2.8962223529815674
-1.1875449419021606,0.4860103130340576,-1.1668882369995117,2.111290454864502,-2.0535950660705566,-1.4132475852966309,-2.0247340202331543,-1.7529081106185913,-0.2598887085914612,-0.26751571893692017,-1.1161410808563232,-2.5861077308654785,-0.40125760436058044,-1.3432836532592773,0.22503261268138885,-0.5326924324035645,0.2758406698703766,-3.7207164764404297,0.7769156694412231,-1.719724178314209,-1.2834234237670898,1.621538758277893,-0.7723017930984497,1.6965007781982422,-0.24118369817733765,2.4360570907592773,1.6439076662063599,0.6689962148666382,0.6531091928482056,1.8556073904037476
0.03740927577018738,-0.803430438041687,-0.6599850058555603,1.7756237983703613,-3.1692469120025635,0.6309967041015625,-2.122542142868042,-1.1883317232131958,1.1759192943572998,-1.1689531803131104,-0.45575886964797974,-2.143418788909912,-0.9817049503326416,-0.013139516115188599,-1.1896854639053345,-0.7733478546142578,1.0796691179275513,-4.287410259246826,0.31632035970687866,-0.9567574262619019,-0.21008101105690002,0.14060935378074646,-0.03552243113517761,1.9993785619735718,0.41153770685195923,1.1329946517944336,0.1618121862411499,0.5608029365539551,0.46852269768714905,2.687520980834961
-0.04669027775526047,-0.7866488695144653,-0.6229321956634521,1.745629072189331,-3.1490190029144287,0.6005058288574219,-2.093249559402466,-1.1491681337356567,1.1576483249664307,-1.1251449584960938,-0.4379100203514099,-2.1880040168762207,-0.9949589967727661,0.057283028960227966,-1.2133071422576904,-0.7188225984573364,1.0807559490203857,-4.271684646606445,0.3694535493850708,-0.9639967679977417,-0.2849712371826172,0.238021120429039,0.009863205254077911,2.0397489070892334,0.48793327808380127,1.1900436878204346,0.1602814793586731,0.6237736344337463,0.5131285190582275,2.661001682281494
-0.01828634738922119,-0.8998112082481384,-0.9174106121063232,1.753065824508667,-2.77962064743042,0.47006410360336304,-1.9559093713760376,-1.078177809715271,1.1385279893875122,-0.99545818567276,-0.5586025714874268,-2.266258955001831,-0.9464275240898132,-0.26380473375320435,-1.3539692163467407,-0.7210643291473389,1.1398977041244507,-4.044508934020996,0.17720240354537964,-1.1066243648529053,0.07603047788143158,0.18725651502609253,-0.29031121730804443,1.712317943572998,0.6018021106719971,1.0716438293457031,0.16607744991779327,0.5854146480560303,0.4005509614944458,2.8555142879486084
-0.4153980016708374,-0.5417386889457703,-0.6446552276611328,1.8148226737976074,-3.087374210357666,0.37095868587493896,-2.0113306045532227,-1.296244740486145,0.906150758266449,-0.9949013590812683,-0.5425203442573547,-2.274775505065918,-0.9175411462783813,-0.18978634476661682,-1.0573914051055908,-0.7166678309440613,1.0077201128005981,-4.322685718536377,0.3908720314502716,-1.0778251886367798,-0.3807181715965271,0.518445611000061,-0.08242099732160568,2.0784690380096436,0.3689000606536865,1.439933180809021,0.3023717403411865,0.6280259490013123,0.4828648567199707,2.502979040145874
-0.172674760222435,-0.7972654104232788,-0.8432745933532715,1.723250150680542,-2.7283997535705566,0.45263028144836426,-2.03201961517334,-1.0169858932495117,1.1337331533432007,-0.9565086364746094,-0.627327024936676,-2.333200216293335,-0.7827073931694031,-0.38772326707839966,-1.2702442407608032,-0.7752002477645874,0.9984531998634338,-3.9460692405700684,0.22536075115203857,-1.1985775232315063,-0.07566846162080765,0.32444795966148376,-0.3520803153514862,1.877001166343689,0.739195704460144,1.07654869556427,0.3047022223472595,0.5814211368560791,0.3264433741569519,2.6797215938568115
-1.1186895370483398,-0.391958624124527,-1.1798603534698486,2.250563144683838,-2.631265878677368,-0.7633324861526489,-1.9571125507354736,-1.7674293518066406,0.6138864159584045,-0.6715198159217834,-0.849682092666626,-2.340750217437744,-0.5014430284500122,-0.8858977556228638,-0.5603839159011841,-0.5194690823554993,0.7525080442428589,-3.9518303871154785,0.13166660070419312,-1.3332574367523193,-0.7543576955795288,1.1878105401992798,-0.3926275968551636,1.8456653356552124,0.06005461513996124,1.811780571937561,1.1065342426300049,0.9030316472053528,0.4800682067871094,2.400785446166992
-1.2097065448760986,-0.3702992796897888,-1.131605863571167,2.2225213050842285,-2.5993576049804688,-0.7775360345840454,-1.9402247667312622,-1.6962424516677856,0.6104996800422668,-0.6504554152488708,-0.8465960621833801,-2.403618574142456,-0.4832613170146942,-0.798721432685852,-0.5785763263702393,-0.47540751099586487,0.7530455589294434,-3.9556000232696533,0.17773543298244476,-1.3211383819580078,-0.8200609087944031,1.2576560974121094,-0.35394230484962463,1.8738422393798828,0.11989422887563705,1.8417917490005493,1.1134624481201172,0.9659744501113892,0.5316863059997559,2.38264536857605
-0.8686811923980713,-0.44414985179901123,-0.8696564435958862,1.9908596277236938,-3.024714708328247,0.2632332146167755,-1.8778351545333862,-1.332205891609192,0.7693885564804077,-0.6070951819419861,-0.7538107633590698,-2.3323566913604736,-0.5423235893249512,-0.6761017441749573,-0.7990355491638184,-0.7361224293708801,0.652910053730011,-4.162961483001709,0.027864515781402588,-1.2906436920166016,-0.3145200312137604,0.9410251379013062,-0.358005553483963,2.244140625,0.6800140142440796,1.189408540725708,0.7030982375144958,0.544840931892395,-0.1722983866930008,2.2791213989257812
-1.7382744550704956,-0.036294449120759964,-1.2388665676116943,2.3368215560913086,-2.52482271194458,-1.1880050897598267,-1.8562242984771729,-1.7770402431488037,0.20376765727996826,-0.42054498195648193,-0.992376446723938,-2.5538246631622314,-0.5050575137138367,-1.0857981443405151,-0.2934621274471283,-0.39963436126708984,0.630922257900238,-3.9996535778045654,0.23600518703460693,-1.4045522212982178,-0.9533841609954834,1.624409794807434,-0.4493124186992645,1.898363709449768,-0.04042087495326996,2.2015233039855957,1.2618571519851685,1.0595169067382812,0.585693359375,2.1939711570739746
-1.030961036682129,-0.5596312880516052,-1.0748947858810425,1.8647170066833496,-2.6358275413513184,0.039415162056684494,-1.7386192083358765,-1.1543478965759277,0.6870256662368774,-0.385505348443985,-0.8917200565338135,-2.4840168952941895,-0.550091028213501,-0.8959999680519104,-0.9358258843421936,-0.6451531648635864,0.7521474361419678,-3.9494638442993164,-0.054428912699222565,-1.4705724716186523,-0.025973424315452576,1.0042128562927246,-0.5405505895614624,2.2674102783203125,0.9823151230812073,1.072307825088501,0.6627858877182007,0.633660078048706,-0.30477315187454224,2.527014970779419
-1.0659278631210327,-0.3280385732650757,-0.5978987216949463,1.8362879753112793,-3.3760182857513428,0.42024943232536316,-2.147627353668213,-1.1864209175109863,0.9817650318145752,-0.9431197047233582,-0.7661147117614746,-2.75473690032959,-0.3546939492225647,-0.4785430431365967,-0.6626873016357422,-0.8380159139633179,0.7270820736885071,-4.3788557052612305,0.3600809872150421,-0.8728160858154297,-0.73204505443573,0.9597257971763611,-0.4264160990715027,2.411996603012085,0.5974023938179016,1.3959773778915405,0.7771811485290527,0.5191220045089722,0.025539234280586243,2.23097825050354
-0.42109018564224243,-0.3323068618774414,-0.5202598571777344,1.7481446266174316,-3.1518394947052,0.2148464471101761,-2.2083420753479004,-1.21724271774292,0.7267307043075562,-0.9521623849868774,-0.8049755096435547,-2.4593634605407715,-0.6683278679847717,-0.5204319357872009,-0.5285918116569519,-0.7617635726928711,0.742087721824646,-4.262277126312256,0.47904539108276367,-1.0763490200042725,-0.6245907545089722,0.6791845560073853,-0.18729619681835175,2.2736775875091553,0.3351626992225647,1.3152222633361816,0.770072340965271,0.4777791500091553,0.27655550837516785,2.3565242290496826
-0.5110747814178467,-0.41975831985473633,-0.7905258536338806,1.7042218446731567,-2.7499027252197266,0.10799948126077652,-2.0563478469848633,-1.1158583164215088,0.697644829750061,-0.8004029989242554,-0.9291200041770935,-2.5982611179351807,-0.6742395162582397,-0.8040358424186707,-0.7096307277679443,-0.6935863494873047,0.7926275730133057,-4.0236921310424805,0.33384716510772705,-1.240193486213684,-0.3327687978744507,0.7503551840782166,-0.41064682602882385,2.0408833026885986,0.5741974115371704,1.2499823570251465,0.7594056725502014,0.4794590473175049,0.20577354729175568,2.5387609004974365
-0.5321463942527771,-0.48017123341560364,-0.818106472492218,1.7147847414016724,-2.62273907661438,0.0739559531211853,-1.9796221256256104,-1.1793805360794067,0.6237367391586304,-0.7106387615203857,-0.9097170233726501,-2.541231155395508,-0.668634295463562,-0.8502627611160278,-0.7395630478858948,-0.6889805197715759,0.7728382349014282,-3.970130443572998,0.3376198410987854,-1.3300749063491821,-0.27076205611228943,0.7593408823013306,-0.47562140226364136,2.1308538913726807,0.6510440707206726,1.244949221611023,0.7374990582466125,0.5381745100021362,0.08840455114841461,2.565521001815796
-0.7349539995193481,-0.5216042399406433,-1.0659106969833374,1.6508535146713257,-2.340534210205078,-0.04886055737733841,-1.8652048110961914,-0.9789860248565674,0.6525103449821472,-0.5723985433578491,-1.0851223468780518,-2.7701778411865234,-0.6671321988105774,-1.012467384338379,-0.850678026676178,-0.6286227703094482,0.8679178953170776,-3.774446725845337,0.14985397458076477,-1.4041892290115356,0.04991760849952698,0.9224539995193481,-0.6419256329536438,2.0068325996398926,0.9650536775588989,1.189728021621704,0.6892605423927307,0.5417975187301636,-0.02261076122522354,2.754155158996582
-2.6920502185821533,-0.1018398255109787,-1.5746467113494873,2.4137043952941895,-3.5013861656188965,-1.225624680519104,-1.7566611766815186,-1.085838794708252,0.14812089502811432,-0.358096182346344,-0.7622883915901184,-3.6747426986694336,0.3663865327835083,-0.12684187293052673,-1.2524725198745728,-0.9999676942825317,1.3664339780807495,-5.38506555557251,0.21561869978904724,-0.6156798005104065,-0.5290217399597168,2.103008270263672,-1.3111419677734375,2.3887112140655518,-0.02292916178703308,2.457545042037964,1.3057938814163208,2.3043978214263916,-0.024917006492614746,2.2710578441619873
-2.858797311782837,-0.22459083795547485,-1.3752084970474243,2.5509471893310547,-3.4792861938476562,-1.19670569896698,-1.7934844493865967,-1.1501030921936035,0.29395052790641785,-0.5574063062667847,-0.7744226455688477,-3.371978759765625,0.4706532061100006,-0.10872387886047363,-1.2896462678909302,-1.353305697441101,1.253279685974121,-5.231472015380859,0.10207317769527435,-0.8636461496353149,-0.551028311252594,2.0070390701293945,-1.3144524097442627,2.5122199058532715,-0.25612351298332214,2.332808494567871,1.332992672920227,2.281346321105957,0.1353466510772705,2.055294990539551
-3.1153252124786377,-0.3878212869167328,-1.6210815906524658,2.528240203857422,-3.3611223697662354,-1.2209694385528564,-1.6830869913101196,-0.8566692471504211,0.3568100333213806,-0.4195519983768463,-0.9535154700279236,-3.596526861190796,0.49863606691360474,-0.3069916367530823,-1.4800481796264648,-1.1923813819885254,1.4013497829437256,-5.075619220733643,-0.09851112961769104,-0.8195104598999023,-0.27043256163597107,2.150554656982422,-1.4449882507324219,2.469418525695801,0.15510354936122894,2.22674298286438,1.2857131958007812,2.3650496006011963,0.03795918822288513,2.2426393032073975
-0.31986355781555176,-0.7057490348815918,-0.8048518896102905,1.6910558938980103,-2.7880661487579346,0.41656404733657837,-2.1156396865844727,-0.9614495038986206,1.0386484861373901,-0.9486439228057861,-0.8199926018714905,-2.5052828788757324,-0.6490554213523865,-0.631127655506134,-0.9560210108757019,-0.8328470587730408,0.8835463523864746,-3.903092384338379,0.24851085245609283,-1.184049129486084,-0.24465686082839966,0.48892927169799805,-0.4338088631629944,2.0066962242126465,0.7672696113586426,1.1146728992462158,0.5372292399406433,0.41816282272338867,0.21868078410625458,2.596284866333008
-2.3869006633758545,0.3335878252983093,-1.4896759986877441,2.4242208003997803,-2.3557913303375244,-1.5336040258407593,-1.7906115055084229,-1.8803460597991943,-0.05581856518983841,-0.0015243496745824814,-1.2960494756698608,-2.854705333709717,-0.2668152451515198,-1.5837979316711426,0.24407817423343658,-0.531121551990509,0.16622252762317657,-3.9704627990722656,-0.12824895977973938,-1.7503323554992676,-0.8586372137069702,2.2730493545532227,-0.8407546877861023,2.1820476055145264,0.11333973705768585,1.924647569656372,1.7838927507400513,1.1876773834228516,0.13885727524757385,1.995983600616455
-2.3328778743743896,0.491315096616745,-1.344364047050476,2.31925106048584,-2.314239740371704,-1.6050071716308594,-1.9449560642242432,-1.7653299570083618,-0.14368772506713867,-0.13182950019836426,-1.1794129610061646,-2.925347328186035,-0.2672116458415985,-1.5335596799850464,0.22002355754375458,-0.5645872950553894,0.15772253274917603,-3.8628437519073486,0.26727643609046936,-1.6013507843017578,-1.307663083076477,2.2154369354248047,-0.8840905427932739,1.9880625009536743,-0.043483853340148926,2.3644256591796875,1.7853851318359375,1.1205111742019653,0.4215046167373657,1.8058184385299683
-1.755102515220642,0.37562647461891174,-1.318399429321289,2.2203526496887207,-2.199857234954834,-1.4824975728988647,-1.9852420091629028,-1.8490852117538452,-0.14855854213237762,-0.2059793472290039,-1.2773170471191406,-2.6839840412139893,-0.3304540812969208,-1.5009765625,0.3067293167114258,-0.5448321104049683,0.1793574094772339,-3.8566720485687256,0.33448487520217896,-1.7185554504394531,-1.07244074344635,1.977907419204712,-0.8102322816848755,1.9460349082946777,-0.07845962047576904,2.0813112258911133,1.8197648525238037,0.9451825022697449,0.3234216272830963,1.9459693431854248
-3.559251070022583,1.051666021347046,-1.744475245475769,2.4437599182128906,-3.4095916748046875,-2.08829927444458,-1.9546356201171875,-1.277451753616333,-0.5460230112075806,0.12671412527561188,-0.7887531518936157,-4.170152187347412,0.5997122526168823,-0.45346179604530334,-0.46967843174934387,-0.9151861667633057,0.5931572914123535,-5.437511920928955,0.3816375434398651,-0.8298729658126831,-1.1147080659866333,2.9663162231445312,-1.6944200992584229,2.5670101642608643,-0.5062144994735718,3.0826544761657715,1.9316359758377075,2.676028251647949,-0.1804697960615158,1.4433462619781494
-1.7698075771331787,-0.04009801149368286,-1.3555448055267334,2.423703670501709,-3.1815974712371826,-1.1033848524093628,-1.960013747215271,-1.236484169960022,-0.011857226490974426,-0.4109329283237457,-0.6516789197921753,-3.334430694580078,-0.19137196242809296,-0.3858098089694977,-1.1328212022781372,-0.6412578821182251,1.1116634607315063,-4.868740558624268,0.615207850933075,-0.6507037878036499,-0.9628245830535889,1.5951346158981323,-0.7678885459899902,2.151215076446533,-0.32452136278152466,2.763235092163086,0.9191644191741943,1.6146432161331177,0.35866779088974,1.9578971862792969
-0.724012017250061,-0.1695789098739624,-1.155893325805664,2.1557364463806152,-2.3172950744628906,-0.8718128800392151,-2.051839590072632,-1.7593096494674683,0.3668314218521118,-0.6252518892288208,-1.0170243978500366,-2.3855507373809814,-0.6019389629364014,-1.1102300882339478,-0.19761215150356293,-0.4566150903701782,0.5399848222732544,-3.7389168739318848,0.4400310516357422,-1.508849024772644,-0.8861531019210815,1.1182456016540527,-0.40367090702056885,1.6805557012557983,0.02651900053024292,1.9390138387680054,1.2082024812698364,0.5934633612632751,0.5532525777816772,2.2508137226104736
-1.7653090953826904,-0.5877132415771484,-1.69723379611969,2.4697155952453613,-3.3847484588623047,-1.141100287437439,-1.8363138437271118,-1.229527235031128,0.2135295867919922,-0.5570911169052124,-0.5823395252227783,-3.2265048027038574,-0.32944947481155396,-0.24518004059791565,-1.5357606410980225,-0.8553553819656372,1.5468569993972778,-5.169829845428467,0.35008397698402405,-0.5725371837615967,-0.5405567288398743,1.3814892768859863,-0.8108171224594116,1.9391469955444336,-0.33592772483825684,2.4139115810394287,0.6843641996383667,1.8407011032104492,0.4120583236217499,2.535153388977051
-0.0811765193939209,-0.6489853858947754,-0.6164047718048096,1.8416284322738647,-3.2715468406677246,0.5763595700263977,-2.136958360671997,-1.0854487419128418,1.0381172895431519,-1.0323917865753174,-0.5588878989219666,-2.250514030456543,-0.867888331413269,-0.2774794399738312,-0.9177695512771606,-0.6594386100769043,0.8938320875167847,-4.204023361206055,0.283863365650177,-0.8923187851905823,-0.4159088134765625,0.2619739770889282,0.05451852083206177,2.0996904373168945,0.46436721086502075,1.0790787935256958,0.3418724536895752,0.3888230621814728,0.3329159617424011,2.406559705734253
-0.006377283483743668,-0.7915230393409729,-0.8892985582351685,1.7775791883468628,-2.90244197845459,0.4524901509284973,-2.0177340507507324,-0.9786696434020996,1.0645314455032349,-0.931281566619873,-0.639922559261322,-2.366814136505127,-0.8568958044052124,-0.4982162415981293,-1.0914855003356934,-0.6483640670776367,0.9647510647773743,-3.9293394088745117,0.15030738711357117,-1.0556780099868774,-0.06455405801534653,0.18641293048858643,-0.15922263264656067,1.8140345811843872,0.6673395037651062,0.9479838609695435,0.3282470703125,0.35886579751968384,0.2303253412246704,2.6491076946258545
-0.07352767139673233,-0.9996336102485657,-0.7572310566902161,1.8918026685714722,-2.870560884475708,0.7107534408569336,-2.0676796436309814,-1.033700704574585,1.3002614974975586,-1.0849558115005493,-0.6716821193695068,-2.0724072456359863,-0.7673240303993225,-0.48878371715545654,-1.0647351741790771,-0.844711422920227,0.8104761242866516,-3.7995901107788086,0.09319572895765305,-1.2581721544265747,-0.05832746624946594,0.12092633545398712,-0.15546882152557373,1.9939210414886475,0.6607105135917664,0.7636861801147461,0.25967323780059814,0.21061481535434723,0.18228568136692047,2.427678108215332
-0.19876372814178467,-0.7302570343017578,-0.5623921155929565,1.7530503273010254,-3.148207187652588,0.5644890069961548,-2.079141855239868,-0.9812806844711304,1.078606128692627,-1.0133638381958008,-0.567535936832428,-2.315655469894409,-0.8461906313896179,-0.14249303936958313,-1.0057603120803833,-0.5608579516410828,0.9750101566314697,-4.146362781524658,0.349141001701355,-0.8902352452278137,-0.3997642993927002,0.3671908974647522,0.1580851525068283,2.148872137069702,0.6263201236724854,1.1712793111801147,0.342390239238739,0.465129017829895,0.37842807173728943,2.4024555683135986
-0.23507080972194672,-0.7280110120773315,-0.6040108799934387,1.8156038522720337,-3.207170248031616,0.5899794697761536,-2.054685115814209,-1.0085740089416504,1.1534563302993774,-1.0737226009368896,-0.5481780767440796,-2.2258663177490234,-0.8382824659347534,-0.06397151947021484,-1.0382287502288818,-0.5941368937492371,0.9795676469802856,-4.233404159545898,0.31148773431777954,-0.8866868615150452,-0.33677181601524353,0.31207525730133057,0.19801364839076996,2.129201889038086,0.573533833026886,1.1127365827560425,0.2718242108821869,0.4786328077316284,0.38240060210227966,2.41446852684021
-2.3536264896392822,0.05726510286331177,-1.6603350639343262,2.527963638305664,-3.497762680053711,-1.5496019124984741,-2.0275468826293945,-1.4194635152816772,-0.17489363253116608,-0.33023831248283386,-0.6665367484092712,-3.4419076442718506,-0.10315954685211182,-0.44614171981811523,-0.9588284492492676,-0.6987162828445435,1.0706779956817627,-5.226935386657715,0.5156846642494202,-0.5991302132606506,-1.0549649000167847,1.9479022026062012,-0.9705914258956909,2.216040849685669,-0.5626630783081055,2.8485724925994873,1.1899731159210205,2.0026636123657227,0.14871305227279663,2.0180587768554688
-2.9683847427368164,-0.041362255811691284,-1.863569736480713,2.7055253982543945,-3.6509950160980225,-1.6020517349243164,-1.7895885705947876,-1.3842321634292603,-0.04461278021335602,-0.15713495016098022,-0.714712917804718,-3.4423885345458984,-0.0006837844848632812,-0.5498243570327759,-1.0441906452178955,-0.7410804033279419,1.0666276216506958,-5.328572750091553,0.03599990904331207,-0.6681733131408691,-0.7729832530021667,2.2751801013946533,-1.0128921270370483,2.4776101112365723,-0.3391304612159729,2.626803159713745,1.182928204536438,2.318328619003296,-0.10035689175128937,2.1127281188964844
-1.3647361993789673,-0.07136538624763489,-1.2370693683624268,2.371148109436035,-2.6600422859191895,-0.9185770750045776,-1.9473588466644287,-1.663290023803711,0.44461408257484436,-0.465165376663208,-1.0189863443374634,-2.5831923484802246,-0.40302735567092896,-1.2399818897247314,-0.14895129203796387,-0.352247416973114,0.5145878791809082,-3.861053228378296,0.04771575331687927,-1.3728704452514648,-0.7999827265739441,1.5421336889266968,-0.41684356331825256,1.8556461334228516,0.1969776153564453,1.7846646308898926,1.3872991800308228,0.7277520298957825,0.24927711486816406,2.0764803886413574
-1.647447109222412,-0.1551000475883484,-1.2195076942443848,2.339453935623169,-2.475323438644409,-1.0352904796600342,-1.9145570993423462,-1.7524254322052002,0.35230115056037903,-0.4585206210613251,-1.0114539861679077,-2.4999053478240967,-0.4358006715774536,-1.0957903861999512,-0.30814942717552185,-0.40059107542037964,0.6530932188034058,-3.954716682434082,0.14531463384628296,-1.4545419216156006,-0.8078138828277588,1.5976731777191162,-0.3968813419342041,1.924468994140625,0.1141565665602684,1.9861897230148315,1.2234984636306763,0.9314010143280029,0.4508747160434723,2.1455981731414795
-1.3699514865875244,-0.19635677337646484,-1.2346773147583008,2.3357720375061035,-2.5127480030059814,-0.9635273218154907,-1.9261646270751953,-1.7525616884231567,0.35030433535575867,-0.48293107748031616,-1.1595849990844727,-2.5485153198242188,-0.4573863744735718,-1.2599016427993774,-0.11508118361234665,-0.4650695323944092,0.526997447013855,-3.8906331062316895,0.08090801537036896,-1.5032916069030762,-0.7162439823150635,1.5237305164337158,-0.4334494471549988,1.9666367769241333,0.2230820655822754,1.6642117500305176,1.3432284593582153,0.8577061891555786,0.23977097868919373,2.277913808822632
-1.654244065284729,-0.12330296635627747,-1.3197352886199951,2.395944595336914,-3.229326009750366,-0.9961824417114258,-2.0729520320892334,-1.2789596319198608,0.009051024913787842,-0.5085049271583557,-0.6717758178710938,-3.3208255767822266,-0.1743413805961609,-0.3808293342590332,-1.1722625494003296,-0.6784377098083496,1.1020615100860596,-4.8718180656433105,0.6197947263717651,-0.5495681166648865,-1.0084797143936157,1.483446478843689,-0.7787986397743225,2.1447653770446777,-0.32444754242897034,2.5959577560424805,0.9701622128486633,1.6213141679763794,0.30290430784225464,2.00136661529541
-1.9207252264022827,-0.15521451830863953,-1.3239459991455078,2.4426920413970947,-2.6830310821533203,-0.9218780398368835,-1.897403359413147,-1.7310843467712402,0.4747810363769531,-0.46079692244529724,-1.0429208278656006,-2.7916059494018555,-0.23633696138858795,-1.2414599657058716,-0.26891082525253296,-0.5160513520240784,0.5432955026626587,-3.9696767330169678,0.01807771623134613,-1.2626763582229614,-0.9734147191047668,1.6881519556045532,-0.5937809348106384,2.0121054649353027,0.312173992395401,1.8778796195983887,1.4042061567306519,1.0080535411834717,0.18934647738933563,2.1522934436798096
-1.768439769744873,-0.33918535709381104,-1.9348958730697632,2.6062917709350586,-3.351905584335327,-1.4159435033798218,-1.910083532333374,-1.4749037027359009,-0.07499079406261444,-0.3621406555175781,-0.6767668128013611,-3.055791139602661,-0.8394951820373535,-0.7223237752914429,-1.0207480192184448,-0.4145137071609497,1.4392814636230469,-5.054056644439697,0.5492068529129028,-0.7412819862365723,-0.6983726620674133,1.4855259656906128,-0.533604085445404,1.8102662563323975,-0.7600175738334656,2.908224105834961,0.2689092457294464,1.2687829732894897,0.29301369190216064,2.475182294845581
-0.9801362752914429,-0.37293678522109985,-0.8681597113609314,1.9919276237487793,-3.1026906967163086,0.19503849744796753,-1.7947074174880981,-1.3868017196655273,0.8397783041000366,-0.6880366206169128,-0.5381129384040833,-2.341343879699707,-0.679562509059906,-0.4570465683937073,-1.063184380531311,-0.6531693935394287,0.9738529920578003,-4.3692498207092285,0.12993592023849487,-1.1032397747039795,-0.3474805951118469,0.8509857654571533,-0.23253756761550903,2.0983893871307373,0.44331297278404236,1.5163462162017822,0.5050452947616577,0.6617067456245422,0.20842058956623077,2.3526275157928467
-0.9771986603736877,-0.3841610848903656,-0.8595892786979675,1.9854662418365479,-3.074465751647949,0.18267083168029785,-1.8054215908050537,-1.3845922946929932,0.8425415754318237,-0.6915683150291443,-0.5517573952674866,-2.3531417846679688,-0.6766070127487183,-0.43783774971961975,-1.0725367069244385,-0.6703265905380249,0.9689816832542419,-4.370816230773926,0.13549356162548065,-1.1163493394851685,-0.3496657907962799,0.8350607752799988,-0.23891159892082214,2.1072909832000732,0.45259860157966614,1.505309820175171,0.5246761441230774,0.6936160922050476,0.23302969336509705,2.37233304977417
-0.6354038119316101,-0.7387470602989197,-1.0752609968185425,1.7574751377105713,-2.7861642837524414,0.2885674834251404,-1.7201615571975708,-0.9913815855979919,0.9648874402046204,-0.6743090152740479,-0.6909592151641846,-2.448391914367676,-0.705350935459137,-0.573480486869812,-1.3034024238586426,-0.5690577626228333,1.0592164993286133,-3.9652936458587646,0.09063234180212021,-1.2114722728729248,0.069517582654953,0.7032725214958191,-0.35096225142478943,1.946556568145752,0.9647862315177917,1.0338926315307617,0.4804127812385559,0.6991473436355591,-0.1125485971570015,2.6893184185028076
-1.8672298192977905,-1.2123692035675049,-1.4396216869354248,2.4603312015533447,-3.295078992843628,-0.6393308043479919,-1.7692359685897827,-0.7558072805404663,0.7378529906272888,-0.7667685747146606,-0.7947766184806824,-2.9779319763183594,0.12687310576438904,0.10806162655353546,-1.8343384265899658,-1.2724121809005737,1.761723279953003,-4.882826805114746,-0.10060298442840576,-0.790029764175415,0.14121678471565247,1.252373218536377,-1.084023356437683,2.0852861404418945,0.2675754129886627,1.57521653175354,0.856999397277832,1.9425287246704102,0.14246229827404022,2.5609664916992188
-0.6799190640449524,-0.6716954708099365,-1.0431122779846191,1.8506962060928345,-2.7645225524902344,0.26463499665260315,-1.8279261589050293,-1.0693238973617554,1.01455557346344,-0.6677590608596802,-0.6792426705360413,-2.378129720687866,-0.6192614436149597,-0.5697952508926392,-1.2723841667175293,-0.676958441734314,0.9932858347892761,-4.000235557556152,0.03438253700733185,-1.2724318504333496,0.0338529571890831,0.6348437666893005,-0.42816850543022156,2.019162178039551,0.9071768522262573,1.0484023094177246,0.44308194518089294,0.6367424130439758,-0.01735774427652359,2.5679328441619873
-0.6323372721672058,-0.7670637369155884,-0.8226144909858704,1.9667178392410278,-3.203251361846924,0.45263415575027466,-1.8309359550476074,-1.1787339448928833,1.1534837484359741,-0.8717775940895081,-0.3700675666332245,-2.1186447143554688,-0.7613178491592407,-0.0865955650806427,-1.4351447820663452,-0.6687536239624023,1.1500835418701172,-4.349577903747559,0.14697465300559998,-0.9743211269378662,-0.1747419238090515,0.4760439097881317,-0.12065431475639343,2.0080044269561768,0.5526715517044067,1.2013999223709106,0.2561575770378113,0.7740740776062012,0.214393749833107,2.5427911281585693
-1.8211402893066406,-0.4404914379119873,-1.269857406616211,2.505403995513916,-2.789525032043457,-0.961412787437439,-1.7224467992782593,-1.6915847063064575,0.5366116762161255,-0.43302375078201294,-0.9386683702468872,-2.444143295288086,-0.4104170501232147,-0.9440855383872986,-0.5792110562324524,-0.4720214009284973,0.8035640120506287,-4.147435188293457,-0.12779228389263153,-1.3357294797897339,-0.6683539748191833,1.4853835105895996,-0.3832836151123047,2.0970263481140137,0.1934107542037964,1.8016068935394287,1.0832767486572266,1.2473433017730713,0.45260629057884216,2.41438627243042
-3.024596691131592,-0.196869894862175,-1.8106578588485718,2.5241665840148926,-3.5982422828674316,-1.2715123891830444,-1.6675630807876587,-0.9972835183143616,0.23355725407600403,-0.11462228000164032,-0.7767662405967712,-3.590014696121216,0.4196290373802185,-0.34519100189208984,-1.4190155267715454,-0.923528790473938,1.2422494888305664,-5.2816619873046875,-0.17793579399585724,-0.7271872758865356,-0.35562193393707275,2.2514171600341797,-1.3996562957763672,2.606466770172119,0.2543944716453552,2.1268091201782227,1.391442060470581,2.5143883228302,-0.3735266923904419,2.2348599433898926
-3.6558356285095215,0.19100558757781982,-1.7474445104599,2.7391417026519775,-4.0212016105651855,-1.441650390625,-1.6754823923110962,-1.1730492115020752,0.16959647834300995,-0.09584056586027145,-0.6601632237434387,-3.8416202068328857,0.6154521703720093,-0.09158921241760254,-1.2403446435928345,-0.9021756052970886,1.202027678489685,-5.745321750640869,-0.09978599846363068,-0.45822906494140625,-0.7145400643348694,2.5325658321380615,-1.340731143951416,2.818028450012207,-0.1334727257490158,2.5122668743133545,1.3886178731918335,2.89290714263916,-0.30399030447006226,2.028463840484619
-3.7850587368011475,0.21381796896457672,-1.6890383958816528,2.702763319015503,-3.9769339561462402,-1.5065768957138062,-1.6618975400924683,-1.098016619682312,0.1702115535736084,-0.06588613986968994,-0.6235142946243286,-3.9292352199554443,0.6123954057693481,0.023341000080108643,-1.2642179727554321,-0.8359955549240112,1.2138850688934326,-5.720733165740967,-0.07490651309490204,-0.44822216033935547,-0.7818059921264648,2.613081932067871,-1.306504726409912,2.8142521381378174,-0.09770017862319946,2.6006739139556885,1.3697865009307861,2.984097480773926,-0.20760780572891235,2.0161328315734863
-2.3613502979278564,0.2691478133201599,-1.520707130432129,2.5371248722076416,-2.493809700012207,-1.4526116847991943,-1.6546159982681274,-1.9469537734985352,0.06157355010509491,-0.12033385038375854,-1.1054661273956299,-2.7658731937408447,-0.339163601398468,-1.350978136062622,-0.0942685455083847,-0.4958130121231079,0.5230091214179993,-4.143866062164307,-0.10335087776184082,-1.5666916370391846,-0.8110387921333313,2.061628580093384,-0.7394450902938843,1.9784127473831177,-0.07230283319950104,2.2564151287078857,1.4916563034057617,1.1919035911560059,0.4592963457107544,2.0841033458709717
-2.359713315963745,0.25384294986724854,-1.5035405158996582,2.5271527767181396,-2.4703328609466553,-1.467147707939148,-1.669316291809082,-1.939712643623352,0.06831329315900803,-0.11989399790763855,-1.1136258840560913,-2.7733821868896484,-0.33741235733032227,-1.3240612745285034,-0.106037437915802,-0.5102823376655579,0.5157079100608826,-4.149466037750244,-0.10152091085910797,-1.5834044218063354,-0.8131856918334961,2.042248487472534,-0.7404373288154602,2.0031442642211914,-0.06114839017391205,2.241239309310913,1.502786636352539,1.2257665395736694,0.4798271059989929,2.103147029876709
-1.0048879384994507,-0.33474504947662354,-0.8188731670379639,1.944854974746704,-3.0617222785949707,0.1703682243824005,-1.8719089031219482,-1.3060870170593262,0.7789848446846008,-0.6406074166297913,-0.6748191714286804,-2.3585715293884277,-0.5663848519325256,-0.5937912464141846,-0.8634347319602966,-0.6365291476249695,0.7517564296722412,-4.219183921813965,0.12793713808059692,-1.1977007389068604,-0.41724273562431335,0.9784582257270813,-0.2824428379535675,2.232802152633667,0.6071604490280151,1.379920482635498,0.7129489779472351,0.6175479888916016,-0.006272528320550919,2.2420971393585205
-1.1053677797317505,-0.41338062286376953,-1.0813894271850586,1.8699402809143066,-2.7422146797180176,-0.01822827011346817,-1.7324059009552002,-1.1606080532073975,0.6759691834449768,-0.4558621644973755,-0.8636881709098816,-2.54217791557312,-0.5731788277626038,-0.9101287126541138,-0.9294177889823914,-0.5831496119499207,0.8308565020561218,-4.028650760650635,0.021691016852855682,-1.3609694242477417,-0.12565094232559204,1.098562479019165,-0.5164941549301147,2.125098466873169,0.8573634624481201,1.252657413482666,0.7474613785743713,0.6556453704833984,-0.18288084864616394,2.4712555408477783
-2.716012716293335,-0.25313782691955566,-1.4632197618484497,2.4880974292755127,-3.3720414638519287,-1.2061783075332642,-1.9205402135849,-1.1481176614761353,0.24259120225906372,-0.47569870948791504,-0.8197445273399353,-3.3346316814422607,0.39969173073768616,-0.24076563119888306,-1.284600019454956,-1.2671399116516113,1.1722208261489868,-5.0746750831604,0.09951446950435638,-0.9424241185188293,-0.5515859127044678,1.9857383966445923,-1.2922487258911133,2.481353998184204,-0.15190380811691284,2.2056326866149902,1.4126046895980835,2.1768693923950195,-0.014797866344451904,1.9526846408843994
-4.285741329193115,0.6624269485473633,-1.8590497970581055,2.7450785636901855,-3.938197135925293,-1.8463984727859497,-1.6251906156539917,-1.1172032356262207,-0.08643622696399689,0.08151587843894958,-0.6898192763328552,-4.158847808837891,0.6669818758964539,-0.17438751459121704,-1.0504662990570068,-0.8182502388954163,1.1058834791183472,-5.745406627655029,-0.079924076795578,-0.49906104803085327,-0.840308427810669,2.9795479774475098,-1.4703813791275024,2.787146806716919,-0.2696918249130249,2.9215943813323975,1.5133562088012695,3.1273691654205322,-0.18338781595230103,1.8118762969970703
-2.2130680084228516,0.22833538055419922,-1.388515591621399,2.4483578205108643,-2.5814919471740723,-1.2740370035171509,-1.7490509748458862,-1.8416978120803833,0.19653283059597015,-0.2056850790977478,-1.0447477102279663,-2.7444896697998047,-0.21265678107738495,-1.3092108964920044,-0.15143142640590668,-0.4713008999824524,0.41199713945388794,-4.044249057769775,-0.10999514162540436,-1.4656559228897095,-0.8826791048049927,1.9853929281234741,-0.7007390260696411,2.066272258758545,0.06154528260231018,2.0670297145843506,1.6113067865371704,1.179197907447815,0.3217011094093323,2.0420358180999756
-2.4220964908599854,0.3735355734825134,-1.4779077768325806,2.4464926719665527,-2.3878540992736816,-1.5745621919631958,-1.752245306968689,-1.863970398902893,-0.030475616455078125,-0.04007607325911522,-1.1443206071853638,-2.8013548851013184,-0.27309006452560425,-1.4741661548614502,0.0712314024567604,-0.4724482297897339,0.23362381756305695,-3.9779579639434814,-0.1035514622926712,-1.6560760736465454,-0.9499721527099609,2.2265076637268066,-0.8109651207923889,2.0751702785491943,0.03128620982170105,2.13079571723938,1.7636131048202515,1.2646923065185547,0.28651171922683716,1.9478219747543335
-4.171700477600098,1.109354853630066,-2.011711359024048,2.6408231258392334,-3.629612445831299,-2.110825777053833,-1.7681422233581543,-1.2458229064941406,-0.37524136900901794,0.286449134349823,-0.8110915422439575,-4.328845977783203,0.7397870421409607,-0.5538538098335266,-0.5687215924263,-0.9201218485832214,0.6161559820175171,-5.570033550262451,-0.06552878022193909,-0.7746604084968567,-0.9334922432899475,3.2323739528656006,-1.796578288078308,2.7179601192474365,-0.38719040155410767,2.915485143661499,1.989434003829956,2.9390947818756104,-0.3666466474533081,1.4984517097473145
-3.540079355239868,1.096867322921753,-1.8653740882873535,2.440269708633423,-3.2736711502075195,-2.1431753635406494,-2.0306527614593506,-1.430330753326416,-0.6431734561920166,0.11282132565975189,-0.8385741710662842,-4.173056602478027,0.524087131023407,-0.5357820391654968,-0.38974031805992126,-0.9306085109710693,0.532516360282898,-5.45303201675415,0.39226609468460083,-0.8530583381652832,-1.101920247077942,2.9927921295166016,-1.7619030475616455,2.5140106678009033,-0.5777398943901062,3.045158863067627,2.021634340286255,2.681079149246216,-0.22941796481609344,1.4349428415298462
-4.820823669433594,1.2910354137420654,-2.0098533630371094,2.6021080017089844,-3.7966017723083496,-2.3104281425476074,-1.8145424127578735,-1.0416374206542969,-0.3569336533546448,0.30275800824165344,-0.7912476062774658,-4.583953380584717,0.8193902373313904,-0.5160980224609375,-0.6051173210144043,-0.9545785784721375,0.6106657981872559,-5.599661350250244,-0.1256212592124939,-0.6728967428207397,-1.1168851852416992,3.5456433296203613,-1.8708996772766113,2.78092360496521,-0.3369421660900116,3.151686668395996,1.987851619720459,3.2123286724090576,-0.24656429886817932,1.3831889629364014
-2.384770631790161,0.328156977891922,-1.4589444398880005,2.4163053035736084,-2.385291576385498,-1.5346248149871826,-1.778993844985962,-1.876861333847046,-0.005515798926353455,-0.0748550295829773,-1.1205493211746216,-2.7634501457214355,-0.28357404470443726,-1.4281971454620361,0.004706472158432007,-0.4842730164527893,0.27806660532951355,-3.984429359436035,-0.09112606942653656,-1.656278133392334,-0.9274418950080872,2.1519970893859863,-0.7994405031204224,2.0868568420410156,0.02412620186805725,2.138309955596924,1.701432228088379,1.2599505186080933,0.32680845260620117,1.9829667806625366
-1.9806108474731445,-0.6583040356636047,-1.4802749156951904,2.732576370239258,-3.5622382164001465,-0.6854695677757263,-1.704695224761963,-1.282482385635376,0.40664976835250854,-0.5609292984008789,-0.5612272024154663,-3.1553220748901367,-0.15340979397296906,-0.11285588145256042,-1.6403896808624268,-0.8268207311630249,1.5974376201629639,-5.257007598876953,0.18504710495471954,-0.3644467890262604,-0.5523627996444702,1.3705805540084839,-0.7012819051742554,2.1764638423919678,-0.2214362919330597,2.231980323791504,0.5237054228782654,1.8821380138397217,0.23371918499469757,2.355696201324463
-2.0841734409332275,-0.6375485062599182,-1.4317539930343628,2.7137436866760254,-3.520047664642334,-0.7269747257232666,-1.6973375082015991,-1.2172340154647827,0.39880990982055664,-0.5227079391479492,-0.5430058836936951,-3.2254931926727295,-0.14546722173690796,-0.0038445591926574707,-1.6633683443069458,-0.7713633179664612,1.6134642362594604,-5.2599945068359375,0.21658861637115479,-0.3574458062648773,-0.5939820408821106,1.443637490272522,-0.6661310195922852,2.1992506980895996,-0.15303221344947815,2.2948780059814453,0.5127629637718201,1.9782689809799194,0.29762357473373413,2.3508498668670654
-0.7944650053977966,-0.48692333698272705,-0.9062397480010986,1.9783586263656616,-3.0404038429260254,0.26578423380851746,-1.8341989517211914,-1.3464818000793457,0.8571937680244446,-0.6638344526290894,-0.6025296449661255,-2.2310826778411865,-0.6688703298568726,-0.5319716930389404,-1.0086596012115479,-0.6693447828292847,0.7761036157608032,-4.197554588317871,0.040592387318611145,-1.262467384338379,-0.2616729140281677,0.7957783341407776,-0.2729188799858093,2.121919631958008,0.6015441417694092,1.2533974647521973,0.5424648523330688,0.5994532108306885,-0.03973381221294403,2.3498358726501465
-1.2191063165664673,-0.3054279088973999,-0.9256445169448853,1.9075998067855835,-3.063342809677124,0.06188678741455078,-1.713218331336975,-1.317131757736206,0.5927767157554626,-0.5115766525268555,-0.7102487087249756,-2.6282644271850586,-0.6876887083053589,-0.7560343146324158,-0.931934654712677,-0.6158133745193481,0.822453498840332,-4.305724620819092,0.1766880452632904,-1.2393946647644043,-0.393069863319397,1.240455985069275,-0.3408556878566742,2.183652400970459,0.6258195042610168,1.4782649278640747,0.6520891189575195,0.810897171497345,-0.09291824698448181,2.343478202819824
-0.8780810236930847,-0.5480493307113647,-0.8961530923843384,1.97465181350708,-3.074068546295166,0.25553545355796814,-1.8111274242401123,-1.334404468536377,0.8968547582626343,-0.7474074363708496,-0.5361118316650391,-2.194556713104248,-0.6950436234474182,-0.35148972272872925,-1.1669983863830566,-0.6690009832382202,0.9471429586410522,-4.287607669830322,0.12145279347896576,-1.1569699048995972,-0.2941815257072449,0.7645907402038574,-0.21573257446289062,2.087717294692993,0.5177600383758545,1.364945888519287,0.47433578968048096,0.7360899448394775,0.13335439562797546,2.403905153274536
-0.6989231705665588,-0.6832645535469055,-1.1173131465911865,1.8970482349395752,-2.752070903778076,0.18757568299770355,-1.713383674621582,-1.143728494644165,0.8788508772850037,-0.5841439962387085,-0.7159818410873413,-2.3425843715667725,-0.6492546796798706,-0.7104846239089966,-1.1549327373504639,-0.6465225219726562,0.9202368855476379,-4.005887031555176,-0.027666131034493446,-1.3105144500732422,0.03286448121070862,0.7079336047172546,-0.4323984980583191,1.9328877925872803,0.8062746524810791,1.0833059549331665,0.537771999835968,0.5799025893211365,-0.12596572935581207,2.5995895862579346
-2.311410427093506,-0.023302823305130005,-1.528546929359436,2.638517379760742,-3.3770039081573486,-1.2030038833618164,-1.8139214515686035,-1.2882009744644165,-0.049904778599739075,-0.2667575478553772,-0.7262251973152161,-3.4731240272521973,-0.05262790620326996,-0.5951894521713257,-1.1405109167099,-0.6941925287246704,1.1253780126571655,-5.021284103393555,0.3084634244441986,-0.5958051681518555,-0.8771416544914246,1.9364113807678223,-0.927763819694519,2.2578461170196533,-0.21411541104316711,2.5936028957366943,1.0605649948120117,1.905940294265747,0.09210838377475739,1.96114182472229
-3.135082244873047,0.3996007740497589,-1.6747605800628662,2.609933614730835,-3.689669132232666,-1.4266130924224854,-1.8577405214309692,-1.3047528266906738,-0.09499116241931915,-0.1412222534418106,-0.7913786768913269,-3.9030227661132812,0.5049706697463989,-0.3615998923778534,-0.877821147441864,-0.8804186582565308,0.9700602293014526,-5.524384498596191,0.1849418580532074,-0.5762337446212769,-0.7986752986907959,2.4624781608581543,-1.3542426824569702,2.587035655975342,-0.2375810742378235,2.599640369415283,1.5387799739837646,2.4394309520721436,-0.3418433666229248,1.8127821683883667
-2.0711584091186523,-0.09474960714578629,-1.4467225074768066,2.4592156410217285,-2.574187994003296,-1.2365953922271729,-1.7703173160552979,-1.851819634437561,0.28019601106643677,-0.23161906003952026,-1.1352074146270752,-2.6072335243225098,-0.3483615815639496,-1.3213504552841187,-0.11717363446950912,-0.47331520915031433,0.41147130727767944,-4.022357940673828,-0.18732097744941711,-1.5324615240097046,-0.7872263789176941,1.890457034111023,-0.5888329744338989,2.1097171306610107,0.19990424811840057,1.8703900575637817,1.5028852224349976,1.161921739578247,0.22890400886535645,2.196373462677002
-2.1853785514831543,-0.06354384869337082,-1.3877609968185425,2.367912769317627,-2.508864164352417,-1.2985363006591797,-1.7558627128601074,-1.775018572807312,0.26858827471733093,-0.19264362752437592,-1.1061735153198242,-2.7188167572021484,-0.3494373559951782,-1.2924015522003174,-0.12943071126937866,-0.3997194766998291,0.43302467465400696,-3.955739736557007,-0.1255200356245041,-1.5358564853668213,-0.8549505472183228,1.983884572982788,-0.5606943368911743,2.0859782695770264,0.20403419435024261,1.980136752128601,1.542691946029663,1.210659146308899,0.2879598140716553,2.173349142074585
-1.9828423261642456,-0.10416816920042038,-1.3167165517807007,2.38912296295166,-2.652750253677368,-1.0465245246887207,-1.814972996711731,-1.7853814363479614,0.41883519291877747,-0.31119734048843384,-0.9254424571990967,-2.538257360458374,-0.26770108938217163,-1.2131787538528442,-0.40765076875686646,-0.5409607887268066,0.5679970383644104,-3.969252109527588,-0.11857551336288452,-1.474015474319458,-0.7881511449813843,1.7749381065368652,-0.6419664621353149,2.116697072982788,0.1727628856897354,1.9028314352035522,1.3685401678085327,1.1246190071105957,0.27099013328552246,2.1325652599334717
-2.2066171169281006,-0.7333528995513916,-1.6060850620269775,2.4798471927642822,-3.683553457260132,-0.7579087615013123,-1.84341561794281,-1.0038752555847168,0.5356948971748352,-0.6189903616905212,-0.6888824105262756,-3.3112378120422363,0.20502278208732605,0.053310394287109375,-1.5801116228103638,-0.9216863512992859,1.675338864326477,-5.383017539978027,0.04676617681980133,-0.35180842876434326,-0.22873112559318542,1.5396130084991455,-0.9801044464111328,2.236989736557007,0.08633093535900116,1.9793810844421387,0.8910000920295715,2.0351946353912354,-0.12608452141284943,2.5273618698120117
-2.5459275245666504,-0.5141922831535339,-1.5861636400222778,2.6746180057525635,-4.070629596710205,-0.8411523699760437,-1.8985435962677002,-1.3175437450408936,0.44265586137771606,-0.6087439656257629,-0.6146451830863953,-3.3248586654663086,0.3407348692417145,0.15452414751052856,-1.3724849224090576,-0.9460417032241821,1.5809948444366455,-5.772835731506348,0.12774020433425903,-0.19591809809207916,-0.4905316233634949,1.6827495098114014,-0.9574240446090698,2.486595630645752,-0.2640560269355774,2.1779651641845703,0.9136307835578918,2.2227988243103027,-0.22719189524650574,2.389676094055176
-2.9049150943756104,0.05445420742034912,-1.5747432708740234,2.4530625343322754,-3.974097728729248,-1.1657731533050537,-2.10786509513855,-1.2947816848754883,0.2177610695362091,-0.4363485276699066,-0.7206315994262695,-3.6118292808532715,0.45980560779571533,-0.09206116199493408,-0.9338584542274475,-0.8676592707633972,1.107409119606018,-5.602789878845215,0.12336985766887665,-0.3277391493320465,-0.8185116052627563,2.1707229614257812,-1.1674041748046875,2.600538969039917,-0.22108271718025208,2.410759449005127,1.3883599042892456,2.2348062992095947,-0.37303492426872253,1.9770869016647339
-3.121213436126709,-0.23564806580543518,-1.558527946472168,2.579763412475586,-3.792032241821289,-1.0767757892608643,-1.8978780508041382,-1.0961744785308838,0.3867146670818329,-0.4951263666152954,-0.8380835056304932,-3.5537307262420654,0.5911573767662048,-0.2530747354030609,-1.1980360746383667,-1.135416030883789,1.2067538499832153,-5.32006311416626,-0.04791116714477539,-0.6012360453605652,-0.5314856767654419,2.1340725421905518,-1.289247751235962,2.6029930114746094,-0.09871643781661987,2.217928886413574,1.333762288093567,2.198687791824341,-0.275458425283432,2.0315051078796387
-2.0263876914978027,-0.5231714844703674,-1.7263450622558594,2.628964900970459,-3.647519111633301,-1.1139898300170898,-1.8862824440002441,-1.434739351272583,0.1645199954509735,-0.5219342112541199,-0.6782298684120178,-3.1528708934783936,-0.2796006202697754,-0.33578020334243774,-1.207439661026001,-0.7348126173019409,1.3633899688720703,-5.369808673858643,0.24296391010284424,-0.5265731811523438,-0.5415414571762085,1.5568156242370605,-0.6959885358810425,2.1673531532287598,-0.45189499855041504,2.41363263130188,0.700552761554718,1.7875463962554932,-0.019631996750831604,2.3988585472106934
-1.3050802946090698,-0.611939549446106,-1.510563611984253,2.508639097213745,-3.3884835243225098,-0.6792955994606018,-2.0066189765930176,-1.4510084390640259,0.3429836332798004,-0.7844470739364624,-0.6008951663970947,-2.9626145362854004,-0.34167879819869995,-0.19785016775131226,-1.3905808925628662,-0.8058743476867676,1.3703782558441162,-5.125664234161377,0.36500152945518494,-0.4347230792045593,-0.6422778367996216,1.0168471336364746,-0.6191039085388184,1.8664429187774658,-0.4772496223449707,2.304262638092041,0.6052530407905579,1.491965889930725,0.28071659803390503,2.3591668605804443
-0.3415672779083252,-1.0145790576934814,-1.019027590751648,2.126962423324585,-3.6701149940490723,0.5865533351898193,-2.111825704574585,-0.9322757124900818,1.240549921989441,-0.9360544085502625,-0.6051661372184753,-2.5162205696105957,-0.7907930612564087,0.13569876551628113,-1.3231347799301147,-0.13684538006782532,1.7184971570968628,-4.522556781768799,0.6740042567253113,-0.45280009508132935,-0.05326715111732483,0.18489156663417816,-0.15869350731372833,1.8304859399795532,0.03581622242927551,1.3061474561691284,-0.103329136967659,0.5765101909637451,0.49598705768585205,2.880906581878662
-0.4224805235862732,-1.0729271173477173,-1.0695571899414062,2.225919723510742,-3.306297779083252,0.5557672381401062,-1.7728188037872314,-0.7218232154846191,1.130376935005188,-0.6600757837295532,-0.7902682423591614,-2.716630458831787,-0.721872091293335,-0.24328802525997162,-1.3820828199386597,-0.030481424182653427,1.7298229932785034,-4.231575012207031,0.4419208765029907,-0.6986500024795532,0.28168797492980957,0.3416391611099243,-0.471948504447937,1.5986082553863525,0.3917045295238495,1.2574297189712524,-0.06618906557559967,0.6191315054893494,0.322134792804718,2.9757089614868164
-0.5269417762756348,-1.0512547492980957,-1.1269526481628418,2.190479040145874,-3.3307507038116455,0.5079815983772278,-1.813852310180664,-0.7040852308273315,1.0901072025299072,-0.6549790501594543,-0.7521300315856934,-2.7530813217163086,-0.6985887885093689,-0.18195587396621704,-1.4279134273529053,-0.059761013835668564,1.815843939781189,-4.262188911437988,0.5365968942642212,-0.6251417398452759,0.17417792975902557,0.36991986632347107,-0.4641132354736328,1.6403406858444214,0.3754390776157379,1.3437930345535278,-0.04715655744075775,0.6524874567985535,0.37021100521087646,2.989875078201294
-1.5938854217529297,-1.363316535949707,-1.6923211812973022,2.576215982437134,-3.3552889823913574,-0.48781445622444153,-1.534490942955017,-0.6754699945449829,0.7073904275894165,-0.6700500845909119,-0.6592254042625427,-3.1130380630493164,-0.05020585656166077,0.22722099721431732,-2.171302080154419,-1.017634630203247,2.3024425506591797,-5.241422653198242,-0.030222292989492416,-0.34162265062332153,0.450307697057724,1.06838858127594,-1.0945303440093994,1.6177966594696045,0.1915806531906128,1.7100625038146973,0.47694119811058044,2.0148208141326904,0.20439988374710083,2.9823081493377686
-0.6001692414283752,-1.0871107578277588,-1.1737520694732666,2.295459270477295,-2.980865478515625,0.5289343595504761,-1.4640955924987793,-0.4866273105144501,1.0072180032730103,-0.380903422832489,-0.9570382833480835,-2.9198989868164062,-0.6273468732833862,-0.5312656164169312,-1.5330541133880615,0.04188922792673111,1.8451741933822632,-4.012606143951416,0.25437819957733154,-0.8374661207199097,0.5654711723327637,0.5471713542938232,-0.8053922653198242,1.412626028060913,0.7558569312095642,1.2742146253585815,0.015364423394203186,0.7684208750724792,0.16508004069328308,3.0782599449157715
0.47370195388793945,-0.5835769772529602,-0.746506929397583,1.7666242122650146,-3.39345383644104,1.430080771446228,-2.201472759246826,-0.4793565273284912,1.4020053148269653,-0.5264409184455872,-0.9078481197357178,-2.494168281555176,-1.4202948808670044,-0.6869031190872192,-0.7386677265167236,1.0616480112075806,1.3738560676574707,-3.2790565490722656,1.2717031240463257,-0.8205737471580505,0.007365347817540169,-0.2669832706451416,0.058768898248672485,1.748338222503662,0.6102264523506165,0.8877449035644531,-0.5190417766571045,-0.4809550642967224,0.6131000518798828,2.9022603034973145
0.35803958773612976,-0.6670098900794983,-0.73621666431427,1.9056227207183838,-3.0425777435302734,1.5030479431152344,-1.8556759357452393,-0.2840111553668976,1.2761542797088623,-0.21497362852096558,-1.0902326107025146,-2.7093253135681152,-1.3253525495529175,-1.0630096197128296,-0.7821404337882996,1.1966114044189453,1.3874763250350952,-3.0065932273864746,1.0050387382507324,-0.9890220165252686,0.29591047763824463,-0.08129465579986572,-0.287680983543396,1.5510575771331787,1.0463584661483765,0.8524481058120728,-0.4792899489402771,-0.4220750629901886,0.38244006037712097,3.0218875408172607
0.23553308844566345,-0.7151995897293091,-0.7189921140670776,2.0525808334350586,-2.701958417892456,1.6055021286010742,-1.5022224187850952,-0.06494173407554626,1.1937252283096313,0.1078973114490509,-1.3085227012634277,-2.8869361877441406,-1.237366795539856,-1.4050569534301758,-0.8639035224914551,1.3307496309280396,1.42533540725708,-2.7979815006256104,0.6797841787338257,-1.1410179138183594,0.6470683813095093,0.13408926129341125,-0.6493476033210754,1.3687065839767456,1.5105454921722412,0.7883108258247375,-0.40341487526893616,-0.2856643795967102,0.12685859203338623,3.1214585304260254
-0.4782237708568573,-0.16157448291778564,-0.9568937420845032,1.9756603240966797,-2.217139720916748,-0.06253185868263245,-1.8758248090744019,-1.620509147644043,0.859865128993988,-0.4383265972137451,-1.169659972190857,-2.033906936645508,-1.2161272764205933,-1.5385290384292603,-0.10675930976867676,0.4099186360836029,0.6266130208969116,-3.023374557495117,0.40611475706100464,-1.8259153366088867,-0.4437863826751709,0.7754098176956177,-0.11348879337310791,1.7072511911392212,0.4664396643638611,1.3705419301986694,0.6032601594924927,-0.004094898700714111,0.7001814246177673,2.597015380859375
-1.6768802404403687,-0.35497814416885376,-1.3413617610931396,2.266869068145752,-2.7887518405914307,-0.8524930477142334,-1.7104889154434204,-1.5210316181182861,0.5242359638214111,-0.3883307874202728,-0.8386717438697815,-2.6628777980804443,-0.3687219023704529,-1.035531759262085,-0.6415890455245972,-0.3986600637435913,0.7779786586761475,-3.8583617210388184,-0.14490754902362823,-1.3288613557815552,-0.5605026483535767,1.6101508140563965,-0.49397701025009155,2.042201519012451,0.528948187828064,1.6897691488265991,1.1750166416168213,1.1719894409179688,0.07876162976026535,2.381561517715454
-0.5325091481208801,-0.13571946322917938,-0.9008599519729614,1.9156955480575562,-2.1126158237457275,-0.14779871702194214,-1.9332034587860107,-1.5814142227172852,0.7799829840660095,-0.3609735071659088,-1.22187077999115,-2.0194106101989746,-1.1950230598449707,-1.6427788734436035,0.032442718744277954,0.43291428685188293,0.40417709946632385,-2.8766496181488037,0.3819129467010498,-1.9427404403686523,-0.5319595336914062,0.8854095935821533,-0.15329082310199738,1.8645886182785034,0.6452122926712036,1.2783468961715698,0.7345356941223145,0.02100016176700592,0.5405006408691406,2.505089282989502
-0.3162000775337219,-0.3200185298919678,-0.9577283263206482,1.9310941696166992,-2.356471300125122,0.09257090091705322,-1.9585621356964111,-1.4008598327636719,1.153171420097351,-0.5791986584663391,-1.1813111305236816,-1.8791362047195435,-1.2894527912139893,-1.5198912620544434,-0.032815299928188324,0.5452060699462891,0.5265582799911499,-2.8783817291259766,0.2779509425163269,-1.7493057250976562,-0.39236462116241455,0.6329672336578369,0.06994740664958954,1.7670948505401611,0.6766968369483948,1.0720845460891724,0.5799719095230103,-0.08109509944915771,0.6017014980316162,2.632521152496338
-0.37419578433036804,-0.3486376404762268,-0.9488990306854248,1.9164166450500488,-2.3094265460968018,0.0750029981136322,-1.9382232427597046,-1.3532823324203491,1.1658483743667603,-0.5747711658477783,-1.2202118635177612,-1.9137349128723145,-1.2649905681610107,-1.428179144859314,-0.09096729010343552,0.5612004995346069,0.5657040476799011,-2.8901894092559814,0.26956820487976074,-1.7389885187149048,-0.3470880389213562,0.6567580699920654,0.11578217148780823,1.7914142608642578,0.7647703289985657,1.0776838064193726,0.5945878028869629,-0.0020514726638793945,0.6378706097602844,2.658939838409424
-0.35931503772735596,-0.3562760353088379,-0.956273078918457,1.9246139526367188,-2.3645081520080566,0.11107254028320312,-1.9392660856246948,-1.3428698778152466,1.2135248184204102,-0.6108876466751099,-1.1974682807922363,-1.8872604370117188,-1.2723309993743896,-1.4049876928329468,-0.10193964838981628,0.5809639692306519,0.5630165338516235,-2.93792986869812,0.2630941867828369,-1.702384352684021,-0.30671176314353943,0.6264162063598633,0.1342945098876953,1.7721277475357056,0.752688467502594,1.0491873025894165,0.5554690361022949,0.003393322229385376,0.6303278207778931,2.699615955352783
-0.021089045330882072,-0.7619027495384216,-1.2773076295852661,1.791085124015808,-2.4189772605895996,0.15195319056510925,-1.7795064449310303,-1.1196237802505493,0.9568043351173401,-0.7089389562606812,-0.6050536632537842,-2.4012839794158936,-0.862596333026886,-0.7435128688812256,-1.328202724456787,-0.6987910270690918,1.1027650833129883,-3.752732038497925,0.012738227844238281,-1.3225847482681274,0.32324469089508057,0.24390506744384766,-0.5603713989257812,1.3790292739868164,0.6214500069618225,1.159170389175415,0.2690857946872711,0.3742193281650543,0.2219381034374237,2.8240933418273926
-0.04963542893528938,-1.0662434101104736,-1.1221295595169067,1.8901782035827637,-2.4905173778533936,0.4838210940361023,-1.8732062578201294,-1.0675278902053833,1.2812987565994263,-0.9012463092803955,-0.5844285488128662,-2.126622200012207,-0.7743474245071411,-0.6302858591079712,-1.3385729789733887,-0.8582884073257446,1.0478769540786743,-3.616534948348999,-0.05838406831026077,-1.388993501663208,0.340687096118927,0.09747566282749176,-0.48904329538345337,1.5000346899032593,0.6596068143844604,0.9045175313949585,0.1609877198934555,0.18331663310527802,0.1953083872795105,2.610933542251587
-0.0826864242553711,-1.329533576965332,-0.9763282537460327,1.9877108335494995,-2.5652036666870117,0.8068196773529053,-1.9630740880966187,-0.998490571975708,1.5876846313476562,-1.065058708190918,-0.5546978712081909,-1.8676562309265137,-0.6957526803016663,-0.5137408971786499,-1.346558690071106,-0.988807201385498,0.9823974967002869,-3.476541757583618,-0.10116851329803467,-1.4468663930892944,0.3760283589363098,-0.027746811509132385,-0.44287973642349243,1.62567937374115,0.7157637476921082,0.6588985919952393,0.07198037207126617,0.03114187717437744,0.16688545048236847,2.36000657081604
-0.5255445241928101,-1.424772024154663,-1.3208893537521362,2.2995166778564453,-3.820892095565796,-0.017703205347061157,-2.353424072265625,-1.2964951992034912,0.9800205230712891,-1.475671648979187,-0.31967693567276,-2.565035820007324,-0.3857099711894989,1.0542073249816895,-1.7530264854431152,-1.2762075662612915,2.029959201812744,-5.632123947143555,0.4616950750350952,0.04152970016002655,-0.24167735874652863,0.24786625802516937,-0.466562956571579,1.8237780332565308,-0.7127033472061157,1.7227065563201904,0.27192655205726624,1.562354564666748,0.7011351585388184,2.9303932189941406
-0.696583092212677,-1.4218592643737793,-1.4407795667648315,2.326698064804077,-3.5052237510681152,-0.16933920979499817,-2.0596578121185303,-1.007334589958191,0.8472437858581543,-1.1849786043167114,-0.44769343733787537,-2.8206048011779785,-0.31519317626953125,0.689323902130127,-1.863739013671875,-1.1672346591949463,2.123661518096924,-5.359757900238037,0.37625300884246826,-0.15901291370391846,0.01894250512123108,0.42677271366119385,-0.7025882601737976,1.6267833709716797,-0.3973589837551117,1.7183201313018799,0.3118719756603241,1.5906200408935547,0.6066623330116272,2.991506338119507
-0.6611788868904114,-1.4289567470550537,-1.4334534406661987,2.316542863845825,-3.498358726501465,-0.16774581372737885,-2.093332529067993,-1.0612115859985352,0.8559436202049255,-1.2337353229522705,-0.4292896091938019,-2.8273510932922363,-0.3448117971420288,0.6644385457038879,-1.8862937688827515,-1.1848503351211548,2.1405770778656006,-5.385654449462891,0.38729381561279297,-0.13281479477882385,0.015677370131015778,0.3787946105003357,-0.7248091101646423,1.60066819190979,-0.458097368478775,1.7118725776672363,0.302051305770874,1.611842155456543,0.6388745307922363,3.026017904281616
-0.7601959705352783,-1.4624781608581543,-1.4937047958374023,2.271909236907959,-3.594304323196411,-0.20809242129325867,-2.153259754180908,-1.0960052013397217,0.9379781484603882,-1.2826021909713745,-0.45246410369873047,-2.79274582862854,-0.3529026508331299,0.7662563323974609,-1.8085674047470093,-1.198974847793579,2.1185529232025146,-5.447281360626221,0.284991979598999,-0.12711666524410248,0.08754099905490875,0.47257450222969055,-0.6506830453872681,1.7170426845550537,-0.37071099877357483,1.6529388427734375,0.2124575525522232,1.572027325630188,0.5501506328582764,3.067296028137207
-0.8558463454246521,-1.4281642436981201,-1.6218429803848267,2.2933130264282227,-3.276242733001709,-0.35448238253593445,-1.8786545991897583,-0.8085810542106628,0.810269832611084,-1.0224812030792236,-0.5755669474601746,-3.0261669158935547,-0.28272831439971924,0.42605483531951904,-1.9408117532730103,-1.1324774026870728,2.1987125873565674,-5.161514759063721,0.2013987898826599,-0.3365183472633362,0.38046973943710327,0.6238423585891724,-0.9353984594345093,1.519508719444275,-0.07977160811424255,1.63557767868042,0.2834668755531311,1.6394606828689575,0.43826043605804443,3.151141405105591
-0.8439782857894897,-1.434630274772644,-1.6244220733642578,2.285254955291748,-3.241635322570801,-0.3806067109107971,-1.894573450088501,-0.8229548335075378,0.8043836951255798,-1.0268431901931763,-0.5880482196807861,-3.0323996543884277,-0.31009259819984436,0.4079896807670593,-1.9548450708389282,-1.1242523193359375,2.2140023708343506,-5.15194845199585,0.21118712425231934,-0.3347630500793457,0.3734562397003174,0.6102617383003235,-0.9287047982215881,1.5176090002059937,-0.08840656280517578,1.6430985927581787,0.26499050855636597,1.6436371803283691,0.4596850574016571,3.175903797149658
-0.5702493190765381,-0.7827414274215698,-1.356643795967102,2.209552526473999,-2.379140615463257,-0.5452210307121277,-1.8305976390838623,-1.5599833726882935,0.9520822763442993,-0.8183360695838928,-0.7810236215591431,-2.220820665359497,-0.7860280275344849,-0.817539393901825,-0.8665446043014526,-0.5053483247756958,1.083754301071167,-3.6901979446411133,-0.13503339886665344,-1.2727484703063965,-0.1917782723903656,0.7421993017196655,-0.33933430910110474,1.3622788190841675,0.213128924369812,1.5517950057983398,0.7241967916488647,0.6831777095794678,0.7003077864646912,2.743086338043213
-0.647027313709259,-0.8208816647529602,-1.3008137941360474,2.1751391887664795,-2.3148584365844727,-0.5664511919021606,-1.8257309198379517,-1.4765568971633911,0.9589051008224487,-0.8017828464508057,-0.799718976020813,-2.278050184249878,-0.7429589033126831,-0.6857121586799622,-0.9266670346260071,-0.48263809084892273,1.1105622053146362,-3.686474084854126,-0.09896466881036758,-1.2682080268859863,-0.2043917179107666,0.8059894442558289,-0.26800858974456787,1.4190263748168945,0.3431299030780792,1.5609411001205444,0.7578423619270325,0.7990191578865051,0.7317001223564148,2.7617228031158447
-0.4034267067909241,-0.8502302169799805,-1.5514397621154785,2.1116042137145996,-2.1364362239837646,-0.6629148721694946,-1.705588459968567,-1.324280023574829,0.9652542471885681,-0.6692404747009277,-0.8120241165161133,-2.3203506469726562,-0.813588559627533,-0.9966995716094971,-1.0637094974517822,-0.5439730882644653,1.1342172622680664,-3.391235828399658,-0.2755981683731079,-1.4118883609771729,0.1556093841791153,0.677937388420105,-0.5966258645057678,1.1873912811279297,0.5014105439186096,1.4043822288513184,0.7404127717018127,0.7442371845245361,0.5086672902107239,2.9717798233032227
-1.1366298198699951,-1.4530398845672607,-1.4063658714294434,2.5461018085479736,-3.964994192123413,-0.16701774299144745,-2.0834295749664307,-1.2053900957107544,0.9220253825187683,-1.1459516286849976,-0.3608459234237671,-2.5750856399536133,-0.2349829375743866,0.7942737936973572,-1.847171425819397,-1.2609573602676392,2.003990650177002,-5.675698757171631,0.13682445883750916,-0.11250239610671997,-0.02116212621331215,0.629421055316925,-0.5687508583068848,2.0215721130371094,-0.3996816873550415,1.5319535732269287,0.261993408203125,1.7005493640899658,0.23401018977165222,2.8290445804595947
-1.2879576683044434,-1.457374930381775,-1.5628347396850586,2.571023941040039,-3.6626768112182617,-0.3532872796058655,-1.7752227783203125,-0.9375462532043457,0.781462550163269,-0.8719454407691956,-0.49110090732574463,-2.8058102130889893,-0.18220311403274536,0.43541261553764343,-1.980079174041748,-1.151641845703125,2.1214160919189453,-5.415732383728027,0.030135564506053925,-0.31542089581489563,0.2646733522415161,0.828181266784668,-0.8294304609298706,1.8029592037200928,-0.1205633208155632,1.5615688562393188,0.30935239791870117,1.7854321002960205,0.1360727846622467,2.908466339111328
