-0.6902453899383545,3.478050708770752,-0.6890339851379395,0.052420198917388916,0.9383918046951294,3.024285078048706,6.928320407867432,-0.686793863773346,-0.5468188524246216,-0.6520754098892212,0.9586974382400513,-0.6653432250022888,-0.6491127610206604,1.429032325744629,-0.6258582472801208
-0.6693094968795776,2.699047327041626,-0.4972480833530426,0.47485673427581787,2.455040454864502,7.9146952629089355,4.059060096740723,-0.6870427131652832,7.895358562469482,-0.658607542514801,10.919918060302734,-0.6855636239051819,0.5589743852615356,7.891647815704346,3.8003997802734375
-0.6649131178855896,0.5387890338897705,-0.5247600078582764,0.15966051816940308,2.7011725902557373,1.8429627418518066,3.7943668365478516,-0.64895099401474,4.195408821105957,-0.6836478114128113,6.797532081604004,-0.6580134034156799,0.09438228607177734,4.930325984954834,2.5601375102996826
-0.5629098415374756,-0.31373438239097595,-0.48602959513664246,0.12459748983383179,0.9566510915756226,-0.4743327498435974,1.4083430767059326,-0.4646356999874115,-0.4885706305503845,-0.2648358941078186,-0.5500229597091675,0.7391431331634521,-0.26867732405662537,-0.4138050973415375,-0.3861507475376129
-0.5506616234779358,-0.02135223150253296,-0.5407114624977112,-0.18637853860855103,0.21500104665756226,-0.6322923302650452,2.308223247528076,-0.5978742241859436,-0.4887441396713257,0.10881870985031128,-0.605652391910553,-0.019398868083953857,-0.5404176712036133,-0.48760443925857544,-0.6463973522186279
-0.6664851903915405,0.6878589391708374,-0.6395115852355957,-0.013845443725585938,0.715652346611023,0.22105145454406738,3.6591062545776367,-0.6539326906204224,-0.32127776741981506,-0.45106077194213867,-0.4086039960384369,-0.48417115211486816,-0.6015112996101379,-0.008949697017669678,-0.5611490607261658
-0.6792523264884949,1.6869747638702393,-0.666064441204071,0.04099804162979126,1.0174057483673096,1.6264560222625732,5.091963768005371,-0.6692050695419312,-0.0016292333602905273,-0.6105473041534424,0.2031087875366211,-0.6152907609939575,-0.5720012187957764,1.3720142841339111,-0.474697083234787
-0.6891072392463684,2.280221700668335,-0.6823394894599915,0.09310072660446167,0.6476231813430786,2.15871000289917,5.54884147644043,-0.6706056594848633,-0.45862793922424316,-0.6555225849151611,0.3327505588531494,-0.6341617703437805,-0.6218494176864624,0.7119530439376831,-0.5772034525871277
-0.6589323282241821,0.6149349212646484,-0.6287124752998352,0.11861437559127808,0.9917019605636597,0.8676450252532959,3.033590316772461,-0.5830069184303284,-0.4247952997684479,-0.5905357003211975,-0.3640381395816803,-0.4227348864078522,-0.4313613474369049,0.1256488561630249,-0.3041287660598755
-0.6557644009590149,0.6504729986190796,-0.6346518993377686,0.0721237063407898,0.9606330394744873,0.9094942808151245,2.8568360805511475,-0.5611250400543213,-0.4619309902191162,-0.5928510427474976,-0.3831908404827118,-0.415079265832901,-0.44519758224487305,0.15703028440475464,-0.31645214557647705
-0.6717251539230347,1.2715035676956177,-0.6715295314788818,0.22304052114486694,0.6832062005996704,1.774855375289917,3.2927041053771973,-0.6321970820426941,-0.5784040093421936,-0.616258442401886,-0.4092872440814972,-0.46558189392089844,-0.499978244304657,0.0929141640663147,-0.4321615397930145
-0.6292551755905151,0.46592867374420166,-0.11702686548233032,0.47330987453460693,0.958993673324585,3.034848928451538,1.0814833641052246,-0.46576541662216187,3.7105207443237305,-0.6290133595466614,5.710403919219971,-0.5660233497619629,1.1509184837341309,3.7136149406433105,1.9145176410675049
-0.6751802563667297,1.230095386505127,-0.6550634503364563,0.24438345432281494,0.9535537958145142,1.042964220046997,4.626235485076904,-0.6475197672843933,-0.04414278268814087,-0.6217700242996216,0.0608406662940979,-0.5643590688705444,-0.517655074596405,0.843137264251709,-0.4567485451698303
-0.6783987879753113,1.3278663158416748,-0.668136715888977,0.11445438861846924,0.8686105012893677,1.513812780380249,4.137262344360352,-0.6587047576904297,-0.42872366309165955,-0.6094568967819214,-0.1775679588317871,-0.5636523962020874,-0.5473493337631226,0.6110507249832153,-0.4795852601528168
-0.6745193004608154,1.5993146896362305,-0.6689921617507935,0.4956134557723999,0.792980432510376,1.2935084104537964,4.900092124938965,-0.6552263498306274,-0.05330228805541992,-0.6271958351135254,0.48375403881073,-0.5843324065208435,-0.5563222765922546,0.8433331251144409,-0.5282436609268188
-0.6454342603683472,0.13738733530044556,-0.5915260314941406,0.09439802169799805,1.124873161315918,0.12298989295959473,3.329721450805664,-0.6078587174415588,0.34522783756256104,-0.5800187587738037,-0.3361518383026123,-0.2500498294830322,-0.36023882031440735,0.623066782951355,-0.12858057022094727
-0.6533801555633545,0.6433426141738892,-0.6389484405517578,0.11019998788833618,0.7762354612350464,0.43422985076904297,3.336073875427246,-0.6274808049201965,-0.1057577133178711,-0.5468301773071289,-0.42824482917785645,-0.352667897939682,-0.5175851583480835,0.23141223192214966,-0.4247342050075531
-0.6635666489601135,0.6800848245620728,-0.6467841267585754,0.3956044912338257,0.7088495492935181,1.0434072017669678,3.177114486694336,-0.5837091207504272,-0.3801117539405823,-0.6306670904159546,-0.22508615255355835,-0.37647828459739685,-0.34747934341430664,0.11883288621902466,-0.289918452501297
-0.6789520382881165,0.950120210647583,-0.656548261642456,0.36731159687042236,0.7354122400283813,1.57033371925354,3.84413480758667,-0.6131249666213989,-0.32638275623321533,-0.6513857841491699,-0.23437374830245972,-0.5025960803031921,-0.40196913480758667,0.3336886167526245,-0.33920401334762573
-0.6342368721961975,0.12661397457122803,0.3248330354690552,0.5402994155883789,0.6184532642364502,2.5318799018859863,1.6629512310028076,-0.3432570695877075,5.881830215454102,-0.6775504946708679,7.283871650695801,-0.5850549936294556,2.2800745964050293,4.494996070861816,3.0408706665039062
-0.6609153747558594,0.7878419160842896,-0.6391409635543823,0.4549844264984131,0.838607907295227,0.39610064029693604,4.113971710205078,-0.6102927327156067,-0.035952866077423096,-0.6231667995452881,0.04288160800933838,-0.46186524629592896,-0.42980003356933594,0.42846107482910156,-0.4278038740158081
-0.6782574653625488,1.1409515142440796,-0.6588972806930542,0.3399331569671631,0.843376636505127,1.3344485759735107,4.354491710662842,-0.642917811870575,-0.11096155643463135,-0.6369901299476624,-0.041796207427978516,-0.5364758968353271,-0.4878945052623749,0.6456499099731445,-0.4028869569301605
-0.5319432020187378,-0.3970178961753845,-0.429573655128479,0.07056093215942383,1.0713465213775635,-0.5004538893699646,1.2272886037826538,-0.44482481479644775,-0.5197648406028748,-0.1674385666847229,-0.5244381427764893,0.7711577415466309,-0.19009721279144287,-0.43640539050102234,-0.3335569500923157
-0.5304458141326904,-0.4007129967212677,-0.4308313727378845,0.07275533676147461,1.062777042388916,-0.5082868933677673,1.2060928344726562,-0.44059446454048157,-0.5242199897766113,-0.17022812366485596,-0.5268701910972595,0.7908881902694702,-0.19153177738189697,-0.44519978761672974,-0.3379177451133728
-0.5292737483978271,-0.2953796982765198,-0.5165547132492065,0.0507315993309021,0.686747670173645,-0.5306106209754944,1.3592495918273926,-0.5012795925140381,-0.455462247133255,-0.07497298717498779,-0.584677517414093,0.5399500131607056,-0.41162213683128357,-0.494986355304718,-0.4849957227706909
-0.5169316530227661,-0.2953187823295593,-0.48914432525634766,0.09198856353759766,0.7687138319015503,-0.49680763483047485,1.2927287817001343,-0.4272008240222931,-0.4375946819782257,-0.11284995079040527,-0.5651590824127197,0.4752798080444336,-0.39062070846557617,-0.4459228813648224,-0.4812730550765991
-0.5704179406166077,-0.0887531042098999,-0.6038979291915894,0.0634317398071289,0.40554189682006836,-0.4815354645252228,1.531986951828003,-0.5653067827224731,-0.5447792410850525,-0.18279105424880981,-0.6081817150115967,0.43577301502227783,-0.4863879382610321,-0.5341619253158569,-0.5596449375152588
-0.6592496037483215,0.6370782852172852,-0.630975067615509,0.11984354257583618,0.9907498359680176,0.9074829816818237,3.0410144329071045,-0.5853612422943115,-0.43555259704589844,-0.5908516645431519,-0.35568439960479736,-0.4240318536758423,-0.42860090732574463,0.12303954362869263,-0.2995787262916565
-0.6741576194763184,1.107706069946289,-0.6439666748046875,-0.04061633348464966,1.1345082521438599,0.9354221820831299,4.563268184661865,-0.6497913002967834,-0.2753557562828064,-0.6034361124038696,0.08933758735656738,-0.5581814646720886,-0.51169753074646,0.7100977897644043,-0.4191689193248749
-0.6763460636138916,1.1346439123153687,-0.6453875303268433,-0.0277101993560791,1.1253024339675903,1.0290852785110474,4.649997234344482,-0.6518226861953735,-0.22621676325798035,-0.6139484643936157,0.0777389407157898,-0.572045087814331,-0.5173225402832031,0.7757397890090942,-0.4152657091617584
-0.6654137372970581,0.7659128904342651,-0.06443947553634644,0.14279764890670776,1.7841389179229736,4.329493045806885,2.5317182540893555,-0.6520444750785828,6.92349100112915,-0.6481373906135559,7.688086032867432,-0.6655828356742859,0.6807446479797363,6.018509387969971,3.123629331588745
-0.641056478023529,-0.40788811445236206,0.010143876075744629,0.0035271048545837402,2.096266269683838,-0.22902634739875793,1.5904581546783447,-0.32110804319381714,3.3271703720092773,-0.6614236831665039,4.837077617645264,-0.5584543943405151,0.2558063268661499,3.737563133239746,1.4795231819152832
-0.6391421556472778,-0.4257180392742157,0.0039975643157958984,-0.01743263006210327,2.1563546657562256,-0.20515117049217224,1.5350069999694824,-0.3375444710254669,3.356085777282715,-0.660911500453949,4.862674713134766,-0.5552273988723755,0.275229275226593,3.780905246734619,1.637439489364624
-0.6767730712890625,1.3115301132202148,-0.6546794772148132,0.031214892864227295,1.1274906396865845,1.0817316770553589,4.875840663909912,-0.6590325236320496,-0.21755251288414001,-0.6098737716674805,0.0715370774269104,-0.5845491290092468,-0.5437197685241699,0.8511452674865723,-0.46864014863967896
-0.686679482460022,1.838000774383545,-0.6757495403289795,0.09270042181015015,0.8534306287765503,1.7507495880126953,5.413447856903076,-0.6694232821464539,-0.29530075192451477,-0.6559314727783203,0.24000698328018188,-0.615898072719574,-0.5833643078804016,1.0098539590835571,-0.5120454430580139
-0.6819314956665039,2.04221510887146,-0.6784785985946655,0.15254998207092285,0.8732978105545044,1.879718542098999,5.071532249450684,-0.6643366813659668,-0.3994191884994507,-0.6278212070465088,0.13375771045684814,-0.6172741055488586,-0.6235172748565674,0.6413998603820801,-0.557013750076294
-0.5751667022705078,-0.4362466037273407,0.2941920757293701,0.076668381690979,2.150757312774658,-0.4889131188392639,1.759592056274414,-0.12393057346343994,3.607990264892578,-0.6556158065795898,5.155280590057373,-0.5135887265205383,0.5647960901260376,3.684360980987549,1.2329556941986084
-0.6785581111907959,1.3721044063568115,-0.6596957445144653,0.1908663511276245,0.9296534061431885,1.1608103513717651,4.746705532073975,-0.6509405374526978,-0.1438974142074585,-0.6257520318031311,0.08355134725570679,-0.5714803338050842,-0.5293359756469727,0.8230242729187012,-0.4749493896961212
-0.6798629760742188,1.4785358905792236,-0.6574311852455139,-0.02688223123550415,0.9202128648757935,1.2851835489273071,4.92476224899292,-0.660057783126831,-0.13355892896652222,-0.6026866436004639,0.06353163719177246,-0.6149840354919434,-0.5786721110343933,1.0557613372802734,-0.5106485486030579
-0.6780721545219421,1.326158046722412,-0.6676489114761353,0.08058416843414307,0.9423953294754028,1.5849239826202393,4.158586025238037,-0.6627652049064636,-0.4364228844642639,-0.6065242886543274,-0.1500760316848755,-0.561884880065918,-0.5391438007354736,0.6517436504364014,-0.4535496234893799
-0.6319358944892883,-0.354927122592926,-0.031055152416229248,0.12689167261123657,1.810753345489502,-0.4315251111984253,1.6482620239257812,-0.32178521156311035,2.865471124649048,-0.6528827548027039,4.581081867218018,-0.5532122850418091,0.20249009132385254,3.2689309120178223,0.7462278604507446
-0.669071614742279,0.6853574514389038,-0.6260198950767517,0.2719176411628723,0.8757137060165405,0.5648379325866699,4.013136863708496,-0.6087428331375122,-0.1627359390258789,-0.6228757500648499,0.09919494390487671,-0.4656301438808441,-0.37152299284935,0.361456036567688,-0.35497358441352844
-0.6705186367034912,0.8704986572265625,-0.6510762572288513,0.18430304527282715,0.8828940391540527,1.1080087423324585,3.766630172729492,-0.6386374831199646,-0.3848133087158203,-0.6105524301528931,-0.2012784481048584,-0.49216771125793457,-0.4579615294933319,0.37270689010620117,-0.3865952491760254
-0.6809763312339783,1.151913046836853,-0.6522861123085022,0.4150174856185913,0.8697750568389893,1.0760987997055054,5.270960807800293,-0.6684154272079468,0.3857051134109497,-0.6548548340797424,0.9929759502410889,-0.5569139719009399,-0.39716649055480957,1.1834383010864258,-0.3539591133594513
-0.4232849180698395,-0.5271422863006592,0.5450575351715088,0.6846976280212402,2.0164883136749268,-0.5759791135787964,1.0251266956329346,0.18125158548355103,3.972991943359375,-0.667974054813385,5.2979607582092285,-0.19673946499824524,1.2320970296859741,3.2661080360412598,1.6923625469207764
-0.6136234402656555,-0.042018353939056396,-0.5500487089157104,0.19372951984405518,1.1142655611038208,-0.11776554584503174,2.9973926544189453,-0.557801365852356,0.46833086013793945,-0.5826009511947632,-0.21185645461082458,-0.06953942775726318,-0.198318749666214,0.571921706199646,-0.004473268985748291
-0.6379625201225281,0.215282142162323,-0.6057121753692627,0.060225725173950195,1.0422338247299194,0.2326418161392212,3.4023122787475586,-0.6419143080711365,0.39291977882385254,-0.5431719422340393,-0.285568505525589,-0.27271929383277893,-0.35597342252731323,0.8491332530975342,-0.16744112968444824
-0.6687211990356445,0.9084616899490356,-0.6555002927780151,0.2262316346168518,0.7000269889831543,1.217919945716858,2.9776761531829834,-0.5751486420631409,-0.5623878240585327,-0.6033773422241211,-0.4958212375640869,-0.4567880928516388,-0.5193079113960266,-0.08221745491027832,-0.4940650463104248
-0.6028667688369751,-0.37327146530151367,0.21198946237564087,0.7020734548568726,1.1847567558288574,1.2585572004318237,0.3878035545349121,-0.12205946445465088,4.484286308288574,-0.6661317348480225,5.558053970336914,0.03610879182815552,1.5721473693847656,3.498554229736328,3.1158034801483154
-0.5430902242660522,-0.3965136408805847,0.4364966154098511,0.7272548675537109,1.161012887954712,0.656519889831543,0.3952599763870239,0.20163172483444214,4.378981113433838,-0.6561571359634399,5.6440277099609375,0.06095421314239502,1.560180902481079,3.419102191925049,2.5719175338745117
-0.4751773178577423,-0.297433078289032,-0.45047301054000854,0.13366752862930298,0.5921849012374878,-0.5860037207603455,1.4647018909454346,-0.321509450674057,-0.3970147967338562,-0.13520729541778564,-0.5330066680908203,0.504662036895752,-0.397167444229126,-0.48914414644241333,-0.5539087653160095
-0.44279778003692627,-0.23234593868255615,-0.42934080958366394,0.177482008934021,0.6049697399139404,-0.5953342914581299,1.605966329574585,-0.2794939875602722,-0.36845165491104126,-0.04723191261291504,-0.5506290197372437,0.38381457328796387,-0.44932183623313904,-0.46915560960769653,-0.6052210330963135
-0.6559935808181763,0.43934762477874756,-0.6178387999534607,0.38458776473999023,0.8043018579483032,0.07028669118881226,3.8321337699890137,-0.5989314317703247,-0.03498435020446777,-0.615483820438385,0.16070419549942017,-0.4251874089241028,-0.36853229999542236,0.27815425395965576,-0.3792676329612732
-0.6732974648475647,0.6152331829071045,-0.6491606831550598,0.39703071117401123,0.5138784646987915,0.6398160457611084,3.4867806434631348,-0.5964943766593933,-0.3733347952365875,-0.6407861709594727,-0.030284643173217773,-0.42243483662605286,-0.392217755317688,0.12090438604354858,-0.41820788383483887
-0.6578950881958008,0.40904319286346436,-0.621985137462616,0.10615438222885132,1.0260694026947021,0.8102483749389648,3.087296724319458,-0.5991872549057007,-0.43932661414146423,-0.6100318431854248,-0.15951323509216309,-0.37029096484184265,-0.2795981466770172,0.14501196146011353,-0.12987101078033447
-0.6618562936782837,0.422863245010376,-0.6218739748001099,0.10909652709960938,1.0271140336990356,0.8755357265472412,3.1607933044433594,-0.6024158000946045,-0.39666885137557983,-0.6191393733024597,-0.1865767240524292,-0.3994326591491699,-0.30106422305107117,0.20069479942321777,-0.12560874223709106
-0.5885233879089355,0.1251949667930603,0.0415499210357666,0.5933690071105957,0.7214322090148926,2.465898275375366,0.491705060005188,-0.2876685559749603,3.3713269233703613,-0.6276475191116333,5.311844825744629,-0.45697087049484253,1.4620535373687744,3.0947976112365723,2.0413601398468018
-0.6655616760253906,0.4732779264450073,-0.642007052898407,0.12608641386032104,0.8053767681121826,1.1099570989608765,2.994492292404175,-0.6245779395103455,-0.48363494873046875,-0.6153826713562012,-0.29792720079421997,-0.38452422618865967,-0.324935644865036,0.11584073305130005,-0.18474233150482178
-0.5956646203994751,0.17571616172790527,0.02080625295639038,0.5335581302642822,0.8765228986740112,2.6537506580352783,0.6393774747848511,-0.36653730273246765,3.5825119018554688,-0.6268906593322754,5.5225653648376465,-0.5060263872146606,1.3857536315917969,3.3905868530273438,2.1294970512390137
-0.6725726127624512,0.7128258943557739,-0.625732421875,0.21543282270431519,0.8133518695831299,0.5040465593338013,4.170169830322266,-0.6162563562393188,-0.13330554962158203,-0.6182605028152466,0.07062423229217529,-0.5224982500076294,-0.4409623444080353,0.45077598094940186,-0.4257020950317383
-0.6761994361877441,0.6651649475097656,-0.6237872242927551,-0.03649449348449707,1.0916345119476318,0.6202449798583984,4.321249008178711,-0.6307695508003235,-0.2891558110713959,-0.6206117868423462,0.06480330228805542,-0.5400992035865784,-0.44335514307022095,0.45272016525268555,-0.3488497734069824
-0.6771963834762573,1.116063117980957,-0.6456187963485718,0.06348824501037598,1.0040111541748047,1.0074268579483032,4.550323009490967,-0.6408452391624451,-0.28179603815078735,-0.6081300377845764,-0.20637929439544678,-0.5936049818992615,-0.5496109127998352,0.6074626445770264,-0.5037992000579834
-0.6777151823043823,0.931787371635437,-0.6465699076652527,0.049816668033599854,1.0644339323043823,1.1894205808639526,4.285150051116943,-0.6484802961349487,-0.3188464343547821,-0.6239745020866394,-0.019269824028015137,-0.5279168486595154,-0.45581817626953125,0.5136101245880127,-0.32378992438316345
-0.6756110191345215,1.0739431381225586,-0.6593031883239746,0.1302245855331421,0.739751935005188,1.1985995769500732,3.849453926086426,-0.6398416757583618,-0.47955870628356934,-0.6095958352088928,-0.25791361927986145,-0.5390426516532898,-0.5263954401016235,0.32463860511779785,-0.4872651696205139
-0.6698651909828186,0.7753053903579712,-0.6277918815612793,0.18422847986221313,0.9089702367782593,0.5485328435897827,4.272383689880371,-0.6262587308883667,-0.09053343534469604,-0.6083900332450867,0.11849355697631836,-0.539872407913208,-0.4610193967819214,0.5914678573608398,-0.4301954209804535
-0.682445764541626,1.0491081476211548,-0.6598089933395386,0.1486126184463501,0.6961197853088379,1.257886290550232,4.115776538848877,-0.6406433582305908,-0.37922564148902893,-0.6368238925933838,-0.14535284042358398,-0.5504522323608398,-0.4997320771217346,0.47343897819519043,-0.45176926255226135
-0.6785866022109985,1.4869563579559326,-0.6690977215766907,0.3920931816101074,0.8214292526245117,1.2958216667175293,4.936299800872803,-0.6616767048835754,-0.16010379791259766,-0.6423088312149048,0.10031783580780029,-0.5719656348228455,-0.5462554097175598,0.7285778522491455,-0.49639803171157837
-0.6678009629249573,0.7449048757553101,-0.6479142904281616,0.3087664842605591,0.7942613363265991,1.135626196861267,3.3534350395202637,-0.6052631735801697,-0.35926997661590576,-0.626815676689148,-0.25964096188545227,-0.4245948791503906,-0.39740994572639465,0.2120538353919983,-0.3020132780075073
-0.6779763698577881,1.153245449066162,-0.6577425003051758,-0.03955340385437012,0.962817907333374,1.1739429235458374,4.446078777313232,-0.6619158387184143,-0.3894999027252197,-0.6061000823974609,-0.06405103206634521,-0.5628637671470642,-0.5257138013839722,0.6529558897018433,-0.44683611392974854
-0.6775704026222229,1.0350004434585571,-0.652037501335144,0.005262196063995361,0.961734414100647,1.2123626470565796,4.31140661239624,-0.6570354700088501,-0.3240091800689697,-0.6146009564399719,-0.06164240837097168,-0.5528324842453003,-0.4914528429508209,0.6758838891983032,-0.3875843286514282
-0.686885416507721,1.820878505706787,-0.6763107180595398,0.10066014528274536,0.8266030550003052,1.7841377258300781,5.38189172744751,-0.6694653630256653,-0.3171055018901825,-0.6584362387657166,0.2528539299964905,-0.6118530631065369,-0.5761895775794983,0.9733866453170776,-0.5016950368881226
-0.686812162399292,1.7410216331481934,-0.6755330562591553,0.13220477104187012,0.8109819889068604,1.757148265838623,5.181495189666748,-0.6650879979133606,-0.3395031988620758,-0.6599259376525879,0.2379586100578308,-0.6030728816986084,-0.5671728849411011,0.884569525718689,-0.4899546802043915
-0.6835517883300781,1.7785286903381348,-0.6759177446365356,0.24181634187698364,1.0730855464935303,1.785942792892456,5.16790771484375,-0.6638328433036804,-0.3424720764160156,-0.6515538096427917,0.18094849586486816,-0.5970910787582397,-0.5684781670570374,0.6169799566268921,-0.4813117980957031
-0.6818097233772278,1.5153319835662842,-0.6773849725723267,0.26581645011901855,0.9058992862701416,1.7263405323028564,4.509990692138672,-0.6617839336395264,-0.5189981460571289,-0.6435056328773499,0.18235641717910767,-0.5588798522949219,-0.5424631834030151,0.3608487844467163,-0.47407031059265137
-0.6820660829544067,1.5084755420684814,-0.6769528388977051,0.3802727460861206,0.8777784109115601,1.8099000453948975,4.412559986114502,-0.6568030714988708,-0.5029760003089905,-0.6483923196792603,0.07223671674728394,-0.5505362749099731,-0.5382820963859558,0.31647932529449463,-0.47678276896476746
-0.5959261655807495,0.26000678539276123,-0.024395465850830078,0.53221595287323,0.8581695556640625,2.7073166370391846,0.6349384784698486,-0.37744733691215515,3.568542003631592,-0.617434561252594,5.484321594238281,-0.5086019039154053,1.2713278532028198,3.4163284301757812,2.000978469848633
-0.6645561456680298,0.7637037038803101,-0.6451333165168762,0.23608022928237915,0.7086039781570435,0.6299550533294678,3.6185989379882812,-0.6166709065437317,-0.4242120683193207,-0.6040865182876587,-0.17233920097351074,-0.4793029725551605,-0.45450055599212646,0.18409115076065063,-0.4577070474624634
-0.6677385568618774,1.049759864807129,-0.6695032119750977,0.4049926996231079,0.559282660484314,0.9651521444320679,3.6193461418151855,-0.6340117454528809,-0.498760461807251,-0.6228805780410767,-0.3043886721134186,-0.4535285234451294,-0.5056427717208862,0.15782445669174194,-0.5154958367347717
-0.6813531517982483,1.469557285308838,-0.6609445810317993,0.03596460819244385,0.8520776033401489,1.5032274723052979,4.717453479766846,-0.6564571857452393,-0.18788546323776245,-0.6212452054023743,0.04822957515716553,-0.5984116196632385,-0.5505344867706299,0.9366503953933716,-0.46866375207901
-0.6819852590560913,1.4329075813293457,-0.663584291934967,0.15362340211868286,0.9005467891693115,1.5315968990325928,4.817709445953369,-0.6608508229255676,-0.14893841743469238,-0.6287423372268677,-0.04708606004714966,-0.5810203552246094,-0.5358004570007324,0.8499313592910767,-0.44963932037353516
-0.6835298538208008,2.1164019107818604,-0.6804733872413635,0.2110203504562378,0.7999134063720703,2.0425045490264893,5.042283535003662,-0.6614624857902527,-0.4069306552410126,-0.6386104226112366,0.0870024561882019,-0.6148968935012817,-0.627395510673523,0.5779292583465576,-0.5610456466674805
-0.6691601276397705,0.33291101455688477,-0.598355770111084,0.189264714717865,0.897852897644043,0.2567957043647766,3.830605983734131,-0.603956401348114,-0.18099308013916016,-0.6163482069969177,0.2301344871520996,-0.4394487142562866,-0.2767360806465149,0.2195306420326233,-0.2703147232532501
-0.666994035243988,0.5192477703094482,-0.6329774856567383,0.17975997924804688,0.8397449254989624,0.664844274520874,3.4345078468322754,-0.6174547672271729,-0.43156400322914124,-0.6037324666976929,-0.19446733593940735,-0.44940072298049927,-0.40282079577445984,0.13134145736694336,-0.3729109466075897
-0.6728609800338745,0.6988592147827148,-0.6398293972015381,0.3857935667037964,0.7784117460250854,0.894818902015686,3.7854442596435547,-0.6074347496032715,-0.24657118320465088,-0.6370912790298462,-0.0613827109336853,-0.42402884364128113,-0.3586048185825348,0.19486737251281738,-0.31265899538993835
-0.6100612878799438,-0.2391640841960907,-0.33803683519363403,0.40868210792541504,1.100734829902649,1.4987201690673828,-0.14212405681610107,-0.3431578278541565,1.9462432861328125,-0.5897257924079895,3.375761032104492,0.15443652868270874,0.5016930103302002,2.307746410369873,1.851370096206665
-0.6198450326919556,-0.19755783677101135,-0.5600918531417847,0.19976991415023804,0.8572068214416504,0.14290094375610352,1.9127624034881592,-0.48088961839675903,-0.2413821816444397,-0.6012600660324097,-0.397437185049057,0.2704737186431885,-0.0020909905433654785,-0.07645982503890991,0.24938392639160156
-0.6243991255760193,-0.06934452056884766,-0.5775673389434814,0.104403555393219,1.2169932126998901,0.49430346488952637,2.2041542530059814,-0.5517446994781494,-0.18079286813735962,-0.5686364769935608,-0.4328659772872925,0.004385173320770264,-0.16092592477798462,0.21975475549697876,0.18701320886611938
-0.6224724650382996,-0.13630974292755127,-0.5834383964538574,0.13920313119888306,0.9273566007614136,0.3112441301345825,2.043325185775757,-0.5678974390029907,-0.24148574471473694,-0.5702764987945557,-0.3903258144855499,0.1325433850288391,-0.07366400957107544,0.13355255126953125,0.13849741220474243
-0.6620817184448242,0.10729837417602539,-0.6204659342765808,0.18174469470977783,0.4491461515426636,0.725836992263794,2.4551265239715576,-0.5631006956100464,-0.18104058504104614,-0.6537688970565796,-0.4084155559539795,0.019195735454559326,-0.10214722156524658,-0.031972527503967285,0.19660431146621704
-0.6196413040161133,0.046614110469818115,-0.6206312775611877,0.267287015914917,0.5808366537094116,0.466732382774353,1.8010270595550537,-0.5047091245651245,-0.386359840631485,-0.596674382686615,-0.43645086884498596,0.1585720181465149,-0.20363467931747437,-0.2700341045856476,-0.019209206104278564
-0.6734683513641357,0.8446584939956665,-0.6370514631271362,0.2308136224746704,0.7362563610076904,0.5772156715393066,4.102527141571045,-0.5985282063484192,-0.264753133058548,-0.6256320476531982,-0.07521992921829224,-0.5028520822525024,-0.46762901544570923,0.2629448175430298,-0.4672160744667053
-0.6719032526016235,0.8325002193450928,-0.6499622464179993,0.1323438286781311,0.8463536500930786,0.9757682085037231,3.709315299987793,-0.6280912160873413,-0.4203745424747467,-0.6158199310302734,-0.21238279342651367,-0.49161842465400696,-0.4772743880748749,0.297809362411499,-0.4069250524044037
-0.6737449169158936,0.9749764204025269,-0.6430462598800659,0.3103199005126953,0.7813146114349365,0.8734596967697144,4.3253889083862305,-0.6206082105636597,-0.1340951919555664,-0.6274709701538086,-0.16269409656524658,-0.5255706906318665,-0.4881362318992615,0.4176238775253296,-0.4568261504173279
-0.46895304322242737,-0.4927380681037903,0.3962693214416504,0.7132474184036255,1.890181303024292,-0.5870117545127869,0.9470765590667725,0.30172199010849,3.515392303466797,-0.6648061275482178,4.853650093078613,-0.1853104829788208,0.8947627544403076,2.9530575275421143,1.1556370258331299
-0.5271028280258179,-0.4634903073310852,0.22344732284545898,0.3636118173599243,2.1551318168640137,-0.5417866110801697,0.9533683061599731,0.03896832466125488,2.8625288009643555,-0.6429582238197327,4.090078353881836,-0.4139656722545624,0.2904437184333801,2.9908857345581055,0.870771050453186
-0.6725041270256042,0.7761232852935791,-0.6357433199882507,0.31193602085113525,0.6699309349060059,0.8188070058822632,3.8736276626586914,-0.6144938468933105,-0.23749977350234985,-0.6320277452468872,0.17323905229568481,-0.4427587389945984,-0.33971109986305237,0.2369704246520996,-0.32300469279289246
-0.6574082970619202,0.6658987998962402,-0.6363783478736877,0.22097432613372803,0.8128814697265625,0.5856283903121948,3.490088939666748,-0.6070138812065125,-0.43703606724739075,-0.5998400449752808,-0.138738751411438,-0.4280027151107788,-0.3887855112552643,0.12896579504013062,-0.3926301598548889
-0.6715518236160278,0.8976534605026245,-0.6399094462394714,0.2965184450149536,0.9154592752456665,1.0868903398513794,4.059916973114014,-0.6288182139396667,-0.06391948461532593,-0.6281641125679016,0.07761949300765991,-0.512830376625061,-0.43207848072052,0.6487900018692017,-0.3355584442615509
-0.675262451171875,0.971450686454773,-0.6583971977233887,0.2468382716178894,0.7534623146057129,1.3983073234558105,3.889131546020508,-0.649249792098999,-0.41692042350769043,-0.629156768321991,0.04244339466094971,-0.4870438873767853,-0.4103833734989166,0.34741365909576416,-0.32944902777671814
-0.5392748713493347,-0.4038940370082855,0.23923397064208984,0.594759464263916,1.856546401977539,-0.564728319644928,1.3331913948059082,0.2241368293762207,3.2470781803131104,-0.6540485620498657,4.225674152374268,-0.3922010362148285,0.32819974422454834,2.905379295349121,0.5521935224533081
-0.6399961113929749,-0.3250991404056549,-0.5140629410743713,0.19866502285003662,1.1000959873199463,-0.36588311195373535,2.8547635078430176,-0.4534139037132263,-0.008992612361907959,-0.6394564509391785,-0.14542639255523682,0.00995701551437378,-0.00749814510345459,-0.013364791870117188,0.3317134380340576
-0.6298976540565491,-0.2997477948665619,-0.49574723839759827,0.23689115047454834,1.235184669494629,-0.2825651466846466,2.955268621444702,-0.504174530506134,0.17926257848739624,-0.620947539806366,-0.10754001140594482,0.0263097882270813,0.010451555252075195,0.17718249559402466,0.27494674921035767
-0.5524507761001587,-0.3888131082057953,-0.4411417543888092,0.12358373403549194,1.0522040128707886,-0.47896909713745117,1.2170192003250122,-0.4267888367176056,-0.518600583076477,-0.2443820834159851,-0.5311317443847656,0.8310830593109131,-0.18898367881774902,-0.4411313533782959,-0.32015976309776306
-0.5512392520904541,-0.3906986117362976,-0.43872711062431335,0.12624436616897583,1.0532280206680298,-0.4826294183731079,1.2132978439331055,-0.4239404797554016,-0.5183690786361694,-0.24369657039642334,-0.5300000309944153,0.836555004119873,-0.18783223628997803,-0.44147881865501404,-0.32198572158813477
-0.44669294357299805,-0.28509560227394104,-0.4882941246032715,0.1687822937965393,0.8737576007843018,-0.1352556347846985,0.3532884120941162,0.04007798433303833,-0.5367827415466309,-0.3488442003726959,-0.5869117975234985,1.0737451314926147,-0.11213147640228271,-0.3599165976047516,-0.14299875497817993
-0.5431040525436401,-0.3299201726913452,-0.39164936542510986,0.030426025390625,1.1728227138519287,-0.5840015411376953,2.3997509479522705,-0.528374969959259,-0.24120140075683594,-0.2054947316646576,-0.35219958424568176,0.14109069108963013,-0.32865744829177856,-0.27288520336151123,-0.41181710362434387
-0.5611997842788696,-0.28491219878196716,-0.43030205368995667,0.036457359790802,1.0759096145629883,-0.5746880769729614,2.495191812515259,-0.5318408012390137,-0.20200437307357788,-0.25659260153770447,-0.4034803509712219,0.06056034564971924,-0.38846108317375183,-0.2825687825679779,-0.45271632075309753
-0.6382738351821899,-0.2839234471321106,-0.08107590675354004,0.018223047256469727,1.5957763195037842,2.025825262069702,0.45323991775512695,-0.4441222548484802,4.311726093292236,-0.6256770491600037,5.038448810577393,-0.45560866594314575,0.6020870208740234,4.384961128234863,2.816032648086548
-0.6517012715339661,-0.30435630679130554,-0.22557339072227478,0.011115789413452148,1.4415552616119385,2.6507105827331543,0.3851170539855957,-0.5364798903465271,4.306399345397949,-0.6465325951576233,5.2559075355529785,-0.40947628021240234,0.9552253484725952,4.3842949867248535,3.525725841522217
-0.5868326425552368,0.03994649648666382,-0.4739314913749695,-0.014794707298278809,0.09321326017379761,-0.6072337031364441,2.5170843601226807,-0.5197677612304688,-0.22210684418678284,-0.10910803079605103,-0.41607362031936646,-0.248270183801651,-0.5681169033050537,-0.3752485513687134,-0.6483516693115234
-0.6585792899131775,0.627365231513977,-0.6298142075538635,0.10902982950210571,0.9636286497116089,0.8453097343444824,3.0241024494171143,-0.5830141305923462,-0.4359115660190582,-0.5875470638275146,-0.36323222517967224,-0.4188033640384674,-0.4334163963794708,0.11259061098098755,-0.31754645705223083
-0.6592463254928589,0.6339514255523682,-0.6310001015663147,0.10840314626693726,0.9477676153182983,0.8605829477310181,2.9998207092285156,-0.5841126441955566,-0.4411458671092987,-0.5868145823478699,-0.38029882311820984,-0.41485774517059326,-0.43830400705337524,0.0985608696937561,-0.32207685708999634
-0.6602056622505188,0.6435549259185791,-0.6312792897224426,0.1092606782913208,0.9816710948944092,0.8769278526306152,3.0660462379455566,-0.5880078077316284,-0.43483850359916687,-0.5893210172653198,-0.3643743097782135,-0.4244687557220459,-0.43799927830696106,0.12477850914001465,-0.31657594442367554
-0.6595844626426697,0.6352609395980835,-0.6302343606948853,0.11138772964477539,0.9994187355041504,0.8797450065612793,3.068458080291748,-0.5874698162078857,-0.4299035370349884,-0.5896595120429993,-0.3528553545475006,-0.4263499677181244,-0.4329502582550049,0.13475173711776733,-0.3067006468772888
-0.673957884311676,1.108496904373169,-0.6431307792663574,-0.055602848529815674,1.1229510307312012,0.895831823348999,4.597257614135742,-0.6499713659286499,-0.27533698081970215,-0.6007903814315796,0.11801856756210327,-0.5615089535713196,-0.5144485831260681,0.7172996997833252,-0.42951831221580505
-0.6830650568008423,2.0283055305480957,-0.6793230175971985,0.21574443578720093,0.8611440658569336,2.0265376567840576,5.014391899108887,-0.6626219153404236,-0.37292560935020447,-0.6376083493232727,0.052593231201171875,-0.6147483587265015,-0.6260815858840942,0.6043403148651123,-0.5477139353752136
-0.67915940284729,1.4578793048858643,-0.6597652435302734,0.11712580919265747,0.9032343626022339,1.084658145904541,4.95397424697876,-0.6524146199226379,-0.1835351586341858,-0.6235835552215576,0.13777971267700195,-0.5876306295394897,-0.5488308668136597,0.8370164632797241,-0.5106733441352844
-0.6815299987792969,1.4338974952697754,-0.6589440703392029,-0.008976399898529053,0.838606595993042,1.2980573177337646,4.823394775390625,-0.6568320989608765,-0.2257579267024994,-0.6141937375068665,0.018474102020263672,-0.6073243618011475,-0.5666474103927612,0.8734725713729858,-0.5045305490493774
-0.6844019889831543,2.099519968032837,-0.6771848201751709,0.22558557987213135,0.9606330394744873,1.574995994567871,5.850760459899902,-0.67486172914505,-0.13641327619552612,-0.6512513756752014,0.43210136890411377,-0.6172276735305786,-0.5982788801193237,1.3039199113845825,-0.549042820930481
-0.681279718875885,1.8745808601379395,-0.6737040877342224,0.3313847780227661,0.8522882461547852,1.5097155570983887,5.289669036865234,-0.6646987795829773,-0.1879558563232422,-0.6354411840438843,0.5386956930160522,-0.6057254672050476,-0.5838466286659241,0.8880021572113037,-0.5430137515068054
-0.6812856197357178,1.8659632205963135,-0.6739515662193298,0.34412968158721924,0.8497779369354248,1.5038089752197266,5.264308929443359,-0.6640421152114868,-0.2023717164993286,-0.6359966993331909,0.5079561471939087,-0.6034875512123108,-0.5826001167297363,0.8545516729354858,-0.5444053411483765
-0.6446662545204163,-0.30480459332466125,-0.09816217422485352,0.07650917768478394,2.0130937099456787,-0.283456414937973,1.8434696197509766,-0.29547882080078125,3.1634104251861572,-0.6609528064727783,4.7102556228637695,-0.5791406631469727,0.05819207429885864,3.6900477409362793,0.9419347047805786
-0.6453527808189392,-0.31060752272605896,-0.09546524286270142,0.0736742615699768,2.0199813842773438,-0.2882310450077057,1.8436918258666992,-0.30026423931121826,3.149172067642212,-0.6605829000473022,4.718847751617432,-0.5780998468399048,0.06481051445007324,3.6816439628601074,0.9454816579818726
-0.6813802719116211,1.4081122875213623,-0.6576954126358032,0.004497170448303223,0.8643546104431152,1.299292802810669,4.799694061279297,-0.6558734774589539,-0.19426876306533813,-0.6155624985694885,0.044515371322631836,-0.6047064065933228,-0.560539960861206,0.9098387956619263,-0.4943554401397705
-0.6801544427871704,1.4350097179412842,-0.6520774364471436,-0.06117427349090576,1.000594139099121,1.256001591682434,4.9883246421813965,-0.6610100269317627,-0.048519015312194824,-0.5970790386199951,0.13507288694381714,-0.6221235394477844,-0.5857130289077759,1.1861586570739746,-0.5112420916557312
-0.6790593862533569,1.4206228256225586,-0.6679710745811462,0.026988565921783447,0.9854201078414917,1.6400830745697021,4.347886562347412,-0.6655431985855103,-0.4124907851219177,-0.6043651103973389,-0.18390822410583496,-0.5784517526626587,-0.5623136758804321,0.7521926164627075,-0.47228842973709106
-0.6795708537101746,1.8098204135894775,-0.6720186471939087,0.3395756483078003,0.893136739730835,1.4453046321868896,5.221480846405029,-0.661984920501709,-0.14001303911209106,-0.6335259675979614,0.5066596269607544,-0.6041096448898315,-0.5844390392303467,0.9120769500732422,-0.537095844745636
-0.5536724328994751,-0.3671969175338745,0.27809786796569824,0.3452850580215454,2.0442299842834473,-0.5425651669502258,2.000394105911255,0.03913325071334839,3.8614625930786133,-0.661405622959137,5.281371593475342,-0.5142168998718262,0.42096126079559326,3.7532191276550293,0.7420699596405029
-0.678735077381134,1.3532493114471436,-0.6586862206459045,0.1608763337135315,0.9572556018829346,1.120462417602539,4.804718971252441,-0.6527431607246399,-0.12459051609039307,-0.6248254776000977,0.11388039588928223,-0.5763674378395081,-0.5323476195335388,0.8678114414215088,-0.4750930368900299
-0.6812931895256042,1.4087233543395996,-0.6582674384117126,0.01545780897140503,0.8778406381607056,1.3243870735168457,4.791249752044678,-0.6562820672988892,-0.18490219116210938,-0.6164872646331787,0.06608051061630249,-0.6034371256828308,-0.5571215152740479,0.9280507564544678,-0.4876247048377991
-0.6772287487983704,1.3593294620513916,-0.6561468839645386,0.16813665628433228,1.0098999738693237,1.1405993700027466,4.883640766143799,-0.6542964577674866,-0.00392228364944458,-0.619724452495575,0.06371128559112549,-0.5865389704704285,-0.5462741851806641,1.0038220882415771,-0.4780023694038391
-0.678841233253479,1.3312671184539795,-0.6675377488136292,0.06617152690887451,0.949905514717102,1.5602662563323975,4.202732563018799,-0.6624199151992798,-0.4374348819255829,-0.6084539890289307,-0.15439188480377197,-0.5653538703918457,-0.5444414615631104,0.656662106513977,-0.46244120597839355
-0.6841613054275513,2.1463217735290527,-0.6807252168655396,0.15413135290145874,0.8184422254562378,1.9863827228546143,5.167720317840576,-0.664764940738678,-0.40404731035232544,-0.6351549029350281,0.10059624910354614,-0.6230242252349854,-0.6357567310333252,0.6228796243667603,-0.5729236602783203
-0.6448350548744202,-0.31428074836730957,-0.0579189658164978,0.04707819223403931,2.053088426589966,-0.2793044149875641,1.8618733882904053,-0.28597137331962585,3.2238173484802246,-0.6608519554138184,4.855391979217529,-0.5839305520057678,0.07651501893997192,3.7829794883728027,0.9719390869140625
-0.5479092597961426,-0.39007458090782166,-0.4373714029788971,0.1220666766166687,1.0646494626998901,-0.4712611436843872,1.1983882188796997,-0.4213295876979828,-0.5175246000289917,-0.24140554666519165,-0.5276015400886536,0.8329755067825317,-0.17591696977615356,-0.4352893829345703,-0.30759647488594055
-0.5468403100967407,-0.3940662443637848,-0.43582677841186523,0.1295819878578186,1.054041862487793,-0.4866729974746704,1.188242793083191,-0.41303563117980957,-0.5213288068771362,-0.24384841322898865,-0.5286953449249268,0.8534806966781616,-0.18178123235702515,-0.44657111167907715,-0.32162338495254517
-0.53753662109375,-0.38991424441337585,-0.42824786901474,0.1020047664642334,1.073097586631775,-0.49029839038848877,1.2366641759872437,-0.42486706376075745,-0.5070173740386963,-0.20842739939689636,-0.5270233154296875,0.7884352207183838,-0.19262444972991943,-0.4262624979019165,-0.3312833607196808
-0.4741279184818268,-0.4336320757865906,-0.43490856885910034,0.32004666328430176,1.1178233623504639,-0.385159969329834,1.1614768505096436,-0.22216936945915222,-0.043229103088378906,-0.4161410927772522,-0.494212806224823,1.377302885055542,0.08425760269165039,-0.013360977172851562,0.05048775672912598
-0.4837026000022888,-0.2383250892162323,-0.47665172815322876,0.16284137964248657,0.59865403175354,-0.4610692858695984,1.7186219692230225,-0.3225069046020508,-0.11827409267425537,-0.4595015048980713,-0.5717966556549072,0.8530479669570923,-0.15698868036270142,-0.20737755298614502,-0.29879656434059143
-0.4181629717350006,-0.2806028425693512,-0.5099581480026245,0.2248554825782776,0.6080310344696045,-0.4772779941558838,1.0982812643051147,-0.24202001094818115,-0.3230968415737152,-0.2617250382900238,-0.5653964281082153,1.1093196868896484,-0.21583151817321777,-0.3621895909309387,-0.4106093645095825
-0.5468732118606567,-0.3335651457309723,-0.461323618888855,0.10679852962493896,0.3995234966278076,-0.6256793737411499,1.8868649005889893,-0.5314580202102661,-0.2316223680973053,-0.24747180938720703,-0.4505014419555664,0.5152605772018433,-0.32215142250061035,-0.45243436098098755,-0.48173850774765015
-0.49870774149894714,-0.26312336325645447,-0.36685115098953247,0.10697418451309204,0.5964828729629517,-0.6400901079177856,2.108421564102173,-0.4121873378753662,-0.19085711240768433,0.03525424003601074,-0.48890694975852966,-0.027159690856933594,-0.5185116529464722,-0.3671610653400421,-0.6269536018371582
-0.5292320251464844,-0.2045384645462036,-0.5440376400947571,0.08293360471725464,0.36871981620788574,-0.6087933778762817,1.6816439628601074,-0.5418739318847656,-0.4565710723400116,-0.06887435913085938,-0.5862845778465271,0.44321250915527344,-0.48902422189712524,-0.5244790315628052,-0.5968440175056458
-0.39399176836013794,-0.00620579719543457,-0.4960971474647522,-0.026495695114135742,-0.02235513925552368,-0.6704432368278503,1.943127155303955,-0.4687974154949188,-0.3338833451271057,0.3052312135696411,-0.5691637396812439,0.056128621101379395,-0.6005534529685974,-0.5707725882530212,-0.6710224747657776
-0.6762624979019165,1.2316927909851074,-0.6554156541824341,0.14053696393966675,0.9337425231933594,0.9824502468109131,4.395125865936279,-0.6279144883155823,-0.34555062651634216,-0.6297553777694702,-0.00010830163955688477,-0.5342677235603333,-0.5084701776504517,0.4820743799209595,-0.4604019522666931
-0.6763834953308105,1.2038692235946655,-0.655929446220398,0.008931100368499756,0.9788215160369873,1.1149849891662598,4.505057334899902,-0.658793032169342,-0.33121857047080994,-0.6065734028816223,0.04819577932357788,-0.557837724685669,-0.5092926025390625,0.7193372249603271,-0.441119521856308
-0.6807021498680115,1.605078935623169,-0.666304886341095,0.05658411979675293,1.0690690279006958,1.540320873260498,4.742643356323242,-0.6512504816055298,-0.3220102787017822,-0.6248248219490051,-0.16481661796569824,-0.5966324210166931,-0.5835902690887451,0.7571817636489868,-0.5013328790664673
-0.6819535493850708,1.6235945224761963,-0.671947717666626,0.30881428718566895,0.8997997045516968,1.5158748626708984,4.931771755218506,-0.6562415361404419,-0.3048211634159088,-0.6432872414588928,0.4705289602279663,-0.5801849365234375,-0.5479081869125366,0.6213421821594238,-0.48548880219459534
-0.6441942453384399,-0.36746326088905334,-0.01869797706604004,0.0697982907295227,2.071321487426758,-0.2752288579940796,1.685499906539917,-0.2565869987010956,3.2016661167144775,-0.6641296148300171,4.817162990570068,-0.5597471594810486,0.19723159074783325,3.6464476585388184,1.226407527923584
-0.6513922214508057,-0.3568507134914398,-0.08100557327270508,0.04135429859161377,2.111877918243408,-0.19043171405792236,1.738175630569458,-0.3155803084373474,3.237497329711914,-0.6664580702781677,4.76540994644165,-0.5665314197540283,0.15865463018417358,3.7198033332824707,1.3315150737762451
-0.5788795948028564,-0.4469301998615265,0.28313249349594116,0.14078569412231445,2.2840638160705566,-0.5477358102798462,1.576967477798462,-0.13887208700180054,2.791672945022583,-0.6342845559120178,4.6181721687316895,-0.45081689953804016,0.521607518196106,3.148343086242676,0.8056290149688721
-0.6308469772338867,0.061859726905822754,-0.5277391672134399,0.10053080320358276,0.846969485282898,-0.2518264651298523,3.112790584564209,-0.5402421951293945,0.20587396621704102,-0.5332724452018738,-0.25834938883781433,-0.24705219268798828,-0.36750656366348267,0.3972172737121582,-0.3679686486721039
-0.6314900517463684,0.36053431034088135,-0.586090624332428,0.03484886884689331,0.9313364028930664,0.09524416923522949,3.3283863067626953,-0.5942906737327576,0.11892354488372803,-0.5068745017051697,-0.3243125081062317,-0.4116092622280121,-0.5203478932380676,0.36552178859710693,-0.4339785873889923
-0.612758219242096,0.21987932920455933,-0.5852751731872559,0.1643950343132019,0.6487778425216675,-0.05629092454910278,2.446087121963501,-0.4856308698654175,-0.2586206793785095,-0.5014379024505615,-0.4306916296482086,-0.15741890668869019,-0.45612215995788574,-0.21747246384620667,-0.44891470670700073
-0.6348676681518555,0.09697318077087402,-0.5427780151367188,0.10717415809631348,0.7541874647140503,-0.24307292699813843,2.9326112270355225,-0.5379906296730042,0.031203269958496094,-0.5368692874908447,-0.30056101083755493,-0.15604549646377563,-0.34763967990875244,0.20598244667053223,-0.3723849058151245
-0.6545867323875427,0.30774199962615967,-0.6020886301994324,0.13319271802902222,0.8220356702804565,0.20584148168563843,3.330092430114746,-0.6234076619148254,0.27954769134521484,-0.556371808052063,-0.32964885234832764,-0.26238277554512024,-0.40049490332603455,0.5780454874038696,-0.3048948645591736
-0.6618228554725647,0.7814843654632568,-0.6491864919662476,0.22507774829864502,0.5634214878082275,0.8371260166168213,3.3923325538635254,-0.6326963305473328,-0.011654198169708252,-0.5718133449554443,-0.4313351809978485,-0.35724538564682007,-0.5274221897125244,0.19792211055755615,-0.4203515350818634
-0.6242111921310425,-0.2269047200679779,-0.5101848244667053,0.39701151847839355,1.0748343467712402,-0.37337803840637207,2.654297113418579,-0.4278363287448883,-0.203213632106781,-0.6100363731384277,-0.22590070962905884,0.33830440044403076,0.023415565490722656,-0.19623863697052002,0.003995001316070557
-0.6188754439353943,-0.16565823554992676,-0.5549836158752441,0.28182196617126465,1.036524772644043,-0.19941985607147217,2.3255832195281982,-0.4862957000732422,-0.3613525629043579,-0.5802856683731079,-0.44971346855163574,0.20392662286758423,-0.18177521228790283,-0.20704591274261475,-0.14288979768753052
-0.6106795072555542,-0.10979056358337402,-0.5609827041625977,0.13062578439712524,1.120802402496338,-0.005067229270935059,2.5262041091918945,-0.5457687377929688,-0.1646997332572937,-0.5674397945404053,-0.37948930263519287,-0.03965187072753906,-0.21616432070732117,0.1377149224281311,-0.013930678367614746
-0.5473409295082092,-0.2179993987083435,0.2693273425102234,0.23784220218658447,0.7239508628845215,1.424046277999878,0.6591347455978394,-0.33076342940330505,4.692455291748047,-0.6703263521194458,5.331697940826416,-0.3509918749332428,1.2437489032745361,3.5530452728271484,3.547896385192871
-0.47285738587379456,-0.27642586827278137,0.4697587490081787,0.23663043975830078,0.7995147705078125,0.8440549373626709,0.6309915781021118,-0.09275060892105103,4.558448314666748,-0.6613587737083435,5.587282180786133,-0.33705660700798035,1.300816297531128,3.587271213531494,3.09114933013916
-0.4576069116592407,-0.27051571011543274,0.5021923780441284,0.2825821042060852,0.7956246137619019,0.9077081680297852,0.625778079032898,-0.10596239566802979,4.782783031463623,-0.6649161577224731,5.572301864624023,-0.314065158367157,1.325073003768921,3.618656635284424,3.220318555831909
-0.5250314474105835,-0.36870306730270386,0.45382237434387207,0.7999927997589111,1.0454761981964111,0.25162768363952637,0.4327601194381714,0.5156881809234619,3.8528828620910645,-0.6440041065216064,5.429139137268066,0.11129570007324219,1.430445909500122,3.025785446166992,1.7955362796783447
-0.42475953698158264,-0.004739284515380859,0.17922544479370117,-0.09368056058883667,0.4412813186645508,1.065530776977539,0.8497965335845947,-0.5104666948318481,4.41878080368042,-0.6569098234176636,5.352596759796143,-0.5481716394424438,0.7027567625045776,3.4694557189941406,3.388279438018799
-0.4581097960472107,-0.27477899193763733,-0.4178333282470703,0.18184703588485718,0.6508772373199463,-0.5950049161911011,1.532165288925171,-0.24604067206382751,-0.3917868733406067,-0.07820957899093628,-0.519814133644104,0.4043792486190796,-0.41768696904182434,-0.4670364260673523,-0.5901488065719604
-0.46044331789016724,-0.16521179676055908,-0.41373687982559204,0.23276275396347046,0.653892993927002,-0.5959092378616333,1.737215518951416,-0.20764455199241638,-0.39451247453689575,0.020275592803955078,-0.542840301990509,0.2548351287841797,-0.4865029752254486,-0.4534724950790405,-0.6370515823364258
-0.24336868524551392,-0.20624583959579468,-0.4068933427333832,-0.1345078945159912,0.14092063903808594,-0.669671893119812,1.5887470245361328,-0.396683007478714,-0.39569732546806335,0.5258824825286865,-0.5439590215682983,0.010506153106689453,-0.538217306137085,-0.537488579750061,-0.6620744466781616
-0.24278667569160461,-0.19462794065475464,-0.41984838247299194,-0.15922611951828003,0.14115142822265625,-0.6693586707115173,1.596891164779663,-0.4163808822631836,-0.40451711416244507,0.5542165040969849,-0.5464174151420593,0.011100709438323975,-0.5441601276397705,-0.5360969305038452,-0.6623522043228149
-0.24970650672912598,-0.13407516479492188,-0.3519655168056488,-0.056473612785339355,0.24900662899017334,-0.669469952583313,1.732222080230713,-0.28243497014045715,-0.40657004714012146,0.5947959423065186,-0.5185843706130981,-0.07057839632034302,-0.5570027828216553,-0.49801453948020935,-0.6732913851737976
-0.40800148248672485,-0.2843020558357239,-0.4198019802570343,0.048605144023895264,0.40439319610595703,-0.6361125707626343,1.58370041847229,-0.416472464799881,-0.4381474256515503,-0.08627384901046753,-0.5406279563903809,0.5671327114105225,-0.3299665153026581,-0.4591485857963562,-0.5731066465377808
-0.3115192651748657,-0.2323755919933319,-0.4558003544807434,-0.18482542037963867,0.1701684594154358,-0.6610002517700195,1.44985032081604,-0.502129316329956,-0.45970985293388367,0.104267418384552,-0.5386273860931396,0.30231964588165283,-0.40670904517173767,-0.4662330746650696,-0.6130529046058655
-0.666691243648529,0.7853500843048096,-0.6490590572357178,0.1815856695175171,0.7273745536804199,1.1203404664993286,2.8881170749664307,-0.5744228363037109,-0.5582069158554077,-0.5966033339500427,-0.4998321831226349,-0.44545304775238037,-0.5037986040115356,-0.08390134572982788,-0.46785569190979004
-0.6682774424552917,0.9266195297241211,-0.6556049585342407,0.18557220697402954,0.751017689704895,1.268277645111084,3.0717203617095947,-0.5936816930770874,-0.5474396347999573,-0.5969744920730591,-0.496852308511734,-0.47572213411331177,-0.5265787243843079,-0.009521186351776123,-0.4827573299407959
-0.6775442957878113,1.2655038833618164,-0.6575372815132141,0.017931222915649414,1.0737450122833252,1.396791934967041,4.46252965927124,-0.6536486148834229,-0.28093987703323364,-0.6221002340316772,-0.1048542857170105,-0.5625472664833069,-0.5343700647354126,0.7134733200073242,-0.3933383524417877
-0.5558136701583862,-0.35508257150650024,-0.27891549468040466,-0.21827387809753418,2.2466416358947754,0.5596932172775269,1.6709480285644531,-0.5528297424316406,3.3668813705444336,-0.663719117641449,5.184637069702148,-0.5647425651550293,0.10782188177108765,3.5927581787109375,3.6915202140808105
-0.5571880340576172,-0.3583455979824066,-0.2912139296531677,-0.2215767502784729,2.2599921226501465,0.619145393371582,1.64735746383667,-0.5589624643325806,3.390077590942383,-0.664958655834198,5.191174030303955,-0.5647720098495483,0.10615259408950806,3.6158623695373535,3.788475513458252
-0.5496654510498047,-0.36036035418510437,-0.27329087257385254,-0.21297407150268555,2.256948232650757,0.5714181661605835,1.6447851657867432,-0.5517895221710205,3.419987201690674,-0.6641311049461365,5.2176995277404785,-0.5636776685714722,0.11258679628372192,3.625248432159424,3.7419023513793945
-0.5602062940597534,-0.40724000334739685,0.033155202865600586,0.7296079397201538,0.9220736026763916,0.832645058631897,-0.1148117184638977,0.13764148950576782,2.3555963039398193,-0.640877902507782,4.500027179718018,0.5151058435440063,1.4813201427459717,2.2581064701080322,2.2261996269226074
-0.5856625437736511,-0.40571141242980957,-0.018181264400482178,0.6987903118133545,0.8067851066589355,1.3115193843841553,-0.07401180267333984,-0.11654597520828247,2.660179853439331,-0.6530988812446594,4.735165119171143,0.4232313632965088,1.7978568077087402,2.4998526573181152,2.72223162651062
-0.5043666362762451,-0.1612522006034851,-0.5458477735519409,0.14730286598205566,0.4079679250717163,-0.5243241786956787,1.4459466934204102,-0.4293975532054901,-0.464589923620224,-0.1524364948272705,-0.5846209526062012,0.6328279972076416,-0.4200805723667145,-0.5134639739990234,-0.5693413615226746
-0.6609256863594055,0.6551506519317627,-0.6266294121742249,0.01919424533843994,1.2107667922973633,0.5583442449569702,3.5644969940185547,-0.5839785933494568,-0.43170544505119324,-0.5944667458534241,-0.2189972996711731,-0.505680501461029,-0.4836094379425049,0.2987528443336487,-0.40204373002052307
-0.6628903150558472,0.5764614343643188,-0.6407978534698486,0.10514068603515625,0.855263352394104,0.841689944267273,3.098393678665161,-0.6049835681915283,-0.5311335325241089,-0.5975553393363953,-0.2775326073169708,-0.4354793429374695,-0.41893208026885986,0.05306112766265869,-0.35902559757232666
-0.663011908531189,0.5510315895080566,-0.6401674151420593,0.14062589406967163,0.8635737895965576,0.8834182024002075,3.018777847290039,-0.6012495756149292,-0.5250692367553711,-0.6016164422035217,-0.308888703584671,-0.4198364019393921,-0.410170316696167,0.036389172077178955,-0.33871445059776306
-0.6622297167778015,0.603316068649292,-0.6421876549720764,0.049590468406677246,0.8866755962371826,0.8335092067718506,3.0723319053649902,-0.6002979278564453,-0.5386238098144531,-0.5943297147750854,-0.28431206941604614,-0.44281595945358276,-0.4427802562713623,0.11728447675704956,-0.3799371123313904
-0.5863785147666931,0.06812489032745361,0.28563469648361206,0.33815693855285645,1.6323466300964355,2.266634941101074,1.1330479383468628,-0.42041364312171936,5.0721845626831055,-0.6348410248756409,6.157191753387451,-0.5744338035583496,1.1803539991378784,4.359522819519043,2.6491856575012207
-0.5824378728866577,0.09670162200927734,0.094215989112854,0.47895264625549316,1.035820722579956,2.6583433151245117,0.5056596994400024,-0.4094860255718231,3.6613645553588867,-0.6051883697509766,5.532690048217773,-0.489879846572876,1.419754981994629,3.4282374382019043,2.298362970352173
-0.5826292634010315,0.059387922286987305,0.10555058717727661,0.4841940402984619,1.1013529300689697,2.6301445960998535,0.5004583597183228,-0.41229885816574097,3.7263541221618652,-0.6099470257759094,5.5440192222595215,-0.4875525236129761,1.3891830444335938,3.4728331565856934,2.35817551612854
-0.5548747777938843,0.05661773681640625,0.15305441617965698,0.28135985136032104,0.9930739402770996,2.4567067623138428,0.5267753601074219,-0.3343783915042877,3.6568617820739746,-0.5950774550437927,5.807332992553711,-0.5149654746055603,1.3661727905273438,3.662144660949707,2.2425572872161865
-0.37165287137031555,-0.5787258148193359,0.39668524265289307,0.26710212230682373,2.658494472503662,-0.5450687408447266,0.2795836925506592,0.24184906482696533,2.705152988433838,-0.6381803154945374,4.430493354797363,-0.11657583713531494,0.9470475912094116,2.997138023376465,2.008544683456421
-0.3188145160675049,-0.5773587822914124,0.43100953102111816,0.3349173069000244,2.6373605728149414,-0.5554870367050171,0.1969623565673828,0.36968982219696045,2.717823028564453,-0.6354052424430847,4.2384796142578125,-0.07644039392471313,0.8541960716247559,2.946280002593994,1.8128798007965088
-0.5075315237045288,-0.4859985113143921,0.25014978647232056,0.057563841342926025,2.158215045928955,-0.4292508363723755,0.7580984830856323,-0.06163787841796875,2.6385836601257324,-0.6443314552307129,4.159937381744385,-0.3451143205165863,0.9250396490097046,3.1283979415893555,1.5895473957061768
-0.6589316129684448,0.48800814151763916,-0.6139643788337708,0.07673561573028564,1.0608367919921875,0.451413631439209,3.3986563682556152,-0.5788295269012451,-0.4234444200992584,-0.5933964252471924,-0.1955481469631195,-0.4493137001991272,-0.4181501567363739,0.09965747594833374,-0.3455512225627899
-0.658814549446106,0.5576355457305908,-0.6208550333976746,-0.011349499225616455,1.1971813440322876,0.6262816190719604,3.2946975231170654,-0.5902811288833618,-0.45996081829071045,-0.5794632434844971,-0.2781505584716797,-0.48140227794647217,-0.4610045254230499,0.1958443522453308,-0.347396582365036
-0.6600230932235718,0.5133568048477173,-0.6127052307128906,0.051313936710357666,1.0794252157211304,0.46662914752960205,3.4358229637145996,-0.5849015712738037,-0.4072679877281189,-0.5888550281524658,-0.2152707874774933,-0.4573162794113159,-0.43271178007125854,0.13989686965942383,-0.35361823439598083
-0.6581289172172546,0.5500080585479736,-0.6159534454345703,-0.04784446954727173,1.2410866022109985,0.5734902620315552,3.340888500213623,-0.5952692031860352,-0.4403480589389801,-0.5688592791557312,-0.27065402269363403,-0.49040788412094116,-0.47159117460250854,0.25811612606048584,-0.357260137796402
-0.5738387703895569,-0.05603736639022827,0.413102388381958,0.4623844623565674,1.485975980758667,2.3590023517608643,1.0328729152679443,-0.4223591387271881,5.529572010040283,-0.6534500122070312,6.595727443695068,-0.5126816034317017,1.819976568222046,4.418488025665283,3.295361280441284
