0.8446437120437622,2.0378153324127197,-0.5432990193367004,0.08161438256502151,-1.0081909894943237,0.09522393345832825,-0.17214909195899963,0.4748883843421936,0.8278796672821045,-0.030120745301246643,0.38222670555114746,0.7062703371047974,0.012097882106900215,0.685642421245575,0.049521274864673615,-0.9684630632400513,1.1416810750961304,-1.5387922525405884,0.008412213996052742,-0.17521131038665771,0.07078444212675095,-0.14126543700695038,-0.11635089665651321,-0.8298107981681824,-1.894871473312378,-0.048921629786491394,-0.9909828305244446,-0.8285885453224182,0.3285215497016907,1.031286358833313
0.1031583771109581,0.4059307277202606,0.008812095038592815,0.07589112967252731,-0.13995864987373352,-0.08732770383358002,-0.2076820433139801,0.03543790429830551,0.08408478647470474,-0.17097708582878113,0.08212324976921082,0.03767529875040054,0.2265094816684723,0.02725619077682495,-0.09009518474340439,-0.44406816363334656,0.08364838361740112,-0.3452056348323822,0.19339829683303833,0.21930260956287384,-0.0653635635972023,-0.07769805938005447,-0.27608606219291687,0.12916524708271027,-0.04456585273146629,-0.12666510045528412,-0.2406170815229416,-0.3554961383342743,0.20739486813545227,0.08619760721921921
0.11118771135807037,0.006159842014312744,0.1621565818786621,0.025619668886065483,0.10284525156021118,-0.11036477982997894,-0.2879013419151306,-0.10490891337394714,0.013733107596635818,0.011724565178155899,0.05806654319167137,-0.03759290277957916,-0.0014367401599884033,0.06595258414745331,-0.12143290787935257,0.02865339070558548,0.11408816277980804,-0.03610360994935036,-0.09908512979745865,0.17344164848327637,0.1320112943649292,0.09684818983078003,0.03876446932554245,0.049904126673936844,0.24352416396141052,-0.05663343891501427,0.025816883891820908,-0.09471797198057175,-0.04873806983232498,0.2667293846607208
0.3285185694694519,1.0390706062316895,-0.2019883245229721,0.187018021941185,-0.5323129296302795,0.054591044783592224,-0.3557076156139374,0.3031355142593384,0.31008514761924744,0.07822640985250473,0.2844596207141876,0.010512551292777061,0.23249244689941406,0.49916499853134155,0.03233262151479721,-0.5219523906707764,0.5147815942764282,-0.9532293081283569,0.3723772168159485,0.04417805001139641,-0.28520825505256653,-0.24823600053787231,-0.40032368898391724,0.003911587875336409,-0.6305605173110962,-0.020307045429944992,-0.45784515142440796,-0.508536696434021,0.06843692064285278,0.5058287978172302
0.31424909830093384,0.7190401554107666,-0.17969954013824463,0.11687680333852768,-0.31312429904937744,-0.021428074687719345,-0.14730381965637207,0.21892881393432617,0.367041677236557,0.21866729855537415,0.3232595920562744,0.18360641598701477,-0.12454991787672043,0.4039456844329834,-0.033070698380470276,-0.18572881817817688,0.6658086776733398,-0.7090504765510559,0.07436223328113556,-0.10449852049350739,-0.04539940506219864,-0.11018019169569016,0.004996851086616516,-0.3121739625930786,-0.684188187122345,-0.10874241590499878,-0.2685754597187042,-0.12648332118988037,-0.08660082519054413,0.6636323928833008
0.399020791053772,0.9017061591148376,-0.2940807342529297,0.19857746362686157,-0.4740484654903412,-0.034036777913570404,-0.1955329328775406,0.5284391045570374,0.6187916994094849,0.5030533671379089,0.5348055362701416,0.04825101047754288,-0.09782762825489044,0.3355662226676941,-0.2242875099182129,-0.1867273598909378,0.7437974810600281,-0.9873059391975403,0.13469558954238892,-0.2764923572540283,-0.12114010751247406,-0.25712600350379944,-0.04196757450699806,-0.3139752149581909,-1.1999006271362305,-0.175180122256279,-0.4465782046318054,-0.08894816040992737,-0.16481637954711914,0.9320787787437439
-0.0007739607244729996,-0.10702995210886002,0.2290225625038147,0.006471583619713783,0.13752947747707367,0.00010994076728820801,-0.304813414812088,0.00896504521369934,-0.12653303146362305,0.04637185484170914,0.09120391309261322,-0.10892488062381744,-0.05981086194515228,0.028506366536021233,-0.10430901497602463,0.15052229166030884,0.049161214381456375,-0.01390339806675911,0.004971932619810104,0.3122701644897461,0.1203509122133255,0.096821129322052,0.10207909345626831,0.14418578147888184,0.3084823489189148,-0.04371817037463188,-0.025811342522501945,-0.13029544055461884,0.02032095566391945,0.18973436951637268
0.15298950672149658,0.06547033041715622,0.12245547026395798,0.05992428958415985,0.04281667619943619,0.03261656314134598,-0.2753734588623047,-0.02224011719226837,-0.08786280453205109,0.05972781777381897,0.06385253369808197,-0.09903600066900253,-0.04683569073677063,0.15143020451068878,0.030287932604551315,0.13082149624824524,0.07831655442714691,-0.0720406100153923,-0.03031495213508606,0.21885016560554504,0.08176836371421814,0.045412078499794006,-0.02547527477145195,0.0239538736641407,0.16702322661876678,-0.029859285801649094,0.00451105460524559,-0.13066229224205017,-0.022680623456835747,0.2405744045972824
0.10132718086242676,0.03685801103711128,0.16607652604579926,0.011193806305527687,0.12720830738544464,-0.05935465916991234,-0.23800763487815857,-0.028475478291511536,-0.03287992998957634,0.019342824816703796,0.046676523983478546,-0.052548475563526154,-0.01655513606965542,0.056481797248125076,-0.038800448179244995,0.07108962535858154,0.1042119562625885,-0.053295306861400604,-0.06781596690416336,0.22253328561782837,0.0736396387219429,0.11284589767456055,8.397549390792847e-05,0.0211649090051651,0.1595851331949234,-0.047779034823179245,0.030228499323129654,-0.12841004133224487,-0.024693505838513374,0.23402054607868195
0.06447535753250122,-0.054434262216091156,0.22766852378845215,0.022239647805690765,0.11304736882448196,-0.08914577960968018,-0.2877402901649475,-0.06605744361877441,-0.016179898753762245,-0.02716267853975296,0.0557766929268837,-0.031885579228401184,-0.0416698083281517,0.10100169479846954,-0.1381935179233551,0.08714738488197327,0.15465368330478668,-0.025357715785503387,-0.08077093958854675,0.2315623015165329,0.13835185766220093,0.15964220464229584,0.09928366541862488,0.07065306603908539,0.29938212037086487,-0.09250938147306442,0.04175292328000069,-0.078038290143013,-0.007021177560091019,0.26086747646331787
0.4720264673233032,1.0792267322540283,-0.15923938155174255,0.1761348843574524,-0.5686832666397095,0.09954118728637695,-0.45416131615638733,0.22650811076164246,0.3147794306278229,0.09376082569360733,0.2689566910266876,-0.005351732950657606,0.2691750228404999,0.611062228679657,0.018177691847085953,-0.5314356088638306,0.4537208378314972,-0.9081575274467468,0.3348415493965149,0.08787962049245834,-0.21595029532909393,-0.2371775358915329,-0.44994568824768066,-0.02116200514137745,-0.49034398794174194,-0.0015543922781944275,-0.41791900992393494,-0.5615049600601196,0.13379447162151337,0.5450450778007507
0.10424495488405228,-0.019106946885585785,0.14933952689170837,-0.0026240330189466476,0.18632252514362335,-0.11776881664991379,-0.20090924203395844,-0.048562172800302505,-0.007055213674902916,0.08496131747961044,0.057964131236076355,-0.061768367886543274,-0.028582477942109108,-0.003932546824216843,-0.11155141144990921,0.07485455274581909,0.0753062516450882,-0.008197121322154999,-0.08356370031833649,0.16884121298789978,0.10269518941640854,0.1041618287563324,0.03621570020914078,0.04198272153735161,0.1940319687128067,-0.016146976500749588,0.06523047387599945,-0.04705406352877617,-0.08821610361337662,0.23829099535942078
0.043328672647476196,1.170201063156128,0.13081961870193481,0.3039928376674652,-0.6542226672172546,0.12047532200813293,-0.6233862638473511,0.18869447708129883,0.555755615234375,-0.03441539406776428,0.3522970676422119,-0.347427636384964,0.7471601366996765,1.0525187253952026,0.06882156431674957,-0.9933602809906006,0.4053081274032593,-0.9013155102729797,0.5660226345062256,-0.20056216418743134,-0.4669073820114136,-0.18095366656780243,-0.6791167855262756,0.40610477328300476,-0.30374875664711,0.0912216305732727,-0.4328794479370117,-0.5936439037322998,-0.19786478579044342,0.49893638491630554
-0.19488295912742615,1.4148457050323486,0.22430092096328735,0.3481515944004059,-0.932666003704071,0.07701806724071503,-0.4424006938934326,0.048843346536159515,0.7642006874084473,-0.35025450587272644,0.6523234248161316,-0.4244435727596283,1.138932704925537,1.302307367324829,-0.0038687698543071747,-1.6125133037567139,0.17633813619613647,-0.9030369520187378,0.76641446352005,-0.46420300006866455,-0.4966655373573303,-0.3115972876548767,-0.9715604186058044,0.5936835408210754,-0.21267469227313995,0.06316548585891724,-0.32252272963523865,-0.5527958273887634,-0.03065725602209568,0.3105691969394684
0.24884626269340515,0.3260684013366699,-0.2313162237405777,0.19989170134067535,-0.25498032569885254,-0.206080362200737,-0.12864774465560913,-0.1702408343553543,0.33575543761253357,-0.029389526695013046,0.45101398229599,0.03851686418056488,0.12564055621623993,0.35157880187034607,0.004324454814195633,-0.3254667818546295,0.07283319532871246,-0.400153785943985,-0.18719834089279175,-0.35672786831855774,0.19308188557624817,-0.15826061367988586,-0.1849512904882431,-0.2836357355117798,-0.120425283908844,-0.11338552832603455,0.026670332998037338,0.07374115288257599,-0.036329396069049835,0.3763733208179474
-0.00019914284348487854,0.3378370404243469,0.16019918024539948,0.16032761335372925,-0.023034239187836647,-0.08404867351055145,-0.4920252561569214,0.02628978341817856,-0.10084620863199234,-0.32114681601524353,0.043636616319417953,-0.07529588043689728,0.33762359619140625,-0.08767777681350708,-0.3286817669868469,-0.340743750333786,-0.08619570732116699,-0.1301060914993286,0.20022934675216675,0.3517875373363495,-0.0630168616771698,-0.06645462661981583,-0.30058228969573975,0.362714946269989,0.3336328864097595,-0.055281832814216614,-0.24956855177879333,-0.595182478427887,0.4052354395389557,-0.01786680519580841
0.02023422345519066,0.5051472187042236,-0.0003993632271885872,0.21861405670642853,-0.2578856348991394,-0.12725800275802612,-0.3897194266319275,0.2853492498397827,-0.007314709946513176,-0.3317014276981354,0.20527565479278564,-0.11263111978769302,0.590299129486084,-0.14166489243507385,-0.5189271569252014,-0.6593900918960571,-0.10888522863388062,-0.5651140213012695,0.49233007431030273,0.2819964587688446,-0.3207035958766937,-0.22605174779891968,-0.6094200611114502,0.569351315498352,0.03539542108774185,-0.06127219647169113,-0.41601189970970154,-0.6486950516700745,0.5027488470077515,0.014683173969388008
-0.048845961689949036,0.4242386221885681,0.07004367560148239,0.20992633700370789,-0.07698258012533188,-0.1399691104888916,-0.23962447047233582,0.15515506267547607,-0.003215823322534561,-0.341004341840744,0.13143692910671234,-0.09652257710695267,0.47241637110710144,-0.07369066774845123,-0.2401069700717926,-0.6071100234985352,-0.10578756034374237,-0.36008214950561523,0.30009356141090393,0.1699819415807724,-0.1950804442167282,-0.11055124551057816,-0.4580190181732178,0.35969099402427673,0.07119631767272949,-0.0499708317220211,-0.25323957204818726,-0.5065606832504272,0.2676553428173065,-0.08625859022140503
0.05997619777917862,0.005891285836696625,0.24007956683635712,-0.006607798859477043,0.14496521651744843,-0.049001701176166534,-0.2093125730752945,0.005340583622455597,-0.0204988494515419,-0.009586066007614136,0.03438224643468857,-0.06669299304485321,-0.026744702830910683,0.055210910737514496,-0.04927472025156021,0.08720359206199646,0.1385299414396286,-0.02584853023290634,-0.04936833679676056,0.24356091022491455,0.06029693782329559,0.19299538433551788,0.02867767959833145,0.04822337627410889,0.14796674251556396,-0.06757600605487823,0.039726633578538895,-0.12056076526641846,0.005535470321774483,0.23915554583072662
0.20033332705497742,0.5357028245925903,0.06829015910625458,0.00034894049167633057,-0.1816093623638153,0.08049826323986053,-0.2099812775850296,0.30305302143096924,0.009992942214012146,0.12866294384002686,0.19272956252098083,0.03453049808740616,-0.09777171909809113,0.10276500135660172,-0.1355714201927185,-0.03002925217151642,0.4112635850906372,-0.5168521404266357,0.24167585372924805,0.30039462447166443,-0.19622384011745453,0.0016935826279222965,-0.01143920049071312,0.02542726695537567,-0.3440900146961212,-0.1084473729133606,-0.3099994957447052,-0.3607080578804016,0.1741715669631958,0.4162959158420563
0.2922876179218292,0.6728684306144714,-0.13953310251235962,0.04534595459699631,-0.21522864699363708,-0.021798428148031235,-0.07447481155395508,0.2937428057193756,0.21269996464252472,0.16648313403129578,0.22265048325061798,0.11440353095531464,-0.09663232415914536,0.1951962113380432,-0.05036446452140808,-0.11625461280345917,0.5255557894706726,-0.6214200854301453,0.12539318203926086,0.0305518489331007,-0.19685149192810059,-0.040425077080726624,-0.07031020522117615,-0.20733770728111267,-0.6913898587226868,-0.10348154604434967,-0.2747996747493744,-0.18666186928749084,0.03665972501039505,0.5331625938415527
0.013223964720964432,-0.07966580241918564,0.30079415440559387,0.002140333876013756,0.10804872959852219,-0.06678863614797592,-0.2533927261829376,-0.017609335482120514,-0.006808817386627197,-0.0620470866560936,0.0277816504240036,-0.03441016376018524,-0.06099475175142288,0.10960359126329422,-0.17120897769927979,0.10936698317527771,0.21513985097408295,-0.0035071223974227905,-0.0423770546913147,0.2738490700721741,0.12001826614141464,0.23701117932796478,0.13814759254455566,0.11189839243888855,0.3028809726238251,-0.10948044061660767,0.03517239913344383,-0.07432302087545395,0.038533374667167664,0.26717668771743774
0.5351078510284424,0.9197476506233215,-0.1711907982826233,0.18192589282989502,-0.4792531430721283,0.05972709506750107,-0.3591326177120209,0.1654292345046997,0.3139370381832123,0.14801806211471558,0.3393020033836365,0.08547274023294449,-0.00988851673901081,0.6716539859771729,0.06626084446907043,-0.2477787882089615,0.5647285580635071,-0.7606297135353088,0.10563122481107712,-0.012178346514701843,-0.03031686134636402,-0.14442776143550873,-0.23693017661571503,-0.266531378030777,-0.5008342266082764,-0.10190216451883316,-0.23603655397891998,-0.2788277566432953,0.09944000095129013,0.6839643120765686
0.06509768962860107,-0.057070933282375336,0.2365739941596985,-0.0021924693137407303,0.17432720959186554,-0.10536110401153564,-0.20751449465751648,-0.0034197047352790833,-0.007463440299034119,0.02549489587545395,0.0421074815094471,-0.07108990103006363,-0.0574946254491806,0.008060693740844727,-0.18314513564109802,0.11972033977508545,0.14323200285434723,0.012927420437335968,-0.07134825736284256,0.2083835005760193,0.09961295872926712,0.193137064576149,0.09829209744930267,0.08398392796516418,0.23525740206241608,-0.05771127715706825,0.06420566141605377,-0.04576221853494644,-0.020463181659579277,0.2643626630306244
-0.3947744071483612,1.4699697494506836,0.7311225533485413,0.2367793768644333,-1.0296430587768555,0.14361470937728882,-0.560171365737915,0.1092015728354454,0.9029226303100586,-0.6284059286117554,0.3095027208328247,-0.6149457097053528,1.409934163093567,1.414172887802124,-0.35110509395599365,-1.7318954467773438,0.33329933881759644,-0.6862226128578186,0.8470497131347656,-0.3866592347621918,-0.8346199989318848,0.13385239243507385,-0.9393776059150696,1.0120656490325928,-0.011184629052877426,0.020382404327392578,-0.45298078656196594,-0.7716567516326904,-0.01849973015487194,0.44903135299682617
0.21968457102775574,0.6546035408973694,-0.052343934774398804,0.06840648502111435,-0.2753095030784607,0.010901011526584625,-0.1360561102628708,0.25823065638542175,0.27592384815216064,0.1176515594124794,0.2632021903991699,0.20181316137313843,-0.11409392207860947,0.3128892481327057,-0.07815846800804138,-0.20829574763774872,0.651133120059967,-0.6806847453117371,0.1283436119556427,0.09463126957416534,-0.08663801103830338,-0.0065524703823029995,0.047946177423000336,-0.21573880314826965,-0.5729466676712036,-0.16063711047172546,-0.3202834129333496,-0.23744413256645203,0.06925614923238754,0.5524768233299255
0.119008868932724,0.886224627494812,0.05809241533279419,0.2223670929670334,-0.4630097448825836,0.031170494854450226,-0.46876460313796997,0.06447554379701614,0.5749309062957764,0.17160826921463013,0.339844286441803,-0.209156334400177,0.3831632435321808,0.9160416126251221,0.0603206604719162,-0.6847789287567139,0.5513623952865601,-0.7274388074874878,0.3134728968143463,-0.3080134987831116,-0.25554803013801575,-0.15524081885814667,-0.3203234076499939,0.11276786029338837,-0.29688361287117004,0.006121911108493805,-0.329630583524704,-0.26763424277305603,-0.3787546157836914,0.6326944231987
0.2170516550540924,1.1120728254318237,-0.041170231997966766,0.33101847767829895,-0.629962146282196,0.021850399672985077,-0.5346548557281494,0.4231410622596741,0.8459206819534302,0.43172964453697205,0.5460006594657898,-0.33495068550109863,0.41042986512184143,0.9839619398117065,-0.05548661947250366,-0.6678069829940796,0.6924284100532532,-1.0414732694625854,0.42712169885635376,-0.44485315680503845,-0.3447667360305786,-0.27861544489860535,-0.40636616945266724,0.12959997355937958,-0.7966390252113342,-0.08547213673591614,-0.4464455246925354,-0.21891850233078003,-0.43300193548202515,0.9110676646232605
0.1708257496356964,0.38519030809402466,-0.3018055856227875,0.13204561173915863,-0.06717505306005478,-0.3097379207611084,0.23331010341644287,0.18447428941726685,0.5672760009765625,0.29933056235313416,0.43888920545578003,0.1957058161497116,-0.09072215855121613,0.13974125683307648,-0.09404677897691727,-0.21539130806922913,0.4838257133960724,-0.4904231131076813,-0.06358189880847931,-0.5329763293266296,0.03520499914884567,-0.09739544987678528,-0.02037278190255165,-0.3502894937992096,-0.8811212182044983,-0.1367674171924591,-0.04131151735782623,0.3929971158504486,-0.27672287821769714,0.615985095500946
0.1416415572166443,0.7225636839866638,-0.07499459385871887,0.11176714301109314,-0.3874458968639374,0.05667785555124283,-0.02023335173726082,0.5107572674751282,0.45163947343826294,0.250933974981308,0.27663862705230713,0.06840100139379501,-0.07679157704114914,0.35223889350891113,-0.1756891906261444,-0.16294798254966736,0.8213410377502441,-0.7987498044967651,0.18446624279022217,-0.053358059376478195,-0.3019365072250366,-0.047189079225063324,0.10774916410446167,-0.2201523333787918,-0.9229809641838074,-0.1514303982257843,-0.41150131821632385,-0.1590074747800827,-0.08640715479850769,0.686299204826355
0.3183661699295044,0.6804240942001343,-0.22982923686504364,0.12003135681152344,-0.23526908457279205,-0.03261961042881012,-0.03669871389865875,0.2553579807281494,0.32499435544013977,0.28635942935943604,0.3345149755477905,0.1570897102355957,-0.15900102257728577,0.28466561436653137,-0.04807109385728836,-0.1309245228767395,0.5982999205589294,-0.6605324745178223,0.08550433069467545,-0.13861876726150513,-0.07418610900640488,-0.12350790202617645,0.0075907036662101746,-0.31294161081314087,-0.7514680624008179,-0.057182297110557556,-0.25478896498680115,-0.061535049229860306,-0.09923197329044342,0.6301109790802002
0.005936970002949238,0.21381688117980957,0.09805212914943695,0.03032245859503746,-0.1047893613576889,-0.04889536648988724,-0.1450427770614624,0.08928432315587997,0.15965935587882996,-0.039042383432388306,0.13426293432712555,-0.01703534834086895,0.08737808465957642,0.031087065115571022,-0.20340415835380554,-0.16052886843681335,0.21945686638355255,-0.2534119188785553,-0.02203349396586418,0.10874003171920776,0.0343952402472496,0.012614533305168152,0.030089952051639557,0.02210920862853527,-0.09962433576583862,-0.07740849256515503,-0.1243806779384613,-0.20857566595077515,0.05421110987663269,0.31657731533050537
0.019495971500873566,0.5569810271263123,-0.1296650618314743,0.27425676584243774,-0.4257267117500305,0.01202625036239624,-0.19786009192466736,0.10027904063463211,0.24583116173744202,-0.07310429215431213,0.2666637897491455,-0.18144047260284424,0.22495855391025543,0.6263386607170105,0.11660792678594589,-0.31630221009254456,0.3303983211517334,-0.5741235017776489,0.272177129983902,-0.13977143168449402,-0.19268684089183807,-0.24970704317092896,-0.27297306060791016,0.08167223632335663,-0.2108025699853897,-0.033904824405908585,-0.06814701855182648,-0.0949893593788147,-0.12286608666181564,0.34907791018486023
0.1836216151714325,0.9377009868621826,-0.3182383179664612,0.29769396781921387,-0.5849089026451111,-0.05762616544961929,-0.15210533142089844,0.11910106986761093,0.28833070397377014,-0.122897669672966,0.554894745349884,-0.054351985454559326,0.6234263777732849,0.42771783471107483,0.06316643208265305,-0.9256818294525146,0.00543937087059021,-0.9135940074920654,0.5433076024055481,-0.15929929912090302,-0.264018714427948,-0.5480648279190063,-0.7471523284912109,0.19161973893642426,-0.4363574981689453,-0.03287409245967865,-0.28185874223709106,-0.3942027688026428,0.35890549421310425,0.1307447999715805
-0.08450610190629959,1.1434378623962402,0.21821513772010803,0.24275881052017212,-0.7590041160583496,0.06150156259536743,-0.474461168050766,-0.12797018885612488,0.5871568918228149,-0.29721730947494507,0.5248177647590637,-0.3748714029788971,0.9815461039543152,1.0942836999893188,0.010748937726020813,-1.4163521528244019,0.062372010201215744,-0.6999752521514893,0.6193837523460388,-0.317186564207077,-0.34573471546173096,-0.28826335072517395,-0.8202930092811584,0.5315083861351013,0.07380978763103485,0.031244728714227676,-0.26945608854293823,-0.5227880477905273,-0.01399151235818863,0.23727628588676453
0.09143860638141632,0.003921918570995331,0.16769877076148987,0.05680663138628006,0.06634971499443054,-0.07344254851341248,-0.34479546546936035,-0.11155085265636444,-0.05536168813705444,-0.07764753699302673,0.06740713119506836,-0.004520210903137922,-0.029714109376072884,0.14107848703861237,-0.04236402362585068,0.07355235517024994,0.1185375452041626,-0.07614640891551971,-0.08706039190292358,0.24260523915290833,0.1494472622871399,0.08768657594919205,0.05622589588165283,0.01992771215736866,0.2992241084575653,-0.10829880833625793,0.02910451963543892,-0.14665143191814423,0.0029408521950244904,0.22527873516082764
0.12112722545862198,-0.008135981857776642,0.15705636143684387,0.07414598762989044,0.0802498459815979,-0.07424778491258621,-0.34794244170188904,-0.10584475100040436,-0.06397518515586853,-0.032764676958322525,0.08896812051534653,-0.030048616230487823,-0.050778500735759735,0.1291777491569519,-0.053873367607593536,0.11106765270233154,0.09646882116794586,-0.06355724483728409,-0.10752715915441513,0.2066492736339569,0.16187408566474915,0.08462944626808167,0.06432321667671204,0.01546354778110981,0.2946070730686188,-0.09698177874088287,0.03852887079119682,-0.11546730995178223,-0.02508418820798397,0.24561141431331635
0.09315114468336105,-0.03407628834247589,0.2050234079360962,0.05355063080787659,0.10145623236894608,-0.09564270079135895,-0.33707329630851746,-0.08506009727716446,-0.0383739173412323,-0.04261753335595131,0.06507492065429688,-0.042751166969537735,-0.038285091519355774,0.07917935401201248,-0.12875032424926758,0.10253480076789856,0.11556166410446167,-0.02778804674744606,-0.11238954216241837,0.21001054346561432,0.15808852016925812,0.1295337826013565,0.08293288946151733,0.056579530239105225,0.30429205298423767,-0.10020744800567627,0.03524802252650261,-0.1095394492149353,-0.011333512142300606,0.2586130201816559
0.05159318447113037,0.5896496176719666,0.03678162768483162,0.029212430119514465,-0.3234059512615204,-0.08429285138845444,-0.28676196932792664,0.2097015380859375,0.22778812050819397,-0.17185932397842407,0.13675351440906525,0.04254387319087982,0.4252835512161255,-0.053434085100889206,-0.39943236112594604,-0.6857038736343384,0.1478244811296463,-0.5533714294433594,0.3521943986415863,0.2312713861465454,-0.22866809368133545,-0.13035956025123596,-0.3942091464996338,0.3133538067340851,-0.2135033756494522,-0.12675151228904724,-0.5073463916778564,-0.5421168804168701,0.3013038635253906,0.21649813652038574
-0.007441924884915352,0.5959892868995667,0.07557550072669983,0.018895886838436127,-0.27177894115448,-0.07814563065767288,-0.1564338207244873,0.2706155776977539,0.27507489919662476,-0.17139700055122375,0.09128838032484055,0.045660197734832764,0.3261442184448242,0.13844294846057892,-0.20642635226249695,-0.556617021560669,0.3439144194126129,-0.5770410895347595,0.2990117371082306,0.16279475390911102,-0.3630673587322235,0.03516367822885513,-0.2919788360595703,0.15809406340122223,-0.3668323755264282,-0.17776371538639069,-0.3934668302536011,-0.41075870394706726,0.20444174110889435,0.24111676216125488
0.06375619024038315,0.7485867142677307,0.09322164952754974,0.2713280916213989,-0.384315550327301,0.08430977165699005,-0.536249041557312,0.2625540494918823,0.05716118961572647,-0.08013363182544708,0.30487850308418274,-0.16491466760635376,0.4044341444969177,0.48280632495880127,-0.02950958162546158,-0.5418561697006226,0.2416657954454422,-0.7871787548065186,0.49672359228134155,0.23505567014217377,-0.42392051219940186,-0.1493888944387436,-0.47512108087539673,0.34868353605270386,-0.11486835777759552,-0.056678690016269684,-0.3910045623779297,-0.6210130453109741,0.0844157412648201,0.201128751039505
-0.0026906225830316544,-0.06775886565446854,0.220059335231781,0.00046040676534175873,0.10742587596178055,0.006258480250835419,-0.31908947229385376,0.007442571222782135,-0.12562057375907898,0.011427696794271469,0.086332306265831,-0.08548597246408463,-0.034144267439842224,0.06127965450286865,-0.07072556763887405,0.09629102051258087,0.05737922713160515,-0.06187088042497635,0.03762773796916008,0.32899659872055054,0.0923890545964241,0.08334209024906158,0.06562869250774384,0.13796108961105347,0.2892155647277832,-0.06519582867622375,-0.05937576666474342,-0.16825498640537262,0.040628500282764435,0.17038533091545105
-0.2666997015476227,0.8179035782814026,0.39743146300315857,0.10689603537321091,-0.5474603176116943,-0.026885390281677246,-0.23187938332557678,0.16685953736305237,0.5102519989013672,-0.40916237235069275,0.036076441407203674,-0.3649968206882477,0.9082094430923462,0.6606897711753845,-0.32998761534690857,-1.1366095542907715,0.2782406508922577,-0.4896220564842224,0.5298683047294617,-0.09634721279144287,-0.683128297328949,0.10571299493312836,-0.6376132965087891,0.6787204146385193,0.006054352968931198,-0.024271463975310326,-0.35540542006492615,-0.4817599952220917,-0.0026546772569417953,0.1842445582151413
0.05681046098470688,-0.07828625291585922,0.23873038589954376,0.019081467762589455,0.140211820602417,-0.09861786663532257,-0.306876003742218,-0.07472854852676392,-0.03768182545900345,-0.03418422117829323,0.06910280883312225,-0.023943012580275536,-0.04821295291185379,0.10287144780158997,-0.1266685426235199,0.10546846687793732,0.1428510844707489,-0.023669879883527756,-0.09361087530851364,0.24917232990264893,0.13964469730854034,0.16875113546848297,0.11115162074565887,0.06343819200992584,0.3269408643245697,-0.10615125298500061,0.057783182710409164,-0.08145333081483841,-0.0027943775057792664,0.2510106861591339
0.14082887768745422,1.1790763139724731,0.07300332933664322,0.3302857577800751,-0.6396143436431885,0.13329246640205383,-0.6733899116516113,0.12183704227209091,0.5616416931152344,0.02284470945596695,0.4236091375350952,-0.4277251362800598,0.7775987386703491,1.196324110031128,0.154531329870224,-0.9707183837890625,0.30386126041412354,-0.8582070469856262,0.5519607067108154,-0.2735612690448761,-0.3410802483558655,-0.289997398853302,-0.7638160586357117,0.37370967864990234,-0.16344673931598663,0.16665048897266388,-0.29286155104637146,-0.5231706500053406,-0.2009648233652115,0.5324971079826355
0.08308908343315125,-0.006139107048511505,0.14267224073410034,0.005322935059666634,0.18713033199310303,-0.13864001631736755,-0.21889470517635345,-0.09673766791820526,-0.016350876539945602,0.017137307673692703,0.05499202385544777,-0.024303004145622253,-0.01888902299106121,0.02360733412206173,-0.06572914123535156,0.045921772718429565,0.0768824964761734,-0.019094053655862808,-0.08079684525728226,0.18517570197582245,0.10430897772312164,0.09804454445838928,0.029974617063999176,0.021965621039271355,0.22537164390087128,-0.04365808516740799,0.0755293071269989,-0.06923630833625793,-0.07260437309741974,0.20275835692882538
0.04481112211942673,-0.09878670424222946,0.2647206783294678,0.010061660781502724,0.14327973127365112,-0.10527828335762024,-0.30160537362098694,-0.06128803268074989,-0.019080787897109985,-0.029182258993387222,0.039897121489048004,-0.04611542075872421,-0.044853173196315765,0.05487458035349846,-0.18861138820648193,0.11606545746326447,0.15184496343135834,0.012536652386188507,-0.10613950341939926,0.23384436964988708,0.14524778723716736,0.19367943704128265,0.13022291660308838,0.09242409467697144,0.3227274417877197,-0.09720674157142639,0.044540662318468094,-0.07055490463972092,-0.00881904549896717,0.26802119612693787
0.16828402876853943,0.9076105952262878,0.027200352400541306,0.2846675515174866,-0.5095620155334473,0.0560852512717247,-0.4340583384037018,0.25887706875801086,0.4797673523426056,0.09830843657255173,0.3913383483886719,-0.28542619943618774,0.47176268696784973,0.9260067343711853,0.0368390791118145,-0.6518112421035767,0.45915839076042175,-0.8055792450904846,0.4368274211883545,-0.18666118383407593,-0.3190864622592926,-0.2013072371482849,-0.5090733170509338,0.23552441596984863,-0.29560473561286926,-0.005364362150430679,-0.23435279726982117,-0.2812561094760895,-0.12896090745925903,0.5715190172195435
0.07853849977254868,0.7081350088119507,-0.033385757356882095,0.13604998588562012,-0.4211295247077942,0.05418042093515396,-0.5214672684669495,0.10641605406999588,-0.010716907680034637,-0.20280522108078003,0.2847214341163635,-0.13827358186244965,0.6026754379272461,0.4871675372123718,-0.03567488491535187,-0.7370237112045288,-0.08639940619468689,-0.7347412109375,0.6209914684295654,0.2883457839488983,-0.2868407070636749,-0.3737989664077759,-0.6290305852890015,0.43049097061157227,0.1411907821893692,0.09230971336364746,-0.3127366006374359,-0.6825097799301147,0.29567769169807434,-0.023846622556447983
0.046752288937568665,-0.07909794896841049,0.24316342175006866,0.04020722582936287,0.1197679340839386,-0.06073279678821564,-0.3087783455848694,-0.04008493572473526,-0.06336845457553864,-0.0317106768488884,0.08823949098587036,-0.04444391280412674,-0.06569097191095352,0.10024301707744598,-0.11561786383390427,0.13837850093841553,0.12782709300518036,-0.0288681760430336,-0.059906840324401855,0.2651059925556183,0.14843831956386566,0.16023723781108856,0.11582133173942566,0.0821114182472229,0.3110329210758209,-0.09964919090270996,0.03279857710003853,-0.10079053044319153,0.02819935604929924,0.24726775288581848
0.12103389948606491,-0.05763386934995651,0.18946290016174316,0.06417569518089294,0.10488138347864151,-0.04825761169195175,-0.28561240434646606,-0.036616161465644836,-0.06509964913129807,0.040972836315631866,0.08779479563236237,-0.09120310097932816,-0.0889095738530159,0.11160275340080261,-0.1231125071644783,0.20611020922660828,0.11569191515445709,-0.017579834908246994,-0.08672243356704712,0.1954612135887146,0.1315501183271408,0.13067908585071564,0.10282811522483826,0.055599164217710495,0.284214586019516,-0.05279399827122688,0.06860844790935516,-0.05018109455704689,-0.03051755018532276,0.2916903495788574
0.0940028503537178,-0.007817409932613373,0.15352435410022736,0.0418463759124279,0.12251613289117813,-0.0639941394329071,-0.249171644449234,-0.058416008949279785,-0.0487591028213501,0.02656496688723564,0.06107230484485626,-0.07403483986854553,-0.03856582194566727,0.04828653857111931,-0.07489509135484695,0.10017818212509155,0.06701260805130005,-0.01587267592549324,-0.05824628472328186,0.19821876287460327,0.1206836849451065,0.08187384158372879,0.04712486267089844,0.05477838218212128,0.23458454012870789,-0.03857209160923958,0.0345747284591198,-0.09382667392492294,-0.03653649985790253,0.21994313597679138
0.14926046133041382,0.7586783170700073,-0.07605911791324615,0.1448388546705246,-0.39732369780540466,0.022004082798957825,-0.4211537539958954,0.060629911720752716,0.0910738855600357,-0.16836142539978027,0.27611052989959717,-0.13506543636322021,0.4851391613483429,0.6637565493583679,0.10733788460493088,-0.6611306667327881,0.0713452398777008,-0.6922202706336975,0.4844565987586975,0.10725265741348267,-0.2553558349609375,-0.3281451165676117,-0.5746166706085205,0.2352009266614914,0.060333557426929474,0.05799638107419014,-0.18207776546478271,-0.47658249735832214,0.12252708524465561,0.12018648535013199
-0.15947091579437256,1.015081763267517,0.20625431835651398,0.26384860277175903,-0.6357329487800598,0.01223824918270111,-0.4049031734466553,0.3153281807899475,0.2605702579021454,-0.44799044728279114,0.38955801725387573,-0.31228455901145935,1.0242615938186646,0.7199386358261108,-0.23370182514190674,-1.2859288454055786,-0.019875144585967064,-0.8668661117553711,0.8671125769615173,0.1213955283164978,-0.6535931825637817,-0.23453372716903687,-0.9602439999580383,0.7771102786064148,0.024222850799560547,0.005600854754447937,-0.32645684480667114,-0.7198911905288696,0.3022829592227936,-0.0744147002696991
0.0014262348413467407,1.2314945459365845,-0.03414994850754738,0.3812631070613861,-0.8083264827728271,0.01354324072599411,-0.2812038064002991,0.0769800916314125,0.7222720384597778,-0.11498292535543442,0.6900267004966736,-0.3424590229988098,0.8836024403572083,1.16891610622406,0.092643603682518,-1.3374847173690796,0.24869056046009064,-0.9042053818702698,0.6713046431541443,-0.4898604154586792,-0.3396170735359192,-0.4971697926521301,-0.8841802477836609,0.36910733580589294,-0.2816566228866577,0.01113995909690857,-0.20808041095733643,-0.272701233625412,-0.04738442599773407,0.39099007844924927
0.2466273307800293,0.813687264919281,-0.14709733426570892,0.20741574466228485,-0.45467838644981384,0.009808875620365143,-0.32406869530677795,0.09211451560258865,0.29414448142051697,0.01798202097415924,0.3817676901817322,-0.10139384120702744,0.33787819743156433,0.8363912105560303,0.16215553879737854,-0.6095600128173828,0.3011656701564789,-0.7641772031784058,0.49062618613243103,-0.04769609495997429,-0.2072085440158844,-0.3551708459854126,-0.49505794048309326,0.0959179550409317,-0.14690306782722473,-0.05814369022846222,-0.161093071103096,-0.21741200983524323,0.034166254103183746,0.34481245279312134
-0.15570467710494995,0.5704254508018494,0.174052894115448,0.19209535419940948,-0.2825360894203186,-0.13891607522964478,-0.21967267990112305,0.19995328783988953,0.20546703040599823,-0.3444696366786957,0.18999403715133667,-0.33435070514678955,0.83443683385849,0.17051473259925842,-0.39059561491012573,-0.9347623586654663,-0.13199399411678314,-0.4241522550582886,0.43450433015823364,-0.0879262238740921,-0.41657882928848267,-0.11242879927158356,-0.7078987956047058,0.6731752157211304,0.09267916530370712,0.07747116684913635,-0.2142149806022644,-0.47324511408805847,0.09709354490041733,0.0032362216152250767
0.03534793481230736,0.11569015681743622,-0.045935794711112976,0.026286715641617775,0.01954815536737442,-0.12547667324543,-0.32035112380981445,0.0635453388094902,-0.1739863008260727,-0.01818186230957508,0.10796314477920532,-0.14507608115673065,0.03555577993392944,-0.25641438364982605,-0.363121896982193,0.1073722243309021,-0.15122468769550323,-0.05191570147871971,0.08553850650787354,0.1424204260110855,0.021078480407595634,-0.1880813091993332,-0.11265033483505249,0.2689444422721863,0.22886380553245544,0.022650081664323807,-0.05050371214747429,-0.20387955009937286,0.08252371102571487,0.12432913482189178
0.13591398298740387,0.31684356927871704,-0.13578879833221436,0.07615552842617035,-0.2555224597454071,-0.16925840079784393,-0.26790550351142883,0.39704298973083496,-0.0026078540831804276,-0.09060139209032059,0.23042219877243042,-0.19079092144966125,0.279712975025177,-0.22189657390117645,-0.5768949389457703,-0.19302181899547577,-0.05850263684988022,-0.517585277557373,0.3277069330215454,0.10261482000350952,-0.2487761527299881,-0.25272104144096375,-0.3931262493133545,0.41133564710617065,-0.10664503276348114,-0.08471466600894928,-0.24507564306259155,-0.28164249658584595,0.25451943278312683,0.26501768827438354
0.09380659461021423,0.29515373706817627,-0.2384462058544159,0.10508666187524796,-0.2382952868938446,-0.1721167415380478,-0.30290621519088745,0.2521873414516449,-0.0946267619729042,-0.016766643151640892,0.3050861954689026,-0.22411878407001495,0.27077117562294006,-0.32248958945274353,-0.5335499048233032,-0.21650461852550507,-0.22685061395168304,-0.46203991770744324,0.3544175922870636,0.07843208312988281,-0.17509029805660248,-0.4137997329235077,-0.4118245244026184,0.47935017943382263,0.015076819807291031,0.019210796803236008,-0.2451941817998886,-0.3005079925060272,0.17736901342868805,0.1520945280790329
0.10185287892818451,0.7013614177703857,-0.1498095840215683,0.29620811343193054,-0.5498748421669006,-0.18423165380954742,-0.35134729743003845,0.5920578241348267,0.13166585564613342,-0.33986181020736694,0.40194910764694214,-0.20020049810409546,0.8288885951042175,-0.08500279486179352,-0.6597632765769958,-0.8936218023300171,-0.09998182207345963,-1.0312440395355225,0.7573803663253784,0.17232777178287506,-0.5460354089736938,-0.36461141705513,-0.9410876631736755,0.7853176593780518,-0.318738728761673,-0.11163653433322906,-0.5252379179000854,-0.6546128988265991,0.5662133693695068,0.15246357023715973
0.062424272298812866,-0.09906309098005295,-0.22703558206558228,-0.06163356453180313,0.021254312247037888,-0.1432274878025055,-0.20169909298419952,0.028179779648780823,-0.22849701344966888,0.24419954419136047,0.24166347086429596,-0.17166680097579956,-0.30776265263557434,-0.2758783996105194,-0.33557847142219543,0.6158128976821899,-0.1824660301208496,0.030618347227573395,-0.05263170599937439,-0.09036563336849213,0.1797005534172058,-0.3087082803249359,0.13267822563648224,0.1076689213514328,0.1597571223974228,0.10296869277954102,0.20554687082767487,0.17620980739593506,-0.2669292986392975,0.3162531852722168
0.0738288164138794,0.07559603452682495,0.08458320051431656,0.12332317978143692,0.08944931626319885,-0.10636014491319656,-0.4078163206577301,-0.13387614488601685,-0.14849838614463806,-0.226252943277359,0.04990500211715698,-0.15105144679546356,0.15449687838554382,-0.01861979439854622,-0.05698049068450928,0.015270106494426727,-0.24197843670845032,0.09152158349752426,-0.17632338404655457,0.1414424180984497,0.16027912497520447,0.0020817036274820566,-0.16489607095718384,0.06504771113395691,0.3758489787578583,0.0042138174176216125,0.0372970886528492,-0.30446454882621765,0.16372200846672058,-0.0042082262225449085
0.10340510308742523,0.1968214362859726,-0.0657898411154747,0.11636438220739365,-0.08900994807481766,-0.13438910245895386,-0.18024839460849762,0.21192258596420288,-0.003410886973142624,-0.09851682186126709,0.18980136513710022,-0.09516426175832748,0.12415089458227158,0.04915553331375122,-0.15668854117393494,-0.041330382227897644,0.03635121509432793,-0.3733815848827362,0.1170523464679718,0.04888054355978966,-0.12974949181079865,-0.12285000830888748,-0.21046964824199677,0.09334740042686462,-0.06690046191215515,-0.14137910306453705,-0.033876776695251465,-0.1218908429145813,0.055755920708179474,0.22440029680728912
-0.011328041553497314,0.5853214263916016,-0.13730233907699585,0.27934640645980835,-0.3294515311717987,-0.20978814363479614,-0.1881578266620636,0.4188762307167053,0.08644700795412064,-0.2917605936527252,0.39229118824005127,-0.21448861062526703,0.7214574217796326,-0.10904717445373535,-0.38110366463661194,-0.8382275104522705,-0.19381730258464813,-0.7768121957778931,0.5211207866668701,0.011361349374055862,-0.3998314142227173,-0.35099130868911743,-0.8125911355018616,0.5774498581886292,-0.2553923428058624,-0.04426520690321922,-0.3163234293460846,-0.49029186367988586,0.2950347065925598,0.0011903978884220123
0.060559727251529694,0.19137632846832275,-0.11347457021474838,0.12151046097278595,-0.03900226950645447,-0.1335429847240448,-0.21099059283733368,0.14102023839950562,-0.07910124212503433,0.01924082264304161,0.19631248712539673,-0.18246905505657196,0.13976387679576874,-0.17582890391349792,-0.24923112988471985,-0.12071241438388824,-0.1273266077041626,-0.2821778655052185,0.1492438018321991,0.019247785210609436,-0.07261200994253159,-0.20062698423862457,-0.2364489883184433,0.23976072669029236,0.02841750532388687,0.021395426243543625,-0.13327260315418243,-0.16854211688041687,-0.0232482198625803,0.10821639746427536
0.12523095309734344,0.32930028438568115,-0.235844686627388,0.1595393419265747,-0.2706223130226135,-0.24856311082839966,-0.17697913944721222,0.47543901205062866,0.06503437459468842,-0.04293321073055267,0.41070330142974854,-0.29298534989356995,0.3624950051307678,-0.12895332276821136,-0.40136101841926575,-0.32260891795158386,-0.1215628981590271,-0.7015406489372253,0.30947256088256836,-0.10940447449684143,-0.2628648579120636,-0.32600483298301697,-0.5363054871559143,0.39147627353668213,-0.2749350666999817,-0.08766360580921173,-0.15744929015636444,-0.13892939686775208,0.05483917146921158,0.25542542338371277
0.12242083251476288,0.24026542901992798,-0.04802735894918442,0.13399143517017365,-0.1535111516714096,-0.1665588915348053,-0.28288203477859497,0.13974586129188538,-4.383362829685211e-05,-0.3031257688999176,0.17791619896888733,-0.14050427079200745,0.34161192178726196,0.02019212767481804,-0.19328400492668152,-0.24036341905593872,-0.17458981275558472,-0.32934093475341797,0.024129178375005722,0.06086604297161102,-0.07324861735105515,-0.10545163601636887,-0.41578972339630127,0.11890149116516113,0.05885815992951393,-0.12435327470302582,-0.051695581525564194,-0.2880450189113617,0.2705807387828827,0.08903080224990845
0.23658809065818787,0.4704636335372925,-0.24950209259986877,0.20499029755592346,-0.4640103280544281,-0.21797865629196167,-0.29286301136016846,0.36395466327667236,0.12333984673023224,-0.3174014389514923,0.34367793798446655,-0.18145935237407684,0.5241044163703918,0.015328098088502884,-0.3331569731235504,-0.4954531490802765,-0.168243870139122,-0.7474396824836731,0.23695707321166992,-0.01301727443933487,-0.23202908039093018,-0.3033640384674072,-0.7181151509284973,0.2668476104736328,-0.24181793630123138,-0.21578137576580048,-0.22729751467704773,-0.32297247648239136,0.3697766363620758,0.1946955770254135
0.34397390484809875,0.25780734419822693,-0.33217325806617737,0.11743566393852234,-0.439464271068573,-0.2263994663953781,-0.2798137664794922,0.4164401888847351,0.14814583957195282,-0.019426807761192322,0.38458681106567383,-0.2374034970998764,0.07483871281147003,0.07085030525922775,-0.33508992195129395,0.12700730562210083,0.02158522978425026,-0.6812304258346558,0.061411015689373016,-0.10141515731811523,-0.07326508313417435,-0.3088327646255493,-0.34315550327301025,0.02349182590842247,-0.30976051092147827,-0.23260624706745148,-0.01427997462451458,0.024947915226221085,0.06791830062866211,0.5297307968139648
0.2106289565563202,0.18274138867855072,-0.12573032081127167,0.1845606416463852,-0.11621230840682983,-0.1092313900589943,-0.2601437568664551,-0.10206146538257599,0.030592292547225952,-0.08649205416440964,0.32666146755218506,-0.019930396229028702,0.12211604416370392,0.14014939963817596,-0.04645422101020813,-0.17185741662979126,-0.11991040408611298,-0.2799108922481537,-0.10626991838216782,-0.027839284390211105,0.14640778303146362,-0.12430088222026825,-0.15301795303821564,-0.11716599762439728,0.08794085681438446,-0.06958121806383133,-0.06254823505878448,-0.14377360045909882,0.15764449536800385,0.16814318299293518
0.35616758465766907,0.29824110865592957,-0.09868334233760834,0.263445645570755,-0.3387075960636139,-0.15009154379367828,-0.21376879513263702,0.09183577448129654,0.2490641474723816,0.11768043786287308,0.5843541622161865,-0.19396381080150604,0.1317104548215866,0.17394079267978668,-0.3734855651855469,-0.20180243253707886,0.04093097522854805,-0.39453017711639404,-0.32885363698005676,-0.2680670917034149,0.20482781529426575,-0.0400366485118866,-0.17180955410003662,-0.06797158718109131,-0.027132641524076462,-0.07673925161361694,-0.04484903812408447,-0.003175310790538788,0.2693771719932556,0.5177133679389954
0.15769460797309875,0.25327232480049133,-0.07611039280891418,0.13841579854488373,-0.2260555624961853,-0.17077520489692688,-0.12220539897680283,-0.10489470511674881,0.2656415104866028,-0.1351565420627594,0.3512417674064636,0.007627105340361595,0.16739696264266968,0.25801029801368713,-0.13934355974197388,-0.35354694724082947,0.06287205219268799,-0.3316810131072998,-0.11977847665548325,-0.15411213040351868,0.11319532245397568,-0.04596061259508133,-0.1195453405380249,-0.14003463089466095,-0.0032483451068401337,-0.14024411141872406,-0.027097482234239578,-0.03519805520772934,0.11134990304708481,0.2790890336036682
0.2534955143928528,0.1082804799079895,-0.07792045921087265,0.2646961510181427,-0.21604950726032257,-0.11963047832250595,-0.5226340293884277,-0.27620092034339905,-0.014829031191766262,-0.2111593782901764,0.44409793615341187,-0.11218298226594925,0.1805535852909088,0.38676828145980835,0.051471564918756485,-0.11625562608242035,-0.189666748046875,-0.30242910981178284,-0.2985025644302368,-0.10435819625854492,0.30126336216926575,-0.16893891990184784,-0.16006334125995636,-0.15031877160072327,0.38051581382751465,-0.08868904411792755,0.097378209233284,-0.21507029235363007,0.0956924557685852,0.22624053061008453
0.3613557815551758,0.14080186188220978,-0.16031435132026672,0.2851155400276184,-0.154070183634758,-0.15127360820770264,-0.4310009181499481,-0.22295689582824707,-0.005109075456857681,-0.03896979242563248,0.47964560985565186,-0.1259581595659256,0.0929122120141983,0.3509000241756439,0.06524410098791122,-0.014152765274047852,-0.1510840207338333,-0.3187437057495117,-0.31882205605506897,-0.19620566070079803,0.26202523708343506,-0.18894930183887482,-0.1854735016822815,-0.20990470051765442,0.27387580275535583,-0.04512438923120499,0.15183958411216736,-0.09789986908435822,-0.007523808628320694,0.31259191036224365
0.2986951470375061,0.1555415689945221,-0.16322876513004303,0.2098674327135086,-0.0680077001452446,-0.2459152340888977,-0.3647516369819641,-0.1928335279226303,-0.00314171239733696,-0.07971912622451782,0.45327258110046387,-0.11124417185783386,0.15319444239139557,0.1805148869752884,0.02213861234486103,-0.10128401219844818,-0.24550369381904602,-0.30476468801498413,-0.29712945222854614,-0.24193494021892548,0.209006205201149,-0.17387846112251282,-0.2483743280172348,-0.1697348952293396,0.20418551564216614,-0.052523158490657806,0.14130347967147827,-0.11163127422332764,-0.020306838676333427,0.2259129136800766
0.14044685661792755,0.3139641284942627,0.0029683792963624,0.1880255490541458,-0.2567489445209503,-0.038924217224121094,-0.34148791432380676,0.2489873170852661,-0.025827918201684952,-0.08285407721996307,0.20098552107810974,-0.1436631828546524,0.10631846636533737,0.19071529805660248,-0.22418871521949768,-0.022204071283340454,0.18373629450798035,-0.4810045659542084,0.26506370306015015,0.19372501969337463,-0.2213144600391388,-0.12104611843824387,-0.21966849267482758,0.2413119226694107,0.002424035221338272,-0.18093045055866241,-0.13460536301136017,-0.22650013864040375,0.12280094623565674,0.31643787026405334
0.23226463794708252,0.4948487877845764,-0.0031611137092113495,0.3179927170276642,-0.25497710704803467,-0.006365876644849777,-0.2849893867969513,0.270322322845459,0.02581552043557167,-0.09833430498838425,0.25607678294181824,-0.04827320575714111,0.004663559608161449,0.4899729788303375,0.08862177282571793,0.02501186728477478,0.37938106060028076,-0.5897374153137207,0.18517842888832092,0.06527362018823624,-0.2807535231113434,-0.011701914481818676,-0.18618342280387878,-0.04856068640947342,-0.2751651704311371,-0.31800878047943115,-0.12455478310585022,-0.14871841669082642,0.12606316804885864,0.38527849316596985
0.11292384564876556,0.10264955461025238,0.14473956823349,0.10891834646463394,0.07579287141561508,-0.08637901395559311,-0.5015779137611389,-0.16184107959270477,-0.15121100842952728,-0.14521817862987518,0.024659592658281326,-0.04257410392165184,0.026644837111234665,0.047417495399713516,-0.14971095323562622,0.10819162428379059,-0.024849185720086098,0.05649293214082718,-0.07259394228458405,0.24939508736133575,0.133447527885437,0.012233668938279152,-0.03396794572472572,0.1171991229057312,0.41323116421699524,-0.06545259058475494,-0.0044227056205272675,-0.28217265009880066,0.13011868298053741,0.15424101054668427
-0.0895451009273529,0.4903099834918976,0.19317345321178436,0.17374153435230255,-0.06765083223581314,-0.15611854195594788,-0.22789877653121948,0.20760846138000488,0.022547103464603424,-0.443431556224823,0.10420185327529907,-0.02451014146208763,0.48505398631095886,-0.07176782190799713,-0.2929120361804962,-0.7205548286437988,-0.020916752517223358,-0.3785185217857361,0.39187565445899963,0.29502713680267334,-0.2744908928871155,-0.0023571576457470655,-0.4366874694824219,0.39617785811424255,0.06628940999507904,-0.1708354353904724,-0.33766865730285645,-0.5913228988647461,0.4270673096179962,-0.140955850481987
0.12170188128948212,0.21430343389511108,0.00922983605414629,0.17994123697280884,-0.002732309512794018,-0.145369291305542,-0.2680007219314575,0.0036211013793945312,-0.008542252704501152,-0.12015357613563538,0.12118475139141083,-0.026111125946044922,0.13293053209781647,0.08130407333374023,-0.11024545878171921,-0.14619046449661255,0.03544170781970024,-0.2392931580543518,0.08642643690109253,0.07360202074050903,-0.005306664854288101,-0.10206715017557144,-0.16350939869880676,0.09057623147964478,0.1292487382888794,-0.11688470840454102,-0.06972234696149826,-0.17657572031021118,0.028130492195487022,0.16552118957042694
0.29601433873176575,0.6069458723068237,-0.09324357658624649,0.03804592043161392,-0.3330167531967163,0.025384046137332916,-0.3759858012199402,0.18868836760520935,0.07844316214323044,0.09745007008314133,0.21691006422042847,0.06749115884304047,-0.029525281861424446,0.03767843917012215,-0.21592116355895996,-0.07701259106397629,0.2946034073829651,-0.6117722988128662,0.15096600353717804,0.22327430546283722,-0.04713248461484909,-0.1819474846124649,-0.08023419976234436,-0.038243431597948074,-0.3458431363105774,-0.08357997238636017,-0.3540099263191223,-0.4835245907306671,0.14017611742019653,0.47413086891174316
0.22155296802520752,0.5713171362876892,0.05269481986761093,0.0328967310488224,-0.3016759157180786,0.07528066635131836,-0.32794734835624695,0.24104642868041992,0.07707004249095917,0.00035837292671203613,0.14498180150985718,0.0741773247718811,-0.022930191829800606,0.12031017243862152,-0.22711077332496643,-0.08534588664770126,0.4240841865539551,-0.5715341567993164,0.14749884605407715,0.32299041748046875,-0.15185058116912842,-0.02147863619029522,0.02381785213947296,-0.04593309760093689,-0.2795954644680023,-0.13495303690433502,-0.36340585350990295,-0.5099310874938965,0.2209620624780655,0.4353642463684082
0.26779791712760925,0.5792214274406433,-0.07206284999847412,0.06537643820047379,-0.2844630181789398,0.07003527879714966,-0.26306086778640747,0.22619611024856567,0.07198921591043472,0.14691638946533203,0.2177310287952423,0.03414752334356308,-0.041686251759529114,0.05500311404466629,-0.19788244366645813,-0.07119382917881012,0.34794434905052185,-0.5687891840934753,0.12969571352005005,0.20752255618572235,-0.09409934282302856,-0.14313432574272156,-0.020663674920797348,-0.05682847648859024,-0.3593340814113617,-0.03859599307179451,-0.32423335313796997,-0.4194878041744232,0.13022293150424957,0.45338189601898193
0.1406652182340622,0.7527528405189514,-0.0882611870765686,0.08351965248584747,-0.44342315196990967,0.03080877661705017,-0.028642892837524414,0.5385758876800537,0.29362013936042786,0.008142568171024323,0.23215371370315552,0.09154390543699265,0.13497105240821838,-0.10356885194778442,-0.44022050499916077,-0.3620948791503906,0.4764508903026581,-0.8292833566665649,0.39995908737182617,0.20191383361816406,-0.34005865454673767,-0.15856316685676575,-0.08547285199165344,0.04798371344804764,-0.7998442649841309,-0.15923063457012177,-0.579104483127594,-0.5236619114875793,0.3466856777667999,0.4629417657852173
0.0600915364921093,0.12863785028457642,0.138136088848114,0.15595552325248718,-0.011292459443211555,-0.03928593546152115,-0.3775087893009186,-0.018739916384220123,-0.0956987515091896,-0.17568320035934448,0.044358525425195694,-0.047788456082344055,0.0024171974509954453,0.08080756664276123,-0.16368386149406433,0.15850214660167694,0.09954133629798889,-0.06770016252994537,0.004823204129934311,0.246359184384346,0.036608289927244186,0.01546092052012682,0.01704249531030655,0.09422539174556732,0.2611960768699646,-0.10409155488014221,-0.009871011599898338,-0.2629036605358124,0.1146879568696022,0.2230454385280609
0.003176851198077202,0.4110056459903717,0.07598324120044708,0.17380072176456451,-0.13514301180839539,-0.1906091719865799,-0.3620535135269165,0.22319898009300232,-0.005203427746891975,-0.31855615973472595,0.13359662890434265,-0.19538995623588562,0.6004673838615417,-0.29143276810646057,-0.5719034671783447,-0.6986054182052612,-0.22702434659004211,-0.3589106798171997,0.3388719856739044,0.23459352552890778,-0.20694997906684875,-0.16424626111984253,-0.5727718472480774,0.5830408930778503,0.16748204827308655,-0.04411698877811432,-0.3624354898929596,-0.5793306827545166,0.4046621322631836,-0.0703308954834938
0.06464321911334991,0.25454050302505493,-0.021711330860853195,0.17522203922271729,-0.09678977727890015,-0.17956951260566711,-0.14754757285118103,0.342872679233551,0.08825806528329849,-0.003650832921266556,0.16776332259178162,-0.30742695927619934,0.3117038905620575,-0.33980101346969604,-0.5166988968849182,-0.2245454639196396,-0.07375438511371613,-0.3042774200439453,0.12788473069667816,-0.05148392543196678,-0.17666883766651154,-0.14788837730884552,-0.3530953526496887,0.37007513642311096,-0.1916235238313675,-0.029831647872924805,-0.16481687128543854,-0.1866225153207779,0.032051585614681244,0.2575690448284149
-0.034600675106048584,0.41863036155700684,0.2648914158344269,0.13195990025997162,-0.0022334419190883636,-0.10331682860851288,-0.47654131054878235,0.07395670562982559,-0.04553142935037613,-0.3937271237373352,0.02360481023788452,-0.0009469436481595039,0.35056886076927185,-0.14255833625793457,-0.4012882113456726,-0.4680494964122772,0.009316541254520416,-0.14635831117630005,0.2900436222553253,0.4824785888195038,-0.14031198620796204,0.0317511111497879,-0.2636427879333496,0.3971402943134308,0.2876274287700653,-0.16643208265304565,-0.37265151739120483,-0.7066826820373535,0.5889953970909119,-0.055787935853004456
-0.012475207448005676,0.5837013125419617,0.10772120207548141,0.18738706409931183,-0.24571606516838074,-0.14128077030181885,-0.3684387505054474,0.3570552468299866,0.025360889732837677,-0.4196191430091858,0.17748497426509857,-0.023411203175783157,0.6003224849700928,-0.17214271426200867,-0.6081584095954895,-0.7830520868301392,-0.007352173328399658,-0.601572573184967,0.5967879295349121,0.4239464998245239,-0.4067724943161011,-0.127337247133255,-0.5698469281196594,0.603288471698761,-0.0017930381000041962,-0.18034866452217102,-0.5489314794540405,-0.7532040476799011,0.6991151571273804,-0.027944261208176613
0.10201525688171387,0.20567569136619568,0.0027770893648266792,0.1787143051624298,0.023354291915893555,-0.14109787344932556,-0.3053342401981354,-0.058878093957901,-0.028796399012207985,-0.1007186695933342,0.11292137205600739,-0.06523675471544266,0.16318197548389435,0.05412450060248375,-0.03343231976032257,-0.18299457430839539,-0.02194984443485737,-0.21189969778060913,0.050116632133722305,0.08104043453931808,0.03607641160488129,-0.1010846197605133,-0.20440544188022614,0.1139812022447586,0.16163654625415802,-0.03632919490337372,-0.05847432091832161,-0.2212112545967102,-0.03405866026878357,0.11482007056474686
0.34097549319267273,0.42384564876556396,0.031920116394758224,0.034774817526340485,-0.21587061882019043,0.08384741842746735,-0.551416277885437,0.0038230642676353455,-0.15073776245117188,0.09543009847402573,0.15298372507095337,-0.014918147586286068,-0.14103543758392334,0.21473635733127594,-0.0978061780333519,0.18504634499549866,0.23275814950466156,-0.35390493273735046,-0.049428775906562805,0.29338884353637695,0.05357470363378525,-0.07471008598804474,-0.0038165971636772156,-0.05531051382422447,0.09320427477359772,0.0009785555303096771,-0.1413581818342209,-0.4357302188873291,0.042589396238327026,0.4312397539615631
