Unnamed: 0,Unnamed: 1,Unnamed: 2,Unnamed: 3,Unnamed: 4,Unnamed: 5,Unnamed: 6,Unnamed: 7,Unnamed: 8,Unnamed: 9,Unnamed: 10,Unnamed: 11,Unnamed: 12,Unnamed: 13,Unnamed: 14,Unnamed: 15,Unnamed: 16,Unnamed: 17,Unnamed: 18,Unnamed: 19,Unnamed: 20,Unnamed: 21,Unnamed: 22,Unnamed: 23,Unnamed: 24,Unnamed: 25,Unnamed: 26,Unnamed: 27,Unnamed: 28,Unnamed: 29
-1.6249250173568726,1.1445541381835938,0.715994656085968,1.0552895069122314,-1.9216382503509521,-0.145005464553833,0.5733633041381836,1.231032371520996,-0.020684897899627686,-0.9887473583221436,1.8607290983200073,-0.7774669528007507,1.3302812576293945,0.6995594501495361,-0.7133288383483887,-2.28271484375,-0.4564119577407837,2.0635197162628174,1.9992653131484985,-1.5297644138336182,1.9090443849563599,-0.7513613700866699,-1.5473816394805908,-0.19403940439224243,0.1672973334789276,-0.20609614253044128,-1.0508900880813599,1.5479559898376465,-0.1544509083032608,-0.46779564023017883
-1.7868586778640747,1.3352645635604858,0.7548201084136963,-0.3942803144454956,-0.8601903915405273,1.092077374458313,0.7986630797386169,-0.33470216393470764,-0.4717337489128113,0.014520317316055298,1.6992268562316895,-0.936443030834198,1.7297223806381226,2.353071689605713,0.5552283525466919,-3.0299689769744873,0.35130372643470764,1.819704532623291,1.8194327354431152,-1.479569435119629,1.357461929321289,-1.1661516427993774,-2.2212817668914795,0.48725059628486633,-0.07601262629032135,-0.8323727250099182,-0.8069717884063721,0.6950341463088989,-0.15846972167491913,-0.04834241420030594
-1.7741832733154297,1.3350485563278198,0.7471460700035095,-0.3711826205253601,-0.8629374504089355,1.0865271091461182,0.7887071371078491,-0.31531205773353577,-0.4645421504974365,-0.012369394302368164,1.7193374633789062,-0.9292680621147156,1.728089690208435,2.3323616981506348,0.5278979539871216,-3.0151875019073486,0.34238073229789734,1.824195384979248,1.8142672777175903,-1.4592947959899902,1.3512554168701172,-1.1770601272583008,-2.1980741024017334,0.49528777599334717,-0.0747094377875328,-0.8205910325050354,-0.8142572045326233,0.6993362903594971,-0.15741418302059174,-0.030813537538051605
-1.7576310634613037,1.3286982774734497,0.7990846037864685,-0.30616629123687744,-0.874927282333374,1.0202522277832031,0.809937059879303,-0.21654261648654938,-0.48102787137031555,-0.08597904443740845,1.693320631980896,-0.8814049959182739,1.705993890762329,2.2948014736175537,0.42978155612945557,-2.9999332427978516,0.32226768136024475,1.838567852973938,1.84103524684906,-1.427176833152771,1.3831700086593628,-1.1649419069290161,-2.167060613632202,0.4886859655380249,-0.11712939292192459,-0.7353367805480957,-0.8164722919464111,0.7479751706123352,-0.1415458768606186,-0.03148301690816879
-1.7582298517227173,1.3754098415374756,0.7888400554656982,0.49896901845932007,-1.3339735269546509,0.5762113332748413,0.600749671459198,0.5572859644889832,-0.14957866072654724,-0.5596398115158081,1.9607354402542114,-0.6980863809585571,1.4876405000686646,1.411650538444519,-0.3303751051425934,-2.6816179752349854,-0.15709829330444336,2.0537912845611572,1.7601399421691895,-1.3223192691802979,1.6797306537628174,-0.9558619260787964,-1.7702527046203613,0.32787635922431946,-0.09097927063703537,-0.3303922414779663,-0.9912716150283813,1.1411793231964111,-0.30570486187934875,-0.12646472454071045
-1.7521389722824097,1.3792624473571777,0.7854145169258118,0.5215004086494446,-1.343935251235962,0.5629138946533203,0.5883233547210693,0.5792008638381958,-0.13655272126197815,-0.5811005234718323,1.9906530380249023,-0.6932812929153442,1.4812512397766113,1.3904131650924683,-0.35977688431739807,-2.662994384765625,-0.17154353857040405,2.05283784866333,1.753129005432129,-1.3083555698394775,1.681816816329956,-0.9585021734237671,-1.7553366422653198,0.3347818851470947,-0.08733784407377243,-0.3198760151863098,-1.00574791431427,1.1507436037063599,-0.31056177616119385,-0.10458536446094513
-1.7442322969436646,1.3537532091140747,0.7975598573684692,0.5745489597320557,-1.351989984512329,0.49073219299316406,0.6007410883903503,0.6562637686729431,-0.13700205087661743,-0.6447517275810242,1.9707916975021362,-0.6667212247848511,1.4665447473526,1.3714258670806885,-0.44105264544487,-2.6626782417297363,-0.17470908164978027,2.048680067062378,1.775364875793457,-1.2926253080368042,1.6919739246368408,-0.9675046801567078,-1.729896903038025,0.3100302815437317,-0.0985468178987503,-0.2599864900112152,-1.0082356929779053,1.1705150604248047,-0.2891675531864166,-0.10864216089248657
-1.7177340984344482,1.2993205785751343,0.7977405786514282,0.6543848514556885,-1.4209105968475342,0.3843199908733368,0.5952585935592651,0.7726231217384338,-0.0963141918182373,-0.730186939239502,1.9481066465377808,-0.6621556282043457,1.4412529468536377,1.2824972867965698,-0.5192477703094482,-2.6186726093292236,-0.1998213529586792,2.0671401023864746,1.8266661167144775,-1.3035415410995483,1.7052230834960938,-0.9437175989151001,-1.6601743698120117,0.2656298875808716,-0.08465557545423508,-0.22358399629592896,-1.0002576112747192,1.227919340133667,-0.2750037610530853,-0.15364103019237518
-1.7090506553649902,1.2922269105911255,0.7723701000213623,0.4830330014228821,-1.3871283531188965,0.5483361482620239,0.6235859990119934,0.5522997975349426,-0.18576866388320923,-0.587944507598877,1.8720166683197021,-0.7547022700309753,1.5264976024627686,1.3752315044403076,-0.2327997386455536,-2.6266109943389893,-0.13788723945617676,2.0606038570404053,1.7990360260009766,-1.331899881362915,1.665686011314392,-0.9382083415985107,-1.7190953493118286,0.25318795442581177,-0.051286086440086365,-0.38792210817337036,-0.9584372043609619,1.1765525341033936,-0.26765021681785583,-0.20524725317955017
-1.984666109085083,1.506258487701416,0.7863674163818359,-0.17547255754470825,-1.0102332830429077,1.0934828519821167,0.5903052091598511,-0.19632697105407715,-0.3760771155357361,0.05877929925918579,2.068913698196411,-0.9075968265533447,1.578540563583374,2.1692280769348145,0.3098452389240265,-2.966604471206665,0.11179867386817932,1.8863967657089233,1.5485644340515137,-1.3152554035186768,1.6280138492584229,-0.9795879125595093,-2.179612874984741,0.5909660458564758,-0.16458840668201447,-0.6227197051048279,-0.9317662715911865,0.7646677494049072,-0.4731006920337677,0.2026514708995819
-1.943522334098816,1.5667140483856201,0.8044064044952393,-0.04758921265602112,-1.0347468852996826,0.9820221662521362,0.604478120803833,-0.04548695310950279,-0.34597814083099365,-0.020895004272460938,2.090205430984497,-0.8472277522087097,1.5506868362426758,2.0841317176818848,0.1094960868358612,-2.9432945251464844,0.0255623459815979,1.8950538635253906,1.62485671043396,-1.3343591690063477,1.6493622064590454,-0.9549679756164551,-2.1783487796783447,0.5580228567123413,-0.1434486359357834,-0.5611657500267029,-0.9656648635864258,0.819015383720398,-0.4178907871246338,0.187104731798172
-1.7560604810714722,1.227810263633728,0.7758378982543945,-0.4126018285751343,-0.84759521484375,1.0423007011413574,0.8734195232391357,-0.29516667127609253,-0.5180224180221558,-0.0648011863231659,1.5445492267608643,-0.9426956176757812,1.7863707542419434,2.3091790676116943,0.6294237375259399,-2.995685577392578,0.3925083577632904,1.8029873371124268,1.888380765914917,-1.4826750755310059,1.3410696983337402,-1.138861894607544,-2.142681360244751,0.43233609199523926,-0.0827687680721283,-0.851504921913147,-0.767726719379425,0.7643746137619019,-0.11642459779977798,-0.18166781961917877
-1.761170744895935,1.2905315160751343,0.7820940613746643,-0.30542421340942383,-0.9154953956604004,0.9609761834144592,0.8249714374542236,-0.17939099669456482,-0.4963477849960327,-0.07005706429481506,1.6524282693862915,-0.9241213798522949,1.7121760845184326,2.246805191040039,0.4727153182029724,-2.9714505672454834,0.291598379611969,1.793408989906311,1.9210482835769653,-1.4868006706237793,1.397848129272461,-1.0741759538650513,-2.1643059253692627,0.4185568690299988,-0.07363519072532654,-0.7911480069160461,-0.8196821212768555,0.788652777671814,-0.11494442820549011,-0.1074998527765274
-1.650742769241333,1.2402958869934082,0.8240312337875366,-0.4358476996421814,-0.9545640349388123,0.9671110510826111,0.8660144209861755,-0.2757779359817505,-0.5153927206993103,-0.00995337963104248,1.5682064294815063,-0.9244093894958496,1.7071086168289185,2.3581275939941406,0.5960543751716614,-2.955557107925415,0.40851402282714844,1.8314392566680908,1.9416602849960327,-1.5411921739578247,1.4017635583877563,-1.1049790382385254,-2.2409253120422363,0.4309771656990051,-0.06857911497354507,-0.8681971430778503,-0.8305338025093079,0.8272827863693237,-0.04821660369634628,-0.19019874930381775
-1.7386853694915771,1.227503776550293,0.761751115322113,-0.3705943822860718,-0.8601647615432739,1.0248771905899048,0.8592830896377563,-0.25666314363479614,-0.5079745054244995,-0.09725376963615417,1.5796067714691162,-0.9383305907249451,1.7849955558776855,2.273336410522461,0.5867322683334351,-2.9656050205230713,0.36899638175964355,1.8032000064849854,1.87764573097229,-1.457483172416687,1.3435423374176025,-1.1391583681106567,-2.119314432144165,0.43608763813972473,-0.08043208718299866,-0.8410677909851074,-0.7800268530845642,0.7787885665893555,-0.11611378192901611,-0.15768395364284515
-1.7122303247451782,1.2046470642089844,0.7815496325492859,-0.40138429403305054,-0.8608437776565552,1.009053349494934,0.8864092826843262,-0.26506468653678894,-0.5290641784667969,-0.09371745586395264,1.5414307117462158,-0.9340839982032776,1.7932066917419434,2.3119513988494873,0.604894757270813,-2.95837140083313,0.396356463432312,1.7948229312896729,1.8847249746322632,-1.4537591934204102,1.3447884321212769,-1.1473828554153442,-2.137768507003784,0.4328776001930237,-0.08595757186412811,-0.8453285694122314,-0.7752124071121216,0.7916675806045532,-0.09075482189655304,-0.16942770779132843
-1.7142577171325684,1.2775700092315674,0.7784126400947571,0.49252861738204956,-1.3710180521011353,0.5400052666664124,0.6357100009918213,0.5708329677581787,-0.19600507616996765,-0.6005136966705322,1.8470485210418701,-0.7477277517318726,1.5357533693313599,1.3793693780899048,-0.2352653443813324,-2.6315083503723145,-0.13224786520004272,2.050548791885376,1.8095664978027344,-1.3271667957305908,1.6621861457824707,-0.9368170499801636,-1.7096045017242432,0.24548621475696564,-0.06529773026704788,-0.37594932317733765,-0.9407709240913391,1.174041748046875,-0.26084423065185547,-0.21115639805793762
-1.691245436668396,1.2931838035583496,0.8229914307594299,0.5433884859085083,-1.4255385398864746,0.45573776960372925,0.6300974488258362,0.6392461657524109,-0.20406481623649597,-0.616728663444519,1.8832833766937256,-0.7222663164138794,1.4947758913040161,1.3745570182800293,-0.3245985209941864,-2.587641477584839,-0.15926039218902588,2.0389413833618164,1.8035894632339478,-1.3279856443405151,1.7422617673873901,-0.8982479572296143,-1.7526005506515503,0.22673358023166656,-0.07913626730442047,-0.3213368058204651,-0.9796774387359619,1.2326719760894775,-0.2519735097885132,-0.17126409709453583
-1.6745264530181885,1.2768640518188477,0.7996183633804321,0.5028299689292908,-1.3860231637954712,0.5201821327209473,0.6187096834182739,0.6068334579467773,-0.13051560521125793,-0.6600751876831055,1.9054521322250366,-0.7047883868217468,1.502420425415039,1.3672382831573486,-0.34367600083351135,-2.6345901489257812,-0.13444262742996216,2.0808587074279785,1.800549030303955,-1.3066213130950928,1.6564154624938965,-0.9809284806251526,-1.6978638172149658,0.29629334807395935,-0.08376912027597427,-0.3494601547718048,-0.9687358736991882,1.201142430305481,-0.24046632647514343,-0.19360728561878204
-1.7650102376937866,1.330406665802002,0.7979127764701843,-0.25163352489471436,-0.8735805749893188,1.0068309307098389,0.8047032356262207,-0.16601775586605072,-0.4586087763309479,-0.12235000729560852,1.686582326889038,-0.865998387336731,1.7077287435531616,2.2396364212036133,0.3869515061378479,-2.9934144020080566,0.2969716489315033,1.850599765777588,1.8505178689956665,-1.4312690496444702,1.389520525932312,-1.1511262655258179,-2.133654832839966,0.4794883131980896,-0.1280413568019867,-0.7194145917892456,-0.8040533065795898,0.7611541748046875,-0.14968419075012207,-0.05453240126371384
-1.765427589416504,1.329848051071167,0.7988125085830688,-0.25481367111206055,-0.8737175464630127,1.0091584920883179,0.804567813873291,-0.17025871574878693,-0.4585525393486023,-0.11970040202140808,1.6852409839630127,-0.8666822910308838,1.7073215246200562,2.241896390914917,0.39193132519721985,-2.9949111938476562,0.2993898391723633,1.8510949611663818,1.8521150350570679,-1.4320884943008423,1.3878406286239624,-1.151162028312683,-2.133145809173584,0.48096558451652527,-0.128082275390625,-0.7203176021575928,-0.8036913275718689,0.7595135569572449,-0.15125063061714172,-0.05430134758353233
-1.705177903175354,1.329995036125183,0.7823251485824585,-0.24740901589393616,-0.925517201423645,0.9381347894668579,0.7969202995300293,-0.1261788159608841,-0.4308811128139496,-0.11875554919242859,1.735188364982605,-0.8703607320785522,1.6862688064575195,2.238030195236206,0.3220875859260559,-2.9602577686309814,0.2630441188812256,1.8375296592712402,1.903685450553894,-1.454910159111023,1.385716438293457,-1.1307684183120728,-2.169344902038574,0.45853862166404724,-0.07729576528072357,-0.7531275749206543,-0.8442090153694153,0.7964639663696289,-0.08649949729442596,-0.06091997027397156
-1.7716957330703735,1.374637246131897,0.8138787746429443,0.6785616278648376,-1.398549199104309,0.40259531140327454,0.5807896852493286,0.7656470537185669,-0.1272001564502716,-0.6739678382873535,1.9920445680618286,-0.645973265171051,1.4241976737976074,1.3063921928405762,-0.5404895544052124,-2.6289474964141846,-0.22652298212051392,2.0425174236297607,1.7829197645187378,-1.3080514669418335,1.7671844959259033,-0.9051913619041443,-1.7217273712158203,0.27223914861679077,-0.10509020835161209,-0.18751946091651917,-1.022502064704895,1.21086585521698,-0.32022854685783386,-0.08993496000766754
-1.7716389894485474,1.3761606216430664,0.8164986371994019,0.6766164898872375,-1.3986903429031372,0.40718787908554077,0.5798265337944031,0.7611821293830872,-0.12776681780815125,-0.669387936592102,1.9924554824829102,-0.646477222442627,1.424986481666565,1.3091461658477783,-0.5353161096572876,-2.6278576850891113,-0.22590529918670654,2.043278217315674,1.781354546546936,-1.3071510791778564,1.7679024934768677,-0.9029737114906311,-1.7229112386703491,0.27435174584388733,-0.10681295394897461,-0.18904238939285278,-1.0212117433547974,1.2103252410888672,-0.32384610176086426,-0.08742865175008774
-1.7584232091903687,1.3364273309707642,0.7825628519058228,0.6151360273361206,-1.3600082397460938,0.48143893480300903,0.5912680625915527,0.6940773129463196,-0.11490437388420105,-0.6753363609313965,1.9531049728393555,-0.671420156955719,1.4616665840148926,1.3194477558135986,-0.4552725851535797,-2.662315607070923,-0.18276476860046387,2.065321922302246,1.7940888404846191,-1.298720359802246,1.6790012121200562,-0.9628773927688599,-1.6733964681625366,0.30122044682502747,-0.09766760468482971,-0.24426665902137756,-0.9861080050468445,1.1649439334869385,-0.3106611669063568,-0.12775969505310059
-1.7707659006118774,1.3681432008743286,0.8081461191177368,0.6723289489746094,-1.395789384841919,0.41263246536254883,0.5810973644256592,0.7572491765022278,-0.124762624502182,-0.6761746406555176,1.9866511821746826,-0.6507897973060608,1.4282317161560059,1.3037742376327515,-0.52777099609375,-2.6324665546417236,-0.22078847885131836,2.0469119548797607,1.7851125001907349,-1.3057318925857544,1.7539047002792358,-0.9127896428108215,-1.7096259593963623,0.27651628851890564,-0.10279828310012817,-0.19338053464889526,-1.0171818733215332,1.204311728477478,-0.3221164643764496,-0.09380539506673813
-1.774695873260498,1.3372998237609863,0.7823368310928345,-0.31540465354919434,-0.8754302263259888,1.0407618284225464,0.8006414771080017,-0.2386605590581894,-0.4708999693393707,-0.05561140179634094,1.69401216506958,-0.9001932740211487,1.7118489742279053,2.293703079223633,0.461633563041687,-3.00850248336792,0.31895384192466736,1.8390198945999146,1.8412061929702759,-1.4575597047805786,1.3812148571014404,-1.1527055501937866,-2.179868221282959,0.4784068763256073,-0.10384047031402588,-0.7671782970428467,-0.8063737750053406,0.732632577419281,-0.15041053295135498,-0.04710882902145386
-1.7459734678268433,1.3623319864273071,0.7983974814414978,-0.20313623547554016,-0.9025152325630188,0.9988856911659241,0.7798564434051514,-0.119036465883255,-0.43403342366218567,-0.14603057503700256,1.758704662322998,-0.8558875322341919,1.693820595741272,2.198112726211548,0.29772400856018066,-2.957583427429199,0.2632593512535095,1.8804399967193604,1.8254611492156982,-1.4224257469177246,1.421829342842102,-1.1408941745758057,-2.1408674716949463,0.4802551567554474,-0.13008719682693481,-0.7033830285072327,-0.8246564865112305,0.7880734205245972,-0.15756787359714508,-0.03402123600244522
-1.764676570892334,1.3269809484481812,0.7932671904563904,-0.32710689306259155,-0.8677390813827515,1.0406594276428223,0.808850109577179,-0.24490953981876373,-0.47811681032180786,-0.0699089765548706,1.6848770380020142,-0.8908879160881042,1.7134188413619995,2.3060078620910645,0.4616818428039551,-3.0115110874176025,0.3335680365562439,1.8394607305526733,1.8430722951889038,-1.4383145570755005,1.3710962533950806,-1.1690492630004883,-2.1696949005126953,0.4895644783973694,-0.11099866032600403,-0.754729151725769,-0.8084263801574707,0.7341259717941284,-0.14560890197753906,-0.04112996160984039
-1.7609705924987793,1.3663479089736938,0.7768948078155518,-0.21676303446292877,-0.9068226218223572,0.9617189168930054,0.7799440622329712,-0.12389771640300751,-0.4315004348754883,-0.11553335189819336,1.7551884651184082,-0.8690958619117737,1.676289439201355,2.212665319442749,0.3059411644935608,-2.988583564758301,0.23760615289211273,1.8391293287277222,1.882370114326477,-1.4523959159851074,1.3963664770126343,-1.1277042627334595,-2.1570658683776855,0.4598138630390167,-0.08416535705327988,-0.7215560674667358,-0.8433244228363037,0.7674123644828796,-0.12710672616958618,-0.03765905648469925
-1.7556934356689453,1.353766679763794,0.7954208254814148,0.575438916683197,-1.363928198814392,0.5124062299728394,0.592389702796936,0.6500977873802185,-0.13508248329162598,-0.6293173432350159,1.9544878005981445,-0.6846744418144226,1.468228816986084,1.3480124473571777,-0.4093764126300812,-2.656146764755249,-0.18013226985931396,2.0622506141662598,1.7760452032089233,-1.3142892122268677,1.7014682292938232,-0.9451401233673096,-1.7181189060211182,0.29882046580314636,-0.09549743682146072,-0.27852168679237366,-0.9873539209365845,1.1688746213912964,-0.30735835433006287,-0.13010065257549286
-1.755906105041504,1.347203254699707,0.7959853410720825,0.6195558905601501,-1.3679590225219727,0.48426711559295654,0.5895300507545471,0.6989716291427612,-0.11201444268226624,-0.668331503868103,1.9758126735687256,-0.6688395142555237,1.458008050918579,1.3077831268310547,-0.45931997895240784,-2.6455373764038086,-0.19411712884902954,2.0571560859680176,1.789370059967041,-1.3044209480285645,1.701037049293518,-0.9389604926109314,-1.6858901977539062,0.30683210492134094,-0.1061018630862236,-0.24970391392707825,-0.9975216388702393,1.1815369129180908,-0.3176819980144501,-0.11986687034368515
-1.714260220527649,1.3114618062973022,0.7965190410614014,0.5221800804138184,-1.357054591178894,0.5247533321380615,0.6119931936264038,0.6085134148597717,-0.12680283188819885,-0.628259539604187,1.920589566230774,-0.6870056390762329,1.479921817779541,1.3869352340698242,-0.3674618899822235,-2.67157244682312,-0.13347452878952026,2.0740931034088135,1.8102381229400635,-1.312756061553955,1.6523406505584717,-0.977280855178833,-1.708634614944458,0.3216126561164856,-0.10242513567209244,-0.3047739863395691,-0.9799517393112183,1.1634522676467896,-0.277566522359848,-0.1596827507019043
-1.8416537046432495,1.447115421295166,0.760258674621582,-0.07706281542778015,-1.0839546918869019,0.9976723790168762,0.642326831817627,-0.09088948369026184,-0.3741419017314911,-0.05219358205795288,1.9716308116912842,-0.8737415671348572,1.6285181045532227,2.0743026733398438,0.2759637236595154,-2.840054512023926,0.12423285841941833,1.8929235935211182,1.5865416526794434,-1.3281718492507935,1.6109696626663208,-1.0162551403045654,-2.107591152191162,0.5314949750900269,-0.11270514130592346,-0.650347113609314,-0.9180251955986023,0.8407189846038818,-0.3722681999206543,0.13696593046188354
-1.7850884199142456,1.4830050468444824,0.7677083015441895,0.012371614575386047,-1.1143730878829956,0.8799208402633667,0.6783814430236816,0.026297971606254578,-0.327944278717041,-0.10312500596046448,1.9488790035247803,-0.8420308232307434,1.6075435876846313,2.012035608291626,0.12713861465454102,-2.829890489578247,0.05639737844467163,1.9074851274490356,1.6960327625274658,-1.411805510520935,1.610079288482666,-0.9975637197494507,-2.133096694946289,0.472150981426239,-0.06400974094867706,-0.6515204906463623,-0.9343651533126831,0.8920331001281738,-0.29069891571998596,0.05975958704948425
-1.8059161901474,1.499873399734497,0.7741676568984985,0.036780014634132385,-1.1079100370407104,0.8773311376571655,0.661982536315918,0.05499207228422165,-0.3327943682670593,-0.12401926517486572,1.9853674173355103,-0.8206369280815125,1.5927256345748901,1.9967610836029053,0.0798313319683075,-2.829385280609131,0.04108041524887085,1.898129940032959,1.6753727197647095,-1.3747469186782837,1.628402590751648,-0.9951034784317017,-2.116973400115967,0.4916391968727112,-0.08444283902645111,-0.6038109660148621,-0.9510174989700317,0.8897305130958557,-0.30638647079467773,0.10429917275905609
-1.8946844339370728,1.6086328029632568,0.8129698038101196,0.049909770488739014,-1.0396424531936646,0.8762282133102417,0.636199414730072,0.08465489745140076,-0.3041529357433319,-0.09560754895210266,2.0893917083740234,-0.7968248724937439,1.5326595306396484,2.026902198791504,-0.06595560908317566,-2.9378347396850586,-0.03337240219116211,1.9054853916168213,1.7218592166900635,-1.3918135166168213,1.6429951190948486,-0.9556394219398499,-2.1886842250823975,0.5186370611190796,-0.10617364197969437,-0.5333755016326904,-0.9819641709327698,0.8597493767738342,-0.3396756947040558,0.140409916639328
-1.7403911352157593,1.5167640447616577,0.7662941813468933,0.10135708749294281,-1.1237120628356934,0.7673496603965759,0.707817792892456,0.15343669056892395,-0.2789820432662964,-0.17784182727336884,1.946800708770752,-0.798414945602417,1.5831981897354126,1.954936146736145,-0.04780253767967224,-2.8321547508239746,-0.0017281174659729004,1.9160428047180176,1.7974107265472412,-1.4831937551498413,1.6008095741271973,-1.005471110343933,-2.146883726119995,0.4270119369029999,-0.019591711461544037,-0.6327829360961914,-0.9476767182350159,0.9287048578262329,-0.2030869722366333,0.0041139572858810425
-1.7251452207565308,1.400099277496338,0.7272181510925293,0.06328414380550385,-1.161431908607483,0.8756372332572937,0.6740537881851196,0.06500601768493652,-0.3655761182308197,-0.20879976451396942,1.9164091348648071,-0.8179228901863098,1.658231258392334,1.9360140562057495,0.17094463109970093,-2.712367057800293,0.10409881174564362,1.887071967124939,1.6039172410964966,-1.3134028911590576,1.6138988733291626,-1.061919093132019,-2.013794422149658,0.47618788480758667,-0.07056105136871338,-0.6254881620407104,-0.9231539964675903,0.921131432056427,-0.2686847746372223,0.10736139118671417
-1.677203893661499,1.4320154190063477,0.7219749689102173,0.1536158174276352,-1.1901445388793945,0.7458775639533997,0.7073567509651184,0.1916169822216034,-0.30651599168777466,-0.27357107400894165,1.9012467861175537,-0.7832306623458862,1.6306170225143433,1.8684204816818237,0.0034470856189727783,-2.708109140396118,0.03399461507797241,1.8993695974349976,1.7100292444229126,-1.4048511981964111,1.609662413597107,-1.0599613189697266,-2.0350821018218994,0.4158756732940674,-0.01564062386751175,-0.6246412992477417,-0.9416850805282593,0.9676625728607178,-0.17622718214988708,0.029060661792755127
-1.6143652200698853,1.4408278465270996,0.6961897015571594,0.21441088616847992,-1.2085494995117188,0.62918621301651,0.7471892833709717,0.29006707668304443,-0.24425935745239258,-0.33892321586608887,1.8679324388504028,-0.7649507522583008,1.6212331056594849,1.824501395225525,-0.1302889585494995,-2.7113819122314453,-0.008728265762329102,1.9178587198257446,1.822866678237915,-1.5155307054519653,1.5754681825637817,-1.0907243490219116,-2.0615923404693604,0.3477402627468109,0.058994390070438385,-0.6596654653549194,-0.9352336525917053,1.0032787322998047,-0.06182868778705597,-0.0735856369137764
-1.6239633560180664,1.2489911317825317,0.7728779911994934,0.5308713316917419,-1.4814708232879639,0.43839091062545776,0.6720871925354004,0.6128739714622498,-0.19479534029960632,-0.6042435169219971,1.8149858713150024,-0.7591227889060974,1.5439633131027222,1.3290398120880127,-0.20910462737083435,-2.5140793323516846,-0.15112370252609253,2.021249771118164,1.8279105424880981,-1.3990542888641357,1.7111872434616089,-0.9142645597457886,-1.7494232654571533,0.1801510453224182,-0.004425443708896637,-0.4448411464691162,-0.9661723971366882,1.261419415473938,-0.1912287175655365,-0.2552020847797394
-1.6211235523223877,1.2559770345687866,0.7706504464149475,0.5311800837516785,-1.4874311685562134,0.43745771050453186,0.6680012345314026,0.6107208728790283,-0.19497764110565186,-0.5965943932533264,1.8230903148651123,-0.7629522085189819,1.5445432662963867,1.3321516513824463,-0.20763006806373596,-2.505171537399292,-0.15591907501220703,2.0209035873413086,1.8216480016708374,-1.4037251472473145,1.7165721654891968,-0.9120407104492188,-1.7602744102478027,0.17661094665527344,0.002500377595424652,-0.4525616765022278,-0.9676135778427124,1.263247013092041,-0.18960316479206085,-0.2490454614162445
-1.6181901693344116,1.2606022357940674,0.7682207822799683,0.5320038199424744,-1.4914125204086304,0.4366471767425537,0.66536545753479,0.6098902225494385,-0.19503682851791382,-0.5919989347457886,1.8293683528900146,-0.7661758065223694,1.54679536819458,1.333937644958496,-0.20625290274620056,-2.496706962585449,-0.16032332181930542,2.019378900527954,1.8155370950698853,-1.4063948392868042,1.7202966213226318,-0.9109786748886108,-1.7681504487991333,0.1735730767250061,0.008497588336467743,-0.46015578508377075,-0.9681050181388855,1.2651708126068115,-0.18743441998958588,-0.2440984696149826
-1.7886435985565186,1.381119728088379,0.8257389068603516,-0.17936193943023682,-1.0062164068222046,0.8504667282104492,0.7690780162811279,-0.032450105994939804,-0.4814818203449249,-0.06635090708732605,1.7669401168823242,-0.8893765211105347,1.603195309638977,2.192326545715332,0.2831984758377075,-2.9509754180908203,0.1799858808517456,1.795506238937378,1.9766539335250854,-1.5116477012634277,1.4880000352859497,-0.9844647645950317,-2.2031853199005127,0.3982585072517395,-0.07743214815855026,-0.684203565120697,-0.8716287016868591,0.8217617273330688,-0.12438073009252548,-0.008817583322525024
-1.6758052110671997,1.319563388824463,0.858207643032074,-0.31791752576828003,-1.0349745750427246,0.874733567237854,0.8135500550270081,-0.14709800481796265,-0.49427059292793274,-0.006925046443939209,1.6740503311157227,-0.895315408706665,1.610249638557434,2.2962210178375244,0.42625561356544495,-2.946443557739258,0.3027070462703705,1.8326703310012817,1.998752474784851,-1.5627706050872803,1.4746077060699463,-1.0183738470077515,-2.2667598724365234,0.416433721780777,-0.07260994613170624,-0.775782585144043,-0.8797468543052673,0.8546808958053589,-0.06114381551742554,-0.11032786220312119
-1.5613845586776733,1.2649483680725098,0.8906714916229248,-0.45290738344192505,-1.0660266876220703,0.8946093320846558,0.8556024432182312,-0.2613648474216461,-0.5016027688980103,0.04548436403274536,1.5882890224456787,-0.9025267958641052,1.616721510887146,2.3940839767456055,0.5643792152404785,-2.936603546142578,0.42677536606788635,1.880480170249939,2.02059006690979,-1.6244597434997559,1.4656271934509277,-1.054416298866272,-2.3362810611724854,0.43103355169296265,-0.061909861862659454,-0.8714244961738586,-0.8896268606185913,0.8937509655952454,-0.0005278438329696655,-0.21877023577690125
-1.7221676111221313,1.3447428941726685,0.8345564603805542,0.4437178373336792,-1.431941032409668,0.4826310873031616,0.645736813545227,0.5381173491477966,-0.2511269450187683,-0.44315242767333984,1.868588924407959,-0.7782198786735535,1.489550232887268,1.4709811210632324,-0.1881735622882843,-2.610222339630127,-0.1609085202217102,2.0040087699890137,1.8779065608978271,-1.4399880170822144,1.7592319250106812,-0.8009631633758545,-1.8822174072265625,0.18778486549854279,-0.03558654338121414,-0.41862952709198,-0.9757039546966553,1.2082483768463135,-0.24726730585098267,-0.1967065930366516
-1.7169357538223267,1.3421717882156372,0.8256456851959229,0.44534265995025635,-1.4294726848602295,0.48763585090637207,0.6392179727554321,0.5383414626121521,-0.2441512644290924,-0.45644867420196533,1.8813154697418213,-0.7793413996696472,1.494238257408142,1.464050531387329,-0.1922057569026947,-2.6030964851379395,-0.1622943878173828,2.003931999206543,1.870823621749878,-1.4272838830947876,1.7469816207885742,-0.8146231174468994,-1.8677929639816284,0.19495640695095062,-0.029834218323230743,-0.42243093252182007,-0.9785205125808716,1.2045859098434448,-0.24599170684814453,-0.18521618843078613
-1.731207013130188,1.4053065776824951,0.8382958173751831,0.48229360580444336,-1.4635560512542725,0.4258681535720825,0.6119941473007202,0.5898378491401672,-0.2070688009262085,-0.43035322427749634,1.946992039680481,-0.7603528499603271,1.4461901187896729,1.462174415588379,-0.2888781726360321,-2.594144582748413,-0.2163008451461792,1.9917304515838623,1.9138681888580322,-1.4786080121994019,1.7772772312164307,-0.7749168276786804,-1.9214977025985718,0.17932642996311188,0.0013384148478507996,-0.40652239322662354,-1.0060611963272095,1.2102731466293335,-0.2373499870300293,-0.1463954746723175
-1.7183401584625244,1.2750778198242188,0.812575101852417,0.2894567847251892,-1.355372667312622,0.6522494554519653,0.6794106960296631,0.3500934839248657,-0.2924996018409729,-0.38793161511421204,1.7891759872436523,-0.8275233507156372,1.5636622905731201,1.5510826110839844,0.05547788739204407,-2.661593437194824,-0.03860068321228027,2.025101900100708,1.834570288658142,-1.4125840663909912,1.6677228212356567,-0.8668915629386902,-1.849391222000122,0.2459278255701065,-0.06263022124767303,-0.5047171115875244,-0.9282423853874207,1.1495087146759033,-0.27397480607032776,-0.2469267100095749
-1.7194881439208984,1.337469458580017,0.8124126195907593,0.3473551869392395,-1.396658182144165,0.5828458666801453,0.6425692439079285,0.42184191942214966,-0.2523786425590515,-0.38588935136795044,1.875105619430542,-0.8107107877731323,1.5207597017288208,1.5261571407318115,-0.0678568184375763,-2.633744478225708,-0.11451864242553711,2.0069546699523926,1.8594257831573486,-1.4393651485443115,1.6996930837631226,-0.8343074917793274,-1.8909499645233154,0.23040953278541565,-0.024776212871074677,-0.49331220984458923,-0.9649354815483093,1.1631447076797485,-0.2563426196575165,-0.19275453686714172
-1.7061070203781128,1.3202272653579712,0.831957221031189,0.32118505239486694,-1.387634038925171,0.5868729948997498,0.6627050638198853,0.40195509791374207,-0.2710498571395874,-0.38023316860198975,1.8517916202545166,-0.8084275722503662,1.5265004634857178,1.5590996742248535,-0.045875221490859985,-2.6437034606933594,-0.08943283557891846,2.0023794174194336,1.8662980794906616,-1.4310379028320312,1.6962350606918335,-0.8392950296401978,-1.9010924100875854,0.23426160216331482,-0.03880446404218674,-0.4920930862426758,-0.9628577828407288,1.1652716398239136,-0.24724936485290527,-0.19899772107601166
-1.7229266166687012,1.3221571445465088,0.8089525103569031,0.5432361364364624,-1.4104353189468384,0.48258572816848755,0.6182177662849426,0.6294808387756348,-0.20439496636390686,-0.5942384600639343,1.892752766609192,-0.7313486337661743,1.4994003772735596,1.3703023195266724,-0.3154553472995758,-2.598621368408203,-0.17777115106582642,2.041954517364502,1.7871192693710327,-1.342808485031128,1.7462598085403442,-0.8915170431137085,-1.7651863098144531,0.220105841755867,-0.06859941780567169,-0.33664852380752563,-0.9677276611328125,1.2147778272628784,-0.2656335234642029,-0.17270438373088837
-1.714070439338684,1.279004693031311,0.7785021662712097,0.4930148720741272,-1.3727521896362305,0.5401297807693481,0.6344272494316101,0.5703683495521545,-0.19586345553398132,-0.5988773107528687,1.8482495546340942,-0.7483823895454407,1.5354349613189697,1.3797489404678345,-0.23449942469596863,-2.6297991275787354,-0.13294607400894165,2.0513293743133545,1.8086382150650024,-1.3284512758255005,1.6632535457611084,-0.9361315965652466,-1.7110648155212402,0.2448522448539734,-0.06422735750675201,-0.37679654359817505,-0.9401983022689819,1.1742302179336548,-0.26136893033981323,-0.20945075154304504
-1.670925259590149,1.207614779472351,0.7834969758987427,0.4040248394012451,-1.3800245523452759,0.5440844893455505,0.7007607221603394,0.5111596584320068,-0.28268861770629883,-0.5585474967956543,1.7633488178253174,-0.8132266402244568,1.6043272018432617,1.4128193855285645,-0.07281273603439331,-2.5779714584350586,-0.1081920862197876,1.9955329895019531,1.808923363685608,-1.342505693435669,1.688478708267212,-0.8868275880813599,-1.7565553188323975,0.17699173092842102,-0.04050425440073013,-0.48649632930755615,-0.9335469007492065,1.2283523082733154,-0.20603466033935547,-0.3027481436729431
-1.6558998823165894,1.2237017154693604,0.76699298620224,0.4427393674850464,-1.4101073741912842,0.5111702084541321,0.6793036460876465,0.546592652797699,-0.26493993401527405,-0.5787941217422485,1.8163502216339111,-0.8136236667633057,1.5971875190734863,1.3782200813293457,-0.1179872453212738,-2.536540985107422,-0.14363229274749756,1.987334966659546,1.7929723262786865,-1.3330934047698975,1.7021241188049316,-0.8838157653808594,-1.7583028078079224,0.1728142648935318,-0.017715640366077423,-0.487470805644989,-0.9604597687721252,1.2489498853683472,-0.2013174593448639,-0.2706105709075928
-1.8604977130889893,1.2721834182739258,0.7362999320030212,-0.662921667098999,-0.8924396634101868,1.147290825843811,0.8291388750076294,-0.5637050867080688,-0.5675007104873657,0.26693010330200195,1.6364576816558838,-1.0846731662750244,1.741672396659851,2.555436134338379,0.912185549736023,-3.0689918994903564,0.4550594687461853,1.7289202213287354,1.8273190259933472,-1.5990662574768066,1.3728107213974,-1.0874416828155518,-2.372232437133789,0.436030775308609,-0.0038791820406913757,-1.0025789737701416,-0.8084074854850769,0.6488267779350281,-0.16915516555309296,-0.08693335205316544
-1.8423932790756226,1.2721165418624878,0.7262578010559082,-0.6334376335144043,-0.8957558274269104,1.145312786102295,0.8165172338485718,-0.5427524447441101,-0.5583639144897461,0.23424947261810303,1.6569726467132568,-1.0765745639801025,1.7425390481948853,2.5277440547943115,0.8818390369415283,-3.0502612590789795,0.4451836943626404,1.7377878427505493,1.8212255239486694,-1.574826955795288,1.3640340566635132,-1.100477695465088,-2.342360019683838,0.44589030742645264,-0.0027494803071022034,-0.9913084506988525,-0.812798261642456,0.6534391641616821,-0.16932469606399536,-0.06848180294036865
-1.826325535774231,1.2724149227142334,0.716667652130127,-0.6062670350074768,-0.8991843461990356,1.1437585353851318,0.8036661148071289,-0.523777186870575,-0.5495749711990356,0.2041376233100891,1.6774178743362427,-1.0690680742263794,1.7428771257400513,2.502561330795288,0.8535873889923096,-3.032848358154297,0.4355214834213257,1.745897650718689,1.8141608238220215,-1.551079511642456,1.3559327125549316,-1.1133302450180054,-2.3140273094177246,0.4555966556072235,-0.0011268183588981628,-0.9803178906440735,-0.8173722624778748,0.6569748520851135,-0.1700579822063446,-0.04943692684173584
-1.717150092124939,1.2921154499053955,0.7787139415740967,-0.41525745391845703,-0.8692448139190674,1.049454689025879,0.8339111804962158,-0.3154042959213257,-0.4688206613063812,-0.027386397123336792,1.6408932209014893,-0.9144432544708252,1.7447171211242676,2.3665144443511963,0.5450410842895508,-3.0127651691436768,0.38114863634109497,1.8348125219345093,1.8721083402633667,-1.4814954996109009,1.3355989456176758,-1.1790850162506104,-2.215144634246826,0.47750478982925415,-0.07337301224470139,-0.8475254774093628,-0.7961460947990417,0.740061342716217,-0.09636582434177399,-0.10834972560405731
-1.7184802293777466,1.2927510738372803,0.7798148989677429,-0.41506290435791016,-0.8709591031074524,1.0495860576629639,0.8328037858009338,-0.3154200315475464,-0.4687422513961792,-0.02491021156311035,1.642901062965393,-0.914948046207428,1.743100643157959,2.366514205932617,0.5460376739501953,-3.0119874477386475,0.38012218475341797,1.8344242572784424,1.8713352680206299,-1.4813321828842163,1.3375440835952759,-1.176421880722046,-2.2155919075012207,0.4785298705101013,-0.07403243333101273,-0.847034215927124,-0.7972914576530457,0.7404959797859192,-0.09906367212533951,-0.10618947446346283
-1.7149319648742676,1.2926483154296875,0.7757090926170349,-0.40401190519332886,-0.8742137551307678,1.0472654104232788,0.8290366530418396,-0.30876386165618896,-0.46340036392211914,-0.033848732709884644,1.648475170135498,-0.9127063751220703,1.7435728311538696,2.35619854927063,0.5371555089950562,-3.0064268112182617,0.3759418725967407,1.8386083841323853,1.8671420812606812,-1.4751895666122437,1.3363510370254517,-1.1793427467346191,-2.206333637237549,0.47976741194725037,-0.07252362370491028,-0.8430949449539185,-0.7984642386436462,0.7431318759918213,-0.10171114653348923,-0.103211909532547
-1.7451632022857666,1.325305461883545,0.7716993689537048,0.25943464040756226,-1.3095839023590088,0.7531490921974182,0.630703330039978,0.27450263500213623,-0.22471019625663757,-0.3668738007545471,1.861745834350586,-0.8093047738075256,1.5758954286575317,1.5734434127807617,0.055697083473205566,-2.702242136001587,-0.03672510385513306,2.048725128173828,1.7628241777420044,-1.3910548686981201,1.605637550354004,-0.9499258399009705,-1.8470690250396729,0.3248336911201477,-0.052601464092731476,-0.5342802405357361,-0.9184002876281738,1.0797404050827026,-0.300540953874588,-0.18606902658939362
-1.7357219457626343,1.3274636268615723,0.7656867504119873,0.28065377473831177,-1.3165247440338135,0.7473320364952087,0.6168597340583801,0.2927238941192627,-0.21268048882484436,-0.39112892746925354,1.8882396221160889,-0.8059346079826355,1.5723977088928223,1.552535057067871,0.028407186269760132,-2.6855363845825195,-0.04904210567474365,2.052288293838501,1.7550766468048096,-1.373075008392334,1.6019716262817383,-0.9583785533905029,-1.826977252960205,0.3340200185775757,-0.04923740029335022,-0.5264763832092285,-0.9274210333824158,1.0849374532699585,-0.3042411804199219,-0.16458162665367126
-1.7266359329223633,1.3293298482894897,0.7592252492904663,0.3003750443458557,-1.3227273225784302,0.7419694662094116,0.6033545136451721,0.3094726502895355,-0.20067623257637024,-0.41493675112724304,1.9136883020401,-0.8026635050773621,1.5693988800048828,1.5328271389007568,0.002682119607925415,-2.6699132919311523,-0.06054520606994629,2.0555899143218994,1.747525691986084,-1.3556097745895386,1.5972423553466797,-0.9679088592529297,-1.807081699371338,0.3430742621421814,-0.045134320855140686,-0.5195114016532898,-0.9362172484397888,1.0892221927642822,-0.30711451172828674,-0.1437610685825348
-1.6670913696289062,1.2755062580108643,0.8064786195755005,0.2856786847114563,-1.362119197845459,0.663245677947998,0.6529524922370911,0.3453555703163147,-0.21581760048866272,-0.4331791400909424,1.8292468786239624,-0.7857195138931274,1.564997911453247,1.553037166595459,-0.009482085704803467,-2.6553430557250977,-0.03738135099411011,2.058924913406372,1.803925633430481,-1.3793050050735474,1.627919316291809,-0.9412155151367188,-1.8312764167785645,0.3025146722793579,-0.05822121351957321,-0.518814206123352,-0.9294638633728027,1.1539515256881714,-0.24366962909698486,-0.2249995768070221
-1.6586923599243164,1.276989221572876,0.8005094528198242,0.3026452660560608,-1.3679529428482056,0.6585306525230408,0.6395561695098877,0.3596312403678894,-0.20387431979179382,-0.45475518703460693,1.8541295528411865,-0.7824211120605469,1.5616164207458496,1.5362200736999512,-0.033228158950805664,-2.6412758827209473,-0.04751986265182495,2.0610570907592773,1.796328067779541,-1.3625919818878174,1.6230270862579346,-0.9512342214584351,-1.8130486011505127,0.31184080243110657,-0.05443345010280609,-0.5124830007553101,-0.9387032389640808,1.1570239067077637,-0.24595627188682556,-0.20398083329200745
-1.597320318222046,1.2258753776550293,0.8238695859909058,0.312791645526886,-1.4117944240570068,0.5810465812683105,0.6697107553482056,0.412576824426651,-0.19886207580566406,-0.5034478902816772,1.8055468797683716,-0.7775309681892395,1.5629889965057373,1.5206164121627808,-0.06565186381340027,-2.609302520751953,-0.04369419813156128,2.074821949005127,1.8444666862487793,-1.3744800090789795,1.6334059238433838,-0.9404798746109009,-1.808659315109253,0.27104371786117554,-0.04740053415298462,-0.5175909399986267,-0.9331514835357666,1.219905138015747,-0.1893216222524643,-0.27189910411834717
-1.6951411962509155,1.3179585933685303,0.8161665201187134,0.4728201627731323,-1.357073187828064,0.5228813290596008,0.6325129270553589,0.5742642879486084,-0.15014687180519104,-0.5897654891014099,1.9165370464324951,-0.6880978941917419,1.4830644130706787,1.4385402202606201,-0.34070196747779846,-2.6740784645080566,-0.12355262041091919,2.0599448680877686,1.813071608543396,-1.329121470451355,1.6726590394973755,-0.9612677693367004,-1.7739770412445068,0.315652996301651,-0.101424440741539,-0.3355702757835388,-0.9911378622055054,1.1817677021026611,-0.2453499734401703,-0.17403188347816467
-1.6967910528182983,1.3210859298706055,0.8183680772781372,0.4737060070037842,-1.3579694032669067,0.524971604347229,0.6314916610717773,0.5735328197479248,-0.15101933479309082,-0.5862752199172974,1.9191925525665283,-0.6897585391998291,1.483469843864441,1.4384820461273193,-0.33846524357795715,-2.671708106994629,-0.12604427337646484,2.0605244636535645,1.811349630355835,-1.328778624534607,1.6751614809036255,-0.956792950630188,-1.7756657600402832,0.31565937399864197,-0.1014651507139206,-0.3363955318927765,-0.9905064105987549,1.1828923225402832,-0.2502116560935974,-0.17167747020721436
-1.6952930688858032,1.319427490234375,0.8147649168968201,0.4769980311393738,-1.358555555343628,0.521739661693573,0.6308732032775879,0.5774067044258118,-0.14809027314186096,-0.5925132036209106,1.9203283786773682,-0.6892349720001221,1.4835151433944702,1.4341020584106445,-0.34393903613090515,-2.670931577682495,-0.12726664543151855,2.0608575344085693,1.8112279176712036,-1.3272414207458496,1.6724287271499634,-0.961044192314148,-1.7713148593902588,0.31529298424720764,-0.09896788001060486,-0.3355434834957123,-0.9916110038757324,1.183030605316162,-0.24794602394104004,-0.172118678689003
-1.6948908567428589,1.3175275325775146,0.8123626708984375,0.4769672751426697,-1.3579391241073608,0.5208510160446167,0.6307276487350464,0.5778653621673584,-0.14657598733901978,-0.5953822731971741,1.9192265272140503,-0.6876614093780518,1.4832345247268677,1.4328346252441406,-0.34535273909568787,-2.6726441383361816,-0.12575781345367432,2.0604794025421143,1.8117966651916504,-1.3269978761672974,1.6698877811431885,-0.9647985696792603,-1.7689509391784668,0.3160403072834015,-0.0986814871430397,-0.33454060554504395,-0.9921666383743286,1.1817634105682373,-0.2452782690525055,-0.17312148213386536
-1.7018532752990723,1.3020685911178589,0.8010314106941223,0.5743895173072815,-1.387230634689331,0.4562540650367737,0.6114873886108398,0.6820510625839233,-0.11617344617843628,-0.6756019592285156,1.9304466247558594,-0.6774916052818298,1.4726368188858032,1.3470959663391113,-0.42856553196907043,-2.6364758014678955,-0.1648043990135193,2.067432403564453,1.8193212747573853,-1.310294508934021,1.6763218641281128,-0.9589649438858032,-1.6987295150756836,0.28995025157928467,-0.08867862820625305,-0.28568148612976074,-0.9836255311965942,1.205265998840332,-0.2610653042793274,-0.163982093334198
-1.7034729719161987,1.3049672842025757,0.8015751838684082,0.5782612562179565,-1.3884856700897217,0.45805445313453674,0.6090006232261658,0.6839127540588379,-0.11518049240112305,-0.6741220951080322,1.933843731880188,-0.679202675819397,1.472651481628418,1.3442273139953613,-0.4289329946041107,-2.633302927017212,-0.16803056001663208,2.068916082382202,1.8173913955688477,-1.3106968402862549,1.6782089471817017,-0.9558279514312744,-1.698425531387329,0.28971779346466064,-0.08846794068813324,-0.28601568937301636,-0.9822996258735657,1.2056915760040283,-0.2660791873931885,-0.16144472360610962
-1.7014182806015015,1.3057140111923218,0.7966718077659607,0.5488764047622681,-1.3808915615081787,0.47928428649902344,0.6104250550270081,0.6501461863517761,-0.11627519130706787,-0.6589940786361694,1.9279171228408813,-0.6837053298950195,1.4774950742721558,1.3642058372497559,-0.40381303429603577,-2.648434638977051,-0.15581905841827393,2.075028419494629,1.8178938627243042,-1.3101469278335571,1.6607352495193481,-0.9702439308166504,-1.7028911113739014,0.29910701513290405,-0.08318605273962021,-0.3010695278644562,-0.9820099472999573,1.1924984455108643,-0.26142412424087524,-0.16688001155853271
-1.709452509880066,1.2962348461151123,0.7990093231201172,0.591240644454956,-1.3847663402557373,0.44960179924964905,0.6108380556106567,0.7005260586738586,-0.11004096269607544,-0.6935644149780273,1.9291224479675293,-0.6737747192382812,1.4700310230255127,1.3283007144927979,-0.44378742575645447,-2.639256238937378,-0.16902953386306763,2.067350149154663,1.8221712112426758,-1.3032517433166504,1.6733002662658691,-0.9598360061645508,-1.6778006553649902,0.2911666929721832,-0.09289884567260742,-0.27094605565071106,-0.9825142621994019,1.2055182456970215,-0.2698903977870941,-0.16559606790542603
-1.7135632038116455,1.2877857685089111,0.8086356520652771,0.3372155427932739,-1.4175615310668945,0.6262507438659668,0.6475616693496704,0.38428619503974915,-0.29030245542526245,-0.3966450095176697,1.8223731517791748,-0.8410505056381226,1.5651319026947021,1.5074931383132935,0.04548326134681702,-2.5912394523620605,-0.08077985048294067,2.0343165397644043,1.7850617170333862,-1.4117176532745361,1.7164896726608276,-0.8441504240036011,-1.8522322177886963,0.21041898429393768,-0.03443402796983719,-0.5100157260894775,-0.9225876331329346,1.1882262229919434,-0.28441062569618225,-0.21788793802261353
-1.7043482065200806,1.2872657775878906,0.8003450036048889,0.35103005170822144,-1.4209187030792236,0.6237879991531372,0.6360583305358887,0.39613938331604004,-0.2785683870315552,-0.4201505482196808,1.8435453176498413,-0.8385429382324219,1.5639448165893555,1.489624261856079,0.024298787117004395,-2.5795857906341553,-0.08871227502822876,2.0370571613311768,1.7798361778259277,-1.3942346572875977,1.7067502737045288,-0.8570778369903564,-1.8309998512268066,0.22006724774837494,-0.029360055923461914,-0.5056549310684204,-0.9308913350105286,1.189517855644226,-0.2848869860172272,-0.20122720301151276
-1.6326898336410522,1.2258493900299072,0.8238901495933533,0.3417242765426636,-1.458245038986206,0.5605216026306152,0.6712132692337036,0.42309725284576416,-0.2748917043209076,-0.4592500329017639,1.7775428295135498,-0.8318487405776978,1.5736966133117676,1.4940531253814697,0.019625693559646606,-2.5532188415527344,-0.0676872730255127,2.050774574279785,1.8299813270568848,-1.401330590248108,1.7024970054626465,-0.8582508563995361,-1.8222448825836182,0.18895623087882996,-0.023535020649433136,-0.5218541026115417,-0.9195356965065002,1.2431455850601196,-0.22326725721359253,-0.270914763212204
-1.7229835987091064,1.3443135023117065,0.8152919411659241,0.5966349840164185,-1.386412501335144,0.42895200848579407,0.6019717454910278,0.7238578200340271,-0.10505378246307373,-0.6842069625854492,1.9819180965423584,-0.6430544853210449,1.4407070875167847,1.3398548364639282,-0.5272567272186279,-2.6480228900909424,-0.19845199584960938,2.057191848754883,1.788036584854126,-1.3083792924880981,1.726790428161621,-0.9554718732833862,-1.738548755645752,0.29516297578811646,-0.10112114995718002,-0.2438703179359436,-1.0283021926879883,1.2216720581054688,-0.25288867950439453,-0.14707812666893005
-1.674625039100647,1.2631169557571411,0.7968419790267944,0.3601343631744385,-1.358324408531189,0.5846999883651733,0.6669006943702698,0.4573133587837219,-0.22555261850357056,-0.5160303711891174,1.814914584159851,-0.7691614627838135,1.5487874746322632,1.496551752090454,-0.1334691345691681,-2.661412000656128,-0.07007801532745361,2.052870750427246,1.830249309539795,-1.3595088720321655,1.6428395509719849,-0.9489924907684326,-1.793379306793213,0.261868953704834,-0.06561537086963654,-0.44820085167884827,-0.9454219937324524,1.1658474206924438,-0.212889164686203,-0.24798069894313812
-1.6812838315963745,1.2988603115081787,0.8098768591880798,0.4194546341896057,-1.3828831911087036,0.553717851638794,0.6448023915290833,0.5088666081428528,-0.21794110536575317,-0.5315409898757935,1.8764039278030396,-0.7526293992996216,1.525317907333374,1.4647034406661987,-0.20489558577537537,-2.6266348361968994,-0.10953187942504883,2.0433127880096436,1.8048990964889526,-1.3531758785247803,1.689345359802246,-0.9263700842857361,-1.8060415983200073,0.2620454728603363,-0.07158434391021729,-0.41028428077697754,-0.9691635966300964,1.1873085498809814,-0.23084792494773865,-0.18867826461791992
-1.6823887825012207,1.2966361045837402,0.8092679381370544,0.4138317108154297,-1.382103443145752,0.5634204149246216,0.6421167850494385,0.4989480972290039,-0.21777963638305664,-0.5275829434394836,1.8742154836654663,-0.7558580040931702,1.5267395973205566,1.4668090343475342,-0.1904042661190033,-2.627568483352661,-0.1046457290649414,2.0463061332702637,1.803307294845581,-1.351696252822876,1.6836634874343872,-0.9285054206848145,-1.8003498315811157,0.26683592796325684,-0.07149586826562881,-0.41359102725982666,-0.9652652144432068,1.183150053024292,-0.23712947964668274,-0.18623259663581848
-1.6594277620315552,1.2679903507232666,0.8358343243598938,0.39251571893692017,-1.383988380432129,0.5422983169555664,0.668035626411438,0.4947132170200348,-0.2398499846458435,-0.5308608412742615,1.8338494300842285,-0.7457314729690552,1.5252366065979004,1.5013130903244019,-0.18365702033042908,-2.6348862648010254,-0.07522940635681152,2.0402302742004395,1.818110466003418,-1.3435050249099731,1.6908788681030273,-0.9323133230209351,-1.8110055923461914,0.26378047466278076,-0.09037088602781296,-0.39786356687545776,-0.9673370122909546,1.1963067054748535,-0.21555453538894653,-0.20112502574920654
-1.6829290390014648,1.2952085733413696,0.8241820335388184,0.5662572979927063,-1.4355673789978027,0.4362102448940277,0.6160218715667725,0.688271701335907,-0.16230374574661255,-0.6748093366622925,1.9221758842468262,-0.7003894448280334,1.4891330003738403,1.3265669345855713,-0.4011930525302887,-2.5744760036468506,-0.1907515525817871,2.053712844848633,1.7848790884017944,-1.3097522258758545,1.7467612028121948,-0.913845956325531,-1.7335296869277954,0.2356497049331665,-0.07835105061531067,-0.3124971389770508,-0.9925208687782288,1.268491268157959,-0.23664629459381104,-0.18511967360973358
-1.7867431640625,1.2533665895462036,0.8135305643081665,-0.4106980562210083,-0.883108377456665,1.046610713005066,0.8550966382026672,-0.3003174364566803,-0.5266570448875427,-0.029888182878494263,1.5524420738220215,-0.9399130344390869,1.736290454864502,2.316187620162964,0.6365647912025452,-3.0215096473693848,0.3935409188270569,1.8305743932724,1.9172183275222778,-1.5018310546875,1.3656781911849976,-1.1085494756698608,-2.143200635910034,0.4451209306716919,-0.10294218361377716,-0.8026353120803833,-0.773613691329956,0.7544249296188354,-0.15273721516132355,-0.15114785730838776
-1.781132698059082,1.3150789737701416,0.8169722557067871,-0.2802793085575104,-0.9481674432754517,0.9365894198417664,0.8151834011077881,-0.1491771936416626,-0.506716251373291,-0.056915879249572754,1.6577048301696777,-0.9124937653541565,1.6704167127609253,2.2429494857788086,0.44199997186660767,-2.982137680053711,0.2742672264575958,1.8102275133132935,1.944697380065918,-1.4991074800491333,1.4335663318634033,-1.041104793548584,-2.172102689743042,0.4160701334476471,-0.09188775718212128,-0.7412419319152832,-0.8252288699150085,0.79664146900177,-0.1314115822315216,-0.08510762453079224
-1.7726677656173706,1.3088955879211426,0.8036609888076782,-0.2750396728515625,-0.9383928179740906,0.9462578296661377,0.8094215989112854,-0.1510830968618393,-0.4954565763473511,-0.07753169536590576,1.667832374572754,-0.9092652797698975,1.6802465915679932,2.2305400371551514,0.43669313192367554,-2.9759209156036377,0.27666574716567993,1.8118828535079956,1.9351177215576172,-1.4823133945465088,1.4156707525253296,-1.060467004776001,-2.1497280597686768,0.42629504203796387,-0.08772306889295578,-0.7444416284561157,-0.8262609243392944,0.7924801111221313,-0.13183991611003876,-0.07962153851985931
-1.6592463254928589,1.2562460899353027,0.8364934325218201,-0.41626495122909546,-0.9636778235435486,0.9737141132354736,0.8519593477249146,-0.26886579394340515,-0.5028120875358582,-0.023388534784317017,1.5849250555038452,-0.9132968783378601,1.6883435249328613,2.3321304321289062,0.580489993095398,-2.964712381362915,0.4057691693305969,1.8566768169403076,1.9561786651611328,-1.5405302047729492,1.400098443031311,-1.1004329919815063,-2.2157840728759766,0.4480111300945282,-0.07722166925668716,-0.8401628732681274,-0.8370236754417419,0.8278390765190125,-0.07341349124908447,-0.18093664944171906
-1.7985777854919434,1.261718511581421,0.7952251434326172,-0.4641878604888916,-0.8837875127792358,1.070090651512146,0.8502227663993835,-0.35737621784210205,-0.5367070436477661,0.03252953290939331,1.5720988512039185,-0.9708805680274963,1.7397921085357666,2.3667213916778564,0.6933518648147583,-3.0293033123016357,0.4054967761039734,1.810708999633789,1.8964035511016846,-1.5239109992980957,1.3662409782409668,-1.1071916818618774,-2.19585919380188,0.442386269569397,-0.07989546656608582,-0.8479981422424316,-0.7813794612884521,0.7324575781822205,-0.15191063284873962,-0.1374371498823166
-1.7908613681793213,1.3245646953582764,0.8016237616539001,-0.33858805894851685,-0.948712170124054,0.9657019376754761,0.8106904029846191,-0.21111279726028442,-0.5201051831245422,0.00788918137550354,1.6733789443969727,-0.945264458656311,1.6762447357177734,2.2972099781036377,0.5049263834953308,-2.990618944168091,0.28874871134757996,1.7919410467147827,1.9268596172332764,-1.5221071243286133,1.43178391456604,-1.0402002334594727,-2.226656675338745,0.41330957412719727,-0.06931401789188385,-0.7897931337356567,-0.8282815217971802,0.773051917552948,-0.1288350373506546,-0.07161872833967209
-1.7861446142196655,1.2577636241912842,0.8158393502235413,-0.3941637873649597,-0.8927195072174072,1.0355669260025024,0.8504312038421631,-0.2821422219276428,-0.5282965898513794,-0.034277528524398804,1.5635385513305664,-0.9380249381065369,1.7295520305633545,2.3070945739746094,0.6192983388900757,-3.011996269226074,0.38185927271842957,1.8309060335159302,1.9131348133087158,-1.4966894388198853,1.377657175064087,-1.1002534627914429,-2.1432676315307617,0.44277113676071167,-0.10562293231487274,-0.7924904823303223,-0.7777040600776672,0.7619760036468506,-0.15506576001644135,-0.14002247154712677
-1.7816685438156128,1.3248873949050903,0.8232675194740295,-0.2546483874320984,-0.9636910557746887,0.9178487062454224,0.8083935976028442,-0.12110500037670135,-0.5065419673919678,-0.06212875247001648,1.6746011972427368,-0.9066886901855469,1.658808708190918,2.2294111251831055,0.4128185510635376,-2.96844744682312,0.2556944787502289,1.811382532119751,1.93892502784729,-1.4948071241378784,1.4546611309051514,-1.02677321434021,-2.1755409240722656,0.41256654262542725,-0.09617689996957779,-0.7246226072311401,-0.8325008153915405,0.8102244734764099,-0.13597449660301208,-0.07023113965988159
-1.6718720197677612,1.2757205963134766,0.8524467945098877,-0.4025912284851074,-0.9863620400428772,0.9593571424484253,0.8526538014411926,-0.2557920813560486,-0.5081442594528198,-0.0038962066173553467,1.5930200815200806,-0.919302225112915,1.6730841398239136,2.3232951164245605,0.5779991149902344,-2.962631940841675,0.3909020721912384,1.866654396057129,1.9654048681259155,-1.5639877319335938,1.429102897644043,-1.0644662380218506,-2.236804485321045,0.4357398748397827,-0.07915352284908295,-0.8326143026351929,-0.843136727809906,0.84305739402771,-0.0892120897769928,-0.1861024796962738
-1.767190933227539,1.2410118579864502,0.8207620978355408,-0.40513789653778076,-0.8771769404411316,1.0394651889801025,0.8608529567718506,-0.29062381386756897,-0.5276092886924744,-0.060873180627822876,1.5517747402191162,-0.9256348013877869,1.7420471906661987,2.3136725425720215,0.6190198063850403,-3.0103979110717773,0.4003863036632538,1.8322930335998535,1.910336971282959,-1.4706768989562988,1.3567465543746948,-1.1273396015167236,-2.1238601207733154,0.4579659402370453,-0.10969512164592743,-0.7869890332221985,-0.7768387198448181,0.7659663558006287,-0.14848414063453674,-0.14151225984096527
-1.652891755104065,1.2547540664672852,0.8605491518974304,-0.41539424657821655,-0.9727848172187805,0.9610382914543152,0.8621234893798828,-0.26230522990226746,-0.5120853185653687,-0.02951619029045105,1.5787533521652222,-0.9049886465072632,1.680652379989624,2.3366641998291016,0.575684130191803,-2.9620895385742188,0.4117544889450073,1.8649266958236694,1.9624897241592407,-1.5327019691467285,1.4101091623306274,-1.0937724113464355,-2.2162673473358154,0.4531424045562744,-0.08828283101320267,-0.8195449709892273,-0.8421657681465149,0.8443671464920044,-0.08012542128562927,-0.17850588262081146
-1.7847565412521362,1.3962950706481934,0.8377428650856018,-0.1480633020401001,-1.0228415727615356,0.8139517307281494,0.7667766809463501,0.010801702737808228,-0.4826717972755432,-0.07428404688835144,1.7838014364242554,-0.8764899373054504,1.5899944305419922,2.184380292892456,0.23391322791576385,-2.9319570064544678,0.1528283804655075,1.788835883140564,1.9739362001419067,-1.512402892112732,1.518160343170166,-0.9676040410995483,-2.222029209136963,0.3864240348339081,-0.0803007185459137,-0.6663389801979065,-0.8808435797691345,0.8432512879371643,-0.11391698569059372,0.006089538335800171
-1.6732854843139648,1.3386118412017822,0.8655016422271729,-0.2822370231151581,-1.0536497831344604,0.8484551310539246,0.8080242872238159,-0.10910621285438538,-0.4899718165397644,-0.018667906522750854,1.6994832754135132,-0.8885740041732788,1.5998612642288208,2.2714173793792725,0.38481220602989197,-2.927276611328125,0.2756928503513336,1.8385978937149048,1.9954240322113037,-1.5654865503311157,1.500210165977478,-0.9988496899604797,-2.2752389907836914,0.4072364866733551,-0.07156214118003845,-0.7615346908569336,-0.891494631767273,0.87790846824646,-0.06390086561441422,-0.10293370485305786
-1.5609441995620728,1.2821955680847168,0.8917155265808105,-0.4216833710670471,-1.0820636749267578,0.8821020126342773,0.8493037819862366,-0.23796971142292023,-0.4911731481552124,0.03272819519042969,1.6137104034423828,-0.9019913077354431,1.6106168031692505,2.3586020469665527,0.5411365032196045,-2.922750234603882,0.40676745772361755,1.8952809572219849,2.021324872970581,-1.6297985315322876,1.479190707206726,-1.0361902713775635,-2.331460475921631,0.4275798797607422,-0.05733729153871536,-0.8648649454116821,-0.9017989635467529,0.913226842880249,-0.015840500593185425,-0.22242562472820282
-1.7213658094406128,1.3351374864578247,0.8007728457450867,0.47373026609420776,-1.3970715999603271,0.5591909289360046,0.6030886769294739,0.541031002998352,-0.20355653762817383,-0.5391370058059692,1.8963649272918701,-0.7522463202476501,1.5205718278884888,1.4211256504058838,-0.23116549849510193,-2.6076135635375977,-0.1531137228012085,2.061173915863037,1.7629753351211548,-1.3549796342849731,1.7132911682128906,-0.9188905954360962,-1.7911083698272705,0.23930302262306213,-0.05460705608129501,-0.39414483308792114,-0.9455438256263733,1.1827199459075928,-0.2653401494026184,-0.1649666279554367
-1.727523922920227,1.306483507156372,0.7874712944030762,0.4409162402153015,-1.3660211563110352,0.6012259125709534,0.6211374402046204,0.4980296790599823,-0.19819101691246033,-0.5348615050315857,1.8572747707366943,-0.7577457427978516,1.5409706830978394,1.4230177402496338,-0.16624853014945984,-2.6406807899475098,-0.11844110488891602,2.0606086254119873,1.7854442596435547,-1.3507519960403442,1.662001132965088,-0.9344137907028198,-1.7511149644851685,0.2643105983734131,-0.061599284410476685,-0.4134189188480377,-0.9276331663131714,1.1552989482879639,-0.2782258093357086,-0.19537769258022308
-1.7326689958572388,1.33492910861969,0.8167285323143005,0.5543369650840759,-1.4277793169021606,0.5031871795654297,0.5904408693313599,0.6283568739891052,-0.19062718749046326,-0.6042931079864502,1.9208970069885254,-0.7288113832473755,1.4921306371688843,1.344235897064209,-0.3230360448360443,-2.5849735736846924,-0.1898728609085083,2.0634829998016357,1.7592748403549194,-1.3236945867538452,1.7549538612365723,-0.892099916934967,-1.7412846088409424,0.23323553800582886,-0.07289941608905792,-0.3213590085506439,-0.9703580141067505,1.221434473991394,-0.2953311502933502,-0.15012124180793762
-1.695483684539795,1.301584005355835,0.8402643799781799,0.5624211430549622,-1.4516968727111816,0.45296189188957214,0.6086176037788391,0.6519849896430969,-0.1998973786830902,-0.6192412972450256,1.9023232460021973,-0.7184872031211853,1.4849164485931396,1.3564667701721191,-0.3346509039402008,-2.5641732215881348,-0.17395329475402832,2.050462484359741,1.7865914106369019,-1.317142128944397,1.7682219743728638,-0.8791593909263611,-1.7454712390899658,0.22681206464767456,-0.08824211359024048,-0.3019336462020874,-0.9821962118148804,1.2530171871185303,-0.27505162358283997,-0.15211963653564453
-1.6219040155410767,1.2224785089492798,0.8216757774353027,0.4618363380432129,-1.4011605978012085,0.4862479567527771,0.6511870622634888,0.6044619679450989,-0.13283270597457886,-0.6814473271369934,1.8574074506759644,-0.7020829916000366,1.5133646726608276,1.3893523216247559,-0.32452592253685,-2.6268534660339355,-0.10441321134567261,2.0810656547546387,1.8421716690063477,-1.3133243322372437,1.645876407623291,-0.983007550239563,-1.7032907009124756,0.28511133790016174,-0.08726822584867477,-0.3751056492328644,-0.962875485420227,1.2421989440917969,-0.18660211563110352,-0.2520163059234619
-1.690765142440796,1.236445426940918,0.7928436398506165,0.3472192883491516,-1.3861743211746216,0.5805783271789551,0.6905431747436523,0.43753036856651306,-0.29887664318084717,-0.4796803295612335,1.7607628107070923,-0.8258150219917297,1.5817463397979736,1.4793986082077026,-0.01277962327003479,-2.6167473793029785,-0.0752183198928833,2.0217740535736084,1.826952338218689,-1.3810182809829712,1.6837646961212158,-0.8804821968078613,-1.8001130819320679,0.18774130940437317,-0.0387948676943779,-0.49040934443473816,-0.9289841055870056,1.1930700540542603,-0.22189787030220032,-0.28702789545059204
-1.6621880531311035,1.218589425086975,0.8031861186027527,0.33809512853622437,-1.3900892734527588,0.5657296180725098,0.7005535364151001,0.437903493642807,-0.3044487237930298,-0.5006990432739258,1.7624419927597046,-0.8173919916152954,1.5827466249465942,1.491100788116455,-0.024228304624557495,-2.608884572982788,-0.06153613328933716,2.01556396484375,1.8279463052749634,-1.3562124967575073,1.6782233715057373,-0.8974399566650391,-1.7974247932434082,0.197288379073143,-0.04387321695685387,-0.48136913776397705,-0.9456334710121155,1.2063405513763428,-0.20464107394218445,-0.27866438031196594
-1.7882755994796753,1.3363513946533203,0.755678117275238,-0.39103519916534424,-0.8622159361839294,1.0902330875396729,0.7975187301635742,-0.33120831847190857,-0.47166842222213745,0.013984829187393188,1.7017097473144531,-0.9357326626777649,1.727602481842041,2.350292205810547,0.5518152713775635,-3.0290818214416504,0.34866848587989807,1.82012939453125,1.8183494806289673,-1.478254795074463,1.360486626625061,-1.1636531352996826,-2.2205471992492676,0.48754727840423584,-0.07717054337263107,-0.8290817141532898,-0.808585524559021,0.6968096494674683,-0.16059395670890808,-0.046680599451065063
-1.7880668640136719,1.3356231451034546,0.756593644618988,-0.3959912657737732,-0.8605511784553528,1.0913357734680176,0.7991790175437927,-0.3348795473575592,-0.47318950295448303,0.016912400722503662,1.699039101600647,-0.9364989995956421,1.7285152673721313,2.3551623821258545,0.5560008883476257,-3.030503511428833,0.3510057330131531,1.818261742591858,1.8197362422943115,-1.4798338413238525,1.359314203262329,-1.1641514301300049,-2.223517894744873,0.48725056648254395,-0.07682167738676071,-0.8319271802902222,-0.8077854514122009,0.6953616142272949,-0.15858303010463715,-0.04769060015678406
-1.7878758907318115,1.3357192277908325,0.756332278251648,-0.3946959972381592,-0.8607242107391357,1.0909333229064941,0.7990122437477112,-0.3337841331958771,-0.47288307547569275,0.015800118446350098,1.6994444131851196,-0.9362152218818665,1.7284218072891235,2.3538756370544434,0.5547045469284058,-3.0302107334136963,0.3505593538284302,1.8187426328659058,1.8196558952331543,-1.4795703887939453,1.3594368696212769,-1.1642396450042725,-2.2227773666381836,0.48720139265060425,-0.07693501561880112,-0.8312331438064575,-0.8079020977020264,0.6957789063453674,-0.15870115160942078,-0.04776112735271454
-1.753049612045288,1.328473687171936,0.7891935110092163,-0.22370928525924683,-0.8918696641921997,0.9918836355209351,0.7960391044616699,-0.14141564071178436,-0.4483146071434021,-0.13774463534355164,1.7005449533462524,-0.8674214482307434,1.7110852003097534,2.214386463165283,0.36825570464134216,-2.9659676551818848,0.2789551317691803,1.855654239654541,1.8379919528961182,-1.4220006465911865,1.3975673913955688,-1.1456373929977417,-2.119967222213745,0.47050386667251587,-0.11739831417798996,-0.7221024036407471,-0.8065216541290283,0.7762066125869751,-0.15111234784126282,-0.05037626624107361
-1.7538514137268066,1.328607201576233,0.7902632355690002,-0.22710642218589783,-0.8897745609283447,0.9933204650878906,0.7971792817115784,-0.14421860873699188,-0.4493570923805237,-0.13582277297973633,1.6988102197647095,-0.8673225045204163,1.7114477157592773,2.2179057598114014,0.37056320905685425,-2.968277931213379,0.2806318402290344,1.8546159267425537,1.8390488624572754,-1.422877311706543,1.3966045379638672,-1.1462411880493164,-2.1220381259918213,0.47112494707107544,-0.11810305714607239,-0.7229453325271606,-0.8058617115020752,0.7747668027877808,-0.15032607316970825,-0.05079633742570877
-1.74924635887146,1.3913531303405762,0.7862142324447632,-0.061225973069667816,-0.9423658847808838,0.857750415802002,0.7645196914672852,0.05525081977248192,-0.4038928151130676,-0.22418351471424103,1.8329304456710815,-0.806665301322937,1.6436188220977783,2.096510410308838,0.10069511830806732,-2.920764446258545,0.14472657442092896,1.8419334888458252,1.8444563150405884,-1.3964250087738037,1.4704484939575195,-1.101093053817749,-2.1193251609802246,0.45371130108833313,-0.11300283670425415,-0.6220083832740784,-0.888685941696167,0.8458815813064575,-0.12550553679466248,0.0008502304553985596
-1.7494934797286987,1.3909729719161987,0.7826690077781677,-0.07145429402589798,-0.9289953112602234,0.8708332180976868,0.7671144008636475,0.04207558557391167,-0.39972123503685,-0.22539518773555756,1.8320395946502686,-0.8049837350845337,1.6488490104675293,2.1032609939575195,0.1040666252374649,-2.932224988937378,0.15231433510780334,1.8438529968261719,1.8420624732971191,-1.394437313079834,1.4583299160003662,-1.1147133111953735,-2.118281841278076,0.46132591366767883,-0.11377602815628052,-0.6265700459480286,-0.8866614699363708,0.8369183540344238,-0.12389586865901947,-0.0031805485486984253
-1.6507055759429932,1.34499192237854,0.8255347013473511,-0.25623461604118347,-0.9693039059638977,0.9315424561500549,0.8077124953269958,-0.14416436851024628,-0.4254099130630493,-0.10620978474617004,1.7147560119628906,-0.8482524156570435,1.6506381034851074,2.2360076904296875,0.34900012612342834,-2.9513137340545654,0.31287044286727905,1.8995943069458008,1.9156965017318726,-1.502814531326294,1.4250842332839966,-1.122599482536316,-2.200593948364258,0.4763732850551605,-0.09116825461387634,-0.753007709980011,-0.8752821683883667,0.8420724868774414,-0.09354864805936813,-0.11590833961963654
-1.6487733125686646,1.3431074619293213,0.825398862361908,-0.260855495929718,-0.9670462608337402,0.932749330997467,0.8097381591796875,-0.1477368175983429,-0.42638206481933594,-0.10507866740226746,1.7109365463256836,-0.8487070798873901,1.6528000831604004,2.240396499633789,0.35300496220588684,-2.9522902965545654,0.31597447395324707,1.8981295824050903,1.9174236059188843,-1.5041087865829468,1.422209620475769,-1.1249535083770752,-2.202237844467163,0.4757125973701477,-0.09023915231227875,-0.756758987903595,-0.8736056089401245,0.8404106497764587,-0.08988651633262634,-0.11799944192171097
-1.749817967414856,1.3291314840316772,0.7883539795875549,-0.2186853587627411,-0.8960155844688416,0.9874718189239502,0.7949870824813843,-0.13365821540355682,-0.44953328371047974,-0.13890326023101807,1.7039804458618164,-0.8680267930030823,1.711132287979126,2.211627244949341,0.36283040046691895,-2.95790958404541,0.27485865354537964,1.854002833366394,1.834242582321167,-1.4228099584579468,1.4034240245819092,-1.142733097076416,-2.1233999729156494,0.46630769968032837,-0.11646892130374908,-0.7239315509796143,-0.8064917325973511,0.7800395488739014,-0.1472291499376297,-0.04814055562019348
-1.7569631338119507,1.3314049243927002,0.788313090801239,-0.2205616682767868,-0.8830063343048096,0.9977401494979858,0.7907738089561462,-0.14122134447097778,-0.4471532106399536,-0.14943858981132507,1.7121354341506958,-0.8604318499565125,1.705350399017334,2.2109217643737793,0.35675913095474243,-2.973966598510742,0.28127521276474,1.856682300567627,1.8383277654647827,-1.4090698957443237,1.3890677690505981,-1.156802773475647,-2.1068358421325684,0.48513445258140564,-0.12427834421396255,-0.7054795622825623,-0.8127033710479736,0.7691234946250916,-0.15644395351409912,-0.035045474767684937
-1.755705714225769,1.3190594911575317,0.8090579509735107,-0.2576872706413269,-0.8764687776565552,1.0070301294326782,0.8071894645690918,-0.17425212264060974,-0.4622785151004791,-0.13809716701507568,1.6801084280014038,-0.858348548412323,1.701659917831421,2.243574619293213,0.3904426693916321,-2.9972453117370605,0.31352499127388,1.8615236282348633,1.8576034307479858,-1.4092637300491333,1.3765329122543335,-1.1664882898330688,-2.1081044673919678,0.49491140246391296,-0.13378849625587463,-0.696677029132843,-0.809836208820343,0.7615020871162415,-0.15707294642925262,-0.04378083348274231
