,0,1,2,3,4,5
0,OH-C-CO,8,6266528,5,#5F9EA0,0
1,O-C-CO,18,16738740,15,#FF69B4,0
2,OH-C-CO,8,6266528,5,#5F9EA0,1
3,O-C-CO,18,16738740,15,#FF69B4,1
4,OH-C-CO,8,6266528,5,#5F9EA0,2
5,O-C-CO,18,16738740,15,#FF69B4,2
6,OH-C-CO,8,6266528,5,#5F9EA0,3
7,O-C-CO,18,16738740,15,#FF69B4,3
8,OH-C-CC,7,11393254,2,#ADD8E6,4
9,O-N,24,10824234,7,#A52A2A,4
10,O-N,24,10824234,7,#A52A2A,4
11,O-N,24,10824234,7,#A52A2A,4
12,O-N,24,10824234,7,#A52A2A,4
13,OH-C-CO,8,6266528,5,#5F9EA0,5
14,O-C-CO,18,16738740,15,#FF69B4,5
15,OH-C-CO,8,6266528,5,#5F9EA0,6
16,O-C-CO,18,16738740,15,#FF69B4,6
17,O-C-CN,17,16716947,3,#FF1493,7
18,OH-CH-CC,4,3978097,15,#3CB371,10
19,OH-CHH-C,5,10025880,9,#98FB98,10
20,O-C-CO,18,16738740,15,#FF69B4,11
21,O-CC,1,16747520,7,#FF8C00,11
22,O-C-CC,15,16758465,11,#FFB6C1,12
23,O-C-CC,15,16758465,11,#FFB6C1,12
24,OH-C-CC,7,11393254,2,#ADD8E6,13
25,OH-CHH-C,5,10025880,9,#98FB98,14
26,O-C-CN,17,16716947,3,#FF1493,15
27,OH-CHH-C,5,10025880,9,#98FB98,18
28,S-O-C,25,12092939,3,#B8860B,19
29,O=S,27,8421376,7,#808000,19
30,O=S,27,8421376,7,#808000,19
31,S-O-C,25,12092939,3,#B8860B,19
32,O-C-CN,17,16716947,3,#FF1493,20
33,OH-C-CC,7,11393254,2,#ADD8E6,20
34,O-CH-C,16,16770273,1,#FFE4E1,21
35,O-CH-C,16,16770273,1,#FFE4E1,22
36,O-CC,1,16747520,7,#FF8C00,22
37,OH-CHHH,6,14423100,5,#DC143C,23
38,OH-CH-CC,4,3978097,15,#3CB371,24
39,O-C-CC,15,16758465,11,#FFB6C1,25
40,O=S,27,8421376,7,#808000,26
41,O=S,27,8421376,7,#808000,27
42,O=S,27,8421376,7,#808000,27
43,OH-C-CO,8,6266528,5,#5F9EA0,28
44,O-C-CO,18,16738740,15,#FF69B4,28
45,OH-C-CC,7,11393254,2,#ADD8E6,28
46,O-C-CC,15,16758465,11,#FFB6C1,29
47,O-N,24,10824234,7,#A52A2A,30
48,O-N,24,10824234,7,#A52A2A,30
49,O-N,24,10824234,7,#A52A2A,30
50,O-N,24,10824234,7,#A52A2A,30
51,O-C-CC,15,16758465,11,#FFB6C1,31
52,OH-C-CC,7,11393254,2,#ADD8E6,31
53,OH-CHH-C,5,10025880,9,#98FB98,32
54,OH-CHH-C,5,10025880,9,#98FB98,33
55,OH-C-CO,8,6266528,5,#5F9EA0,35
56,O-C-CO,18,16738740,15,#FF69B4,35
57,OH-C-CCC,3,6737322,1,#66CDAA,39
58,OH-CHH-C,5,10025880,9,#98FB98,40
59,OH-CHH-C,5,10025880,9,#98FB98,41
60,OH-C-CCC,3,6737322,1,#66CDAA,42
61,O-C-CC,15,16758465,11,#FFB6C1,43
62,OH-C-CO,8,6266528,5,#5F9EA0,44
63,O-C-CO,18,16738740,15,#FF69B4,44
64,OH-C-CCC,3,6737322,1,#66CDAA,45
65,O=S,27,8421376,7,#808000,46
66,O=S,27,8421376,7,#808000,46
67,O-CH-C,16,16770273,1,#FFE4E1,49
68,O-CH-C,16,16770273,1,#FFE4E1,50
69,O-C-CC,15,16758465,11,#FFB6C1,51
70,O-C-CN,17,16716947,3,#FF1493,52
71,O-C-CN,17,16716947,3,#FF1493,53
72,O-C-CN,17,16716947,3,#FF1493,54
73,OH-C-CO,8,6266528,5,#5F9EA0,55
74,O-C-CO,18,16738740,15,#FF69B4,55
75,O-C-CN,17,16716947,3,#FF1493,56
76,O-CC,1,16747520,7,#FF8C00,57
77,O-C-CO,18,16738740,15,#FF69B4,57
78,OH-C-CO,8,6266528,5,#5F9EA0,58
79,O-C-CO,18,16738740,15,#FF69B4,58
80,OH-C-CC,7,11393254,2,#ADD8E6,59
81,O-CC,1,16747520,7,#FF8C00,60
82,O-C-CO,18,16738740,15,#FF69B4,60
83,O-N,24,10824234,7,#A52A2A,61
84,O-N,24,10824234,7,#A52A2A,61
85,O-N,24,10824234,7,#A52A2A,63
86,O-N,24,10824234,7,#A52A2A,63
87,O-CC,1,16747520,7,#FF8C00,64
88,O-C-CO,18,16738740,15,#FF69B4,64
89,O-C-CO,18,16738740,15,#FF69B4,64
90,O-CC,1,16747520,7,#FF8C00,64
91,O-CC,1,16747520,7,#FF8C00,65
92,O-C-CO,18,16738740,15,#FF69B4,65
93,O-C-CO,18,16738740,15,#FF69B4,65
94,O-CC,1,16747520,7,#FF8C00,65
95,O-N,24,10824234,7,#A52A2A,66
96,O-N,24,10824234,7,#A52A2A,66
97,O-N,24,10824234,7,#A52A2A,68
98,O-N,24,10824234,7,#A52A2A,68
99,OH-CHH-C,5,10025880,9,#98FB98,70
100,O-CC,1,16747520,7,#FF8C00,70
101,O-C-CO,18,16738740,15,#FF69B4,70
102,OH-C-CC,7,11393254,2,#ADD8E6,70
103,OH-C-CC,7,11393254,2,#ADD8E6,73
104,OH-C-CC,7,11393254,2,#ADD8E6,74
105,OH-C-CC,7,11393254,2,#ADD8E6,74
106,OH-C-CC,7,11393254,2,#ADD8E6,74
107,OH-C-CC,7,11393254,2,#ADD8E6,75
108,OH-C-CC,7,11393254,2,#ADD8E6,76
109,OH-C-CC,7,11393254,2,#ADD8E6,76
110,OH-C-CC,7,11393254,2,#ADD8E6,78
111,O-C-CC,15,16758465,11,#FFB6C1,79
112,OH-C-CC,7,11393254,2,#ADD8E6,80
113,OH-C-CO,8,6266528,5,#5F9EA0,81
114,O-C-CO,18,16738740,15,#FF69B4,81
115,O-C-CN,17,16716947,3,#FF1493,82
116,O-N,24,10824234,7,#A52A2A,83
117,O-N,24,10824234,7,#A52A2A,83
118,OH-C-CC,7,11393254,2,#ADD8E6,84
119,O-N,24,10824234,7,#A52A2A,84
120,O-N,24,10824234,7,#A52A2A,84
121,O-N,24,10824234,7,#A52A2A,85
122,O-N,24,10824234,7,#A52A2A,85
123,O-N,24,10824234,7,#A52A2A,86
124,O-N,24,10824234,7,#A52A2A,86
125,OH-C-CC,7,11393254,2,#ADD8E6,87
126,O-N,24,10824234,7,#A52A2A,87
127,O-N,24,10824234,7,#A52A2A,87
128,OH-C-CC,7,11393254,2,#ADD8E6,88
129,OH-N,12,15787660,7,#F0E68C,89
130,O-C-CN,17,16716947,3,#FF1493,89
131,OH-C-CC,7,11393254,2,#ADD8E6,89
132,O-C-CC,15,16758465,11,#FFB6C1,90
133,OH-C-CC,7,11393254,2,#ADD8E6,90
134,OH-C-CC,7,11393254,2,#ADD8E6,90
135,OH-CHH-C,5,10025880,9,#98FB98,91
136,OH-C-CC,7,11393254,2,#ADD8E6,92
137,OH-CHH-C,5,10025880,9,#98FB98,93
138,OH-C-CC,7,11393254,2,#ADD8E6,93
139,OH-C-CC,7,11393254,2,#ADD8E6,94
140,O-CH-C,16,16770273,1,#FFE4E1,94
141,O-CC,1,16747520,7,#FF8C00,95
142,OH-C-CC,7,11393254,2,#ADD8E6,98
143,OH-C-CC,7,11393254,2,#ADD8E6,99
144,O-CH-C,16,16770273,1,#FFE4E1,99
145,OH-C-CC,7,11393254,2,#ADD8E6,100
146,O-CH-C,16,16770273,1,#FFE4E1,100
147,OH-C-CC,7,11393254,2,#ADD8E6,101
148,O-C-CC,15,16758465,11,#FFB6C1,102
149,OH-CH-CC,4,3978097,15,#3CB371,103
150,OH-C-CC,7,11393254,2,#ADD8E6,111
151,OH-CH-CC,4,3978097,15,#3CB371,113
152,O-C-CC,15,16758465,11,#FFB6C1,114
153,O-CC,1,16747520,7,#FF8C00,115
154,O-C-CO,18,16738740,15,#FF69B4,115
155,O-CC,1,16747520,7,#FF8C00,116
156,O-C-CO,18,16738740,15,#FF69B4,116
157,O-C-CC,15,16758465,11,#FFB6C1,117
158,O-C-CC,15,16758465,11,#FFB6C1,117
159,O-C-CO,18,16738740,15,#FF69B4,118
160,O-CC,1,16747520,7,#FF8C00,118
161,O-C-CO,18,16738740,15,#FF69B4,119
162,O-CC,1,16747520,7,#FF8C00,119
163,O-CC,1,16747520,7,#FF8C00,120
164,O-C-CO,18,16738740,15,#FF69B4,120
165,O-CC,1,16747520,7,#FF8C00,121
166,O-C-CO,18,16738740,15,#FF69B4,121
167,OH-C-CC,7,11393254,2,#ADD8E6,122
168,O-C-CO,18,16738740,15,#FF69B4,122
169,O-CC,1,16747520,7,#FF8C00,122
170,O-CC,1,16747520,7,#FF8C00,123
171,O-C-CO,18,16738740,15,#FF69B4,123
172,OH-C-CC,7,11393254,2,#ADD8E6,123
173,O-CC,1,16747520,7,#FF8C00,124
174,O-C-CO,18,16738740,15,#FF69B4,124
175,O-CC,1,16747520,7,#FF8C00,124
176,OH-N,12,15787660,7,#F0E68C,125
177,OH-C-CC,7,11393254,2,#ADD8E6,125
178,OH-C-CC,7,11393254,2,#ADD8E6,126
179,O-CH-C,16,16770273,1,#FFE4E1,126
180,OH-C-CC,7,11393254,2,#ADD8E6,126
181,OH-C-CC,7,11393254,2,#ADD8E6,128
182,OH-C-CC,7,11393254,2,#ADD8E6,132
183,OH-C-CC,7,11393254,2,#ADD8E6,135
184,OH-C-CC,7,11393254,2,#ADD8E6,136
185,OH-C-CC,7,11393254,2,#ADD8E6,136
186,OH-C-CC,7,11393254,2,#ADD8E6,139
187,OH-C-CC,7,11393254,2,#ADD8E6,144
188,OH-C-CC,7,11393254,2,#ADD8E6,145
189,OH-C-CC,7,11393254,2,#ADD8E6,146
190,OH-C-CC,7,11393254,2,#ADD8E6,147
191,OH-C-CC,7,11393254,2,#ADD8E6,147
192,OH-C-CC,7,11393254,2,#ADD8E6,149
193,O-C-CC,15,16758465,11,#FFB6C1,150
194,O-C-CC,15,16758465,11,#FFB6C1,150
195,O-C-CO,18,16738740,15,#FF69B4,151
196,O-CC,1,16747520,7,#FF8C00,151
197,OH-CHH-C,5,10025880,9,#98FB98,152
198,OH-CH-CC,4,3978097,15,#3CB371,154
199,O-C-CC,15,16758465,11,#FFB6C1,155
200,OH-CH-CC,4,3978097,15,#3CB371,156
201,OH-N,12,15787660,7,#F0E68C,157
202,O-CC,1,16747520,7,#FF8C00,158
203,O-C-CO,18,16738740,15,#FF69B4,158
204,O-CC,1,16747520,7,#FF8C00,159
205,O-C-CO,18,16738740,15,#FF69B4,159
206,O-C-CO,18,16738740,15,#FF69B4,160
207,O-CC,1,16747520,7,#FF8C00,160
208,O-N,24,10824234,7,#A52A2A,161
209,O-N,24,10824234,7,#A52A2A,161
210,O-N,24,10824234,7,#A52A2A,161
211,O-N,24,10824234,7,#A52A2A,161
212,OH-C-CC,7,11393254,2,#ADD8E6,162
213,OH-C-CC,7,11393254,2,#ADD8E6,162
214,O-CC,1,16747520,7,#FF8C00,163
215,OH-C-CC,7,11393254,2,#ADD8E6,163
216,O-CC,1,16747520,7,#FF8C00,164
217,OH-C-CC,7,11393254,2,#ADD8E6,164
218,O-CC,1,16747520,7,#FF8C00,165
219,O-C-CO,18,16738740,15,#FF69B4,165
220,O-CC,1,16747520,7,#FF8C00,166
221,O-C-CO,18,16738740,15,#FF69B4,166
222,O-CC,1,16747520,7,#FF8C00,167
223,O-C-CO,18,16738740,15,#FF69B4,167
224,O-CC,1,16747520,7,#FF8C00,168
225,O-C-CO,18,16738740,15,#FF69B4,168
226,O-CH-C,16,16770273,1,#FFE4E1,169
227,O-CH-C,16,16770273,1,#FFE4E1,170
228,OH-C-CC,7,11393254,2,#ADD8E6,171
229,O-C-CC,15,16758465,11,#FFB6C1,173
230,O-N,24,10824234,7,#A52A2A,175
231,O-N,24,10824234,7,#A52A2A,175
232,O-C-CC,15,16758465,11,#FFB6C1,176
233,OH-C-CO,8,6266528,5,#5F9EA0,177
234,O-C-CO,18,16738740,15,#FF69B4,177
235,OH-C-CC,7,11393254,2,#ADD8E6,177
236,O-N,24,10824234,7,#A52A2A,178
237,O-N,24,10824234,7,#A52A2A,178
238,O-N,24,10824234,7,#A52A2A,179
239,O-N,24,10824234,7,#A52A2A,179
240,OH-C-CC,7,11393254,2,#ADD8E6,180
241,O-N,24,10824234,7,#A52A2A,180
242,O-N,24,10824234,7,#A52A2A,180
243,O-N,24,10824234,7,#A52A2A,181
244,O-N,24,10824234,7,#A52A2A,181
245,O-N,24,10824234,7,#A52A2A,182
246,O-N,24,10824234,7,#A52A2A,182
247,O-N,24,10824234,7,#A52A2A,183
248,O-N,24,10824234,7,#A52A2A,183
249,O-N,24,10824234,7,#A52A2A,184
250,O-N,24,10824234,7,#A52A2A,184
251,O-CH-C,16,16770273,1,#FFE4E1,184
252,O-N,24,10824234,7,#A52A2A,185
253,O-N,24,10824234,7,#A52A2A,185
254,O-N,24,10824234,7,#A52A2A,185
255,O-N,24,10824234,7,#A52A2A,185
256,OH-C-CO,8,6266528,5,#5F9EA0,186
257,O-C-CO,18,16738740,15,#FF69B4,186
258,O-CC,1,16747520,7,#FF8C00,187
259,O-C-CO,18,16738740,15,#FF69B4,187
260,O-CC,1,16747520,7,#FF8C00,188
261,O-C-CO,18,16738740,15,#FF69B4,188
262,OH-C-CC,7,11393254,2,#ADD8E6,188
263,O-CC,1,16747520,7,#FF8C00,189
264,O-C-CO,18,16738740,15,#FF69B4,189
265,O-N,24,10824234,7,#A52A2A,189
266,O-N,24,10824234,7,#A52A2A,189
267,OH-C-CO,8,6266528,5,#5F9EA0,191
268,O-C-CO,18,16738740,15,#FF69B4,191
269,OH-C-CC,7,11393254,2,#ADD8E6,191
270,OH-C-CC,7,11393254,2,#ADD8E6,192
271,O-N,24,10824234,7,#A52A2A,192
272,O-N,24,10824234,7,#A52A2A,192
273,O-CC,1,16747520,7,#FF8C00,193
274,O-C-CC,15,16758465,11,#FFB6C1,193
275,O-CH-C,16,16770273,1,#FFE4E1,194
276,O-N,24,10824234,7,#A52A2A,195
277,O-N,24,10824234,7,#A52A2A,195
278,O-N,24,10824234,7,#A52A2A,196
279,O-N,24,10824234,7,#A52A2A,196
280,O-N,24,10824234,7,#A52A2A,197
281,O-N,24,10824234,7,#A52A2A,197
282,O-CC,1,16747520,7,#FF8C00,198
283,O-N,24,10824234,7,#A52A2A,198
284,O-N,24,10824234,7,#A52A2A,198
285,O-N,24,10824234,7,#A52A2A,199
286,O-N,24,10824234,7,#A52A2A,199
287,O-N,24,10824234,7,#A52A2A,199
288,O-N,24,10824234,7,#A52A2A,199
289,OH-CHH-C,5,10025880,9,#98FB98,200
290,O-CH-C,16,16770273,1,#FFE4E1,205
291,O-CC,1,16747520,7,#FF8C00,211
292,OH-CHH-C,5,10025880,9,#98FB98,211
293,O-CC,1,16747520,7,#FF8C00,211
294,OH-C-CC,7,11393254,2,#ADD8E6,212
295,O-CH-C,16,16770273,1,#FFE4E1,212
296,OH-C-CCC,3,6737322,1,#66CDAA,213
297,OH-CHH-C,5,10025880,9,#98FB98,216
298,OH-CHH-C,5,10025880,9,#98FB98,216
299,OH-CHH-C,5,10025880,9,#98FB98,216
300,OH-C-CCC,3,6737322,1,#66CDAA,217
301,O-CC,1,16747520,7,#FF8C00,218
302,O-C-CO,18,16738740,15,#FF69B4,218
303,O-C-CO,18,16738740,15,#FF69B4,219
304,O-CC,1,16747520,7,#FF8C00,219
305,O-C-CN,17,16716947,3,#FF1493,224
306,OH-C-CC,7,11393254,2,#ADD8E6,224
307,OH-C-CC,7,11393254,2,#ADD8E6,225
308,O-C-CO,18,16738740,15,#FF69B4,226
309,O-CC,1,16747520,7,#FF8C00,226
310,OH-CHH-C,5,10025880,9,#98FB98,229
311,O-C-CO,18,16738740,15,#FF69B4,230
312,O-CC,1,16747520,7,#FF8C00,230
313,OH-CHH-C,5,10025880,9,#98FB98,231
314,O-CH-C,16,16770273,1,#FFE4E1,235
315,O-CH-C,16,16770273,1,#FFE4E1,236
316,OH-C-CC,7,11393254,2,#ADD8E6,238
317,O-N,24,10824234,7,#A52A2A,238
318,O-CC,1,16747520,7,#FF8C00,239
319,O-CH-C,16,16770273,1,#FFE4E1,240
320,OH-CH-CC,4,3978097,15,#3CB371,241
321,O-CC,1,16747520,7,#FF8C00,242
322,O-C-CO,18,16738740,15,#FF69B4,242
323,O-CC,1,16747520,7,#FF8C00,243
324,O-C-CO,18,16738740,15,#FF69B4,243
325,O-CC,1,16747520,7,#FF8C00,244
326,O-C-CO,18,16738740,15,#FF69B4,244
327,O-C-CO,18,16738740,15,#FF69B4,245
328,O-CC,1,16747520,7,#FF8C00,245
329,O-CC,1,16747520,7,#FF8C00,246
330,O-C-CO,18,16738740,15,#FF69B4,246
331,OH-C-CO,8,6266528,5,#5F9EA0,247
332,O-C-CO,18,16738740,15,#FF69B4,247
333,O-CC,1,16747520,7,#FF8C00,248
334,O-C-CO,18,16738740,15,#FF69B4,248
335,O-CC,1,16747520,7,#FF8C00,249
336,O-C-CO,18,16738740,15,#FF69B4,249
337,O-C-CO,18,16738740,15,#FF69B4,249
338,O-CC,1,16747520,7,#FF8C00,249
339,O-CC,1,16747520,7,#FF8C00,250
340,O-C-CO,18,16738740,15,#FF69B4,250
341,OH-CHH-C,5,10025880,9,#98FB98,251
342,OH-CHH-C,5,10025880,9,#98FB98,251
343,O-CC,1,16747520,7,#FF8C00,252
344,O-C-CO,18,16738740,15,#FF69B4,252
345,OH-C-CC,7,11393254,2,#ADD8E6,253
346,O-CC,1,16747520,7,#FF8C00,254
347,O-C-CO,18,16738740,15,#FF69B4,254
348,O-C-CO,18,16738740,15,#FF69B4,254
349,O-CC,1,16747520,7,#FF8C00,254
350,O-CC,1,16747520,7,#FF8C00,255
351,O-C-CO,18,16738740,15,#FF69B4,255
352,O-C-CO,18,16738740,15,#FF69B4,255
353,O-CC,1,16747520,7,#FF8C00,255
354,O-CC,1,16747520,7,#FF8C00,256
355,O-C-CO,18,16738740,15,#FF69B4,256
356,OH-C-CC,7,11393254,2,#ADD8E6,260
357,OH-C-CC,7,11393254,2,#ADD8E6,262
358,O-CC,1,16747520,7,#FF8C00,265
359,O-C-CO,18,16738740,15,#FF69B4,265
360,O-CC,1,16747520,7,#FF8C00,266
361,O-C-CO,18,16738740,15,#FF69B4,266
362,O-C-CO,18,16738740,15,#FF69B4,266
363,O-CC,1,16747520,7,#FF8C00,266
364,O-C-CO,18,16738740,15,#FF69B4,267
365,O-CC,1,16747520,7,#FF8C00,267
366,O-C-CO,18,16738740,15,#FF69B4,268
367,O-CC,1,16747520,7,#FF8C00,268
368,O-CC,1,16747520,7,#FF8C00,269
369,O-C-CO,18,16738740,15,#FF69B4,269
370,O-C-CO,18,16738740,15,#FF69B4,269
371,O-CC,1,16747520,7,#FF8C00,269
372,O-CH-C,16,16770273,1,#FFE4E1,271
373,OH-CHH-C,5,10025880,9,#98FB98,273
374,OH-CHH-C,5,10025880,9,#98FB98,277
375,OH-CHH-C,5,10025880,9,#98FB98,278
376,OH-N,12,15787660,7,#F0E68C,279
377,O-CC,1,16747520,7,#FF8C00,280
378,O-CH-O,23,12211667,7,#BA55D3,280
379,OH-CH-CC,4,3978097,15,#3CB371,281
380,OH-C-CCC,3,6737322,1,#66CDAA,281
381,O-CC,1,16747520,7,#FF8C00,282
382,O-C-CO,18,16738740,15,#FF69B4,282
383,O-CH-C,16,16770273,1,#FFE4E1,285
384,O-C-CC,15,16758465,11,#FFB6C1,286
385,OH-CH-CC,4,3978097,15,#3CB371,287
386,OH-CHH-C,5,10025880,9,#98FB98,287
387,OH-C-CO,8,6266528,5,#5F9EA0,288
388,O-C-CO,18,16738740,15,#FF69B4,288
389,OH-C-CO,8,6266528,5,#5F9EA0,289
390,O-C-CO,18,16738740,15,#FF69B4,289
391,OH-C-CO,8,6266528,5,#5F9EA0,290
392,O-C-CO,18,16738740,15,#FF69B4,290
393,O-N,24,10824234,7,#A52A2A,291
394,O-N,24,10824234,7,#A52A2A,291
395,O-C-CO,18,16738740,15,#FF69B4,292
396,O-CC,1,16747520,7,#FF8C00,292
397,O-C-CC,15,16758465,11,#FFB6C1,293
398,O-CC,1,16747520,7,#FF8C00,294
399,O-C-CO,18,16738740,15,#FF69B4,294
400,O-CC,1,16747520,7,#FF8C00,295
401,O-C-CO,18,16738740,15,#FF69B4,295
402,O-C-CO,18,16738740,15,#FF69B4,296
403,O-CC,1,16747520,7,#FF8C00,296
404,OH-C-CC,7,11393254,2,#ADD8E6,297
405,OH-C-CC,7,11393254,2,#ADD8E6,298
406,OH-C-CC,7,11393254,2,#ADD8E6,300
407,OH-C-CC,7,11393254,2,#ADD8E6,300
408,O-CC,1,16747520,7,#FF8C00,303
409,O-C-CO,18,16738740,15,#FF69B4,303
410,O-C-CO,18,16738740,15,#FF69B4,303
411,O-CC,1,16747520,7,#FF8C00,303
412,O-CC,1,16747520,7,#FF8C00,304
413,O-C-CO,18,16738740,15,#FF69B4,304
414,OH-C-CC,7,11393254,2,#ADD8E6,307
415,OH-C-CC,7,11393254,2,#ADD8E6,307
416,OH-C-CC,7,11393254,2,#ADD8E6,307
417,OH-CH-CC,4,3978097,15,#3CB371,311
418,O-C-CC,15,16758465,11,#FFB6C1,312
419,OH-C-CC,7,11393254,2,#ADD8E6,313
420,O-CC,1,16747520,7,#FF8C00,320
421,O-C-CO,18,16738740,15,#FF69B4,320
422,O-C-CC,15,16758465,11,#FFB6C1,322
423,OH-CH-CC,4,3978097,15,#3CB371,323
424,OH-C-CO,8,6266528,5,#5F9EA0,324
425,O-C-CO,18,16738740,15,#FF69B4,324
426,O-CC,1,16747520,7,#FF8C00,325
427,O-C-CO,18,16738740,15,#FF69B4,325
428,OH-CHH-C,5,10025880,9,#98FB98,330
429,O-CC,1,16747520,7,#FF8C00,331
430,O-CC,1,16747520,7,#FF8C00,332
431,O-C-CC,15,16758465,11,#FFB6C1,334
432,O-C-CC,15,16758465,11,#FFB6C1,335
433,O-C-CC,15,16758465,11,#FFB6C1,335
434,OH-C-CO,8,6266528,5,#5F9EA0,336
435,O-C-CO,18,16738740,15,#FF69B4,336
436,OH-C-CO,8,6266528,5,#5F9EA0,336
437,O-C-CO,18,16738740,15,#FF69B4,336
438,O-C-CN,17,16716947,3,#FF1493,337
439,O-C-CN,17,16716947,3,#FF1493,337
440,O-CC,1,16747520,7,#FF8C00,338
441,O-C-CO,18,16738740,15,#FF69B4,338
442,O-C-CO,18,16738740,15,#FF69B4,338
443,O-CC,1,16747520,7,#FF8C00,338
444,O-C-CO,18,16738740,15,#FF69B4,339
445,O-CC,1,16747520,7,#FF8C00,339
446,O-CH-C,16,16770273,1,#FFE4E1,346
447,OH-CHH-C,5,10025880,9,#98FB98,347
448,OH-CHH-C,5,10025880,9,#98FB98,347
449,OH-CHH-C,5,10025880,9,#98FB98,348
450,OH-CHH-C,5,10025880,9,#98FB98,348
451,O-CC,1,16747520,7,#FF8C00,350
452,O-CH-O,23,12211667,7,#BA55D3,350
453,O-C-CC,15,16758465,11,#FFB6C1,352
454,OH-C-CO,8,6266528,5,#5F9EA0,353
455,O-C-CO,18,16738740,15,#FF69B4,353
456,OH-C-CO,8,6266528,5,#5F9EA0,353
457,O-C-CO,18,16738740,15,#FF69B4,353
458,O-C-CO,18,16738740,15,#FF69B4,354
459,O-CC,1,16747520,7,#FF8C00,354
460,O-C-CO,18,16738740,15,#FF69B4,355
461,O-CC,1,16747520,7,#FF8C00,355
462,O-C-CC,15,16758465,11,#FFB6C1,356
463,OH-C-CO,8,6266528,5,#5F9EA0,357
464,O-C-CO,18,16738740,15,#FF69B4,357
465,OH-C-CO,8,6266528,5,#5F9EA0,358
466,O-C-CO,18,16738740,15,#FF69B4,358
467,OH-C-CO,8,6266528,5,#5F9EA0,358
468,O-C-CO,18,16738740,15,#FF69B4,358
469,OH-CHH-C,5,10025880,9,#98FB98,361
470,OH-CHH-C,5,10025880,9,#98FB98,362
471,OH-CHH-C,5,10025880,9,#98FB98,362
472,OH-CHH-C,5,10025880,9,#98FB98,363
473,OH-CHH-C,5,10025880,9,#98FB98,363
474,OH-CHH-C,5,10025880,9,#98FB98,366
475,O-CH-C,16,16770273,1,#FFE4E1,367
476,O-C-CO,18,16738740,15,#FF69B4,368
477,O-CC,1,16747520,7,#FF8C00,368
478,OH-CHH-C,5,10025880,9,#98FB98,372
479,OH-C-CO,8,6266528,5,#5F9EA0,373
480,O-C-CO,18,16738740,15,#FF69B4,373
481,O-C-CC,15,16758465,11,#FFB6C1,374
482,O-CC,1,16747520,7,#FF8C00,375
483,O-C-CO,18,16738740,15,#FF69B4,375
484,O-CC,1,16747520,7,#FF8C00,376
485,O-C-CO,18,16738740,15,#FF69B4,376
486,OH-CHH-C,5,10025880,9,#98FB98,378
487,OH-CHH-C,5,10025880,9,#98FB98,379
488,O-CH-C,16,16770273,1,#FFE4E1,380
489,OH-CHH-C,5,10025880,9,#98FB98,381
490,OH-CHH-C,5,10025880,9,#98FB98,381
491,OH-C-CCC,3,6737322,1,#66CDAA,382
492,OH-C-CCC,3,6737322,1,#66CDAA,383
493,OH-CHH-C,5,10025880,9,#98FB98,384
494,O=P,28,13808780,5,#D2B48C,385
495,P-O-C,26,13468991,1,#CD853F,385
496,P-O-C,26,13468991,1,#CD853F,385
497,P-O-C,26,13468991,1,#CD853F,385
498,O-N,24,10824234,7,#A52A2A,386
499,O-N,24,10824234,7,#A52A2A,386
500,O-C-CC,15,16758465,11,#FFB6C1,387
501,O-C-CC,15,16758465,11,#FFB6C1,387
502,OH-C-CC,7,11393254,2,#ADD8E6,388
503,O-C-CC,15,16758465,11,#FFB6C1,388
504,OH-C-CC,7,11393254,2,#ADD8E6,389
505,OH-C-CO,8,6266528,5,#5F9EA0,390
506,O-C-CO,18,16738740,15,#FF69B4,390
507,OH-C-CC,7,11393254,2,#ADD8E6,391
508,O-N,24,10824234,7,#A52A2A,391
509,O-N,24,10824234,7,#A52A2A,391
510,OH-N,12,15787660,7,#F0E68C,392
511,O-C-CC,15,16758465,11,#FFB6C1,392
512,O-C-CC,15,16758465,11,#FFB6C1,393
513,O-CC,1,16747520,7,#FF8C00,394
514,O-C-CO,18,16738740,15,#FF69B4,394
515,OH-C-CC,7,11393254,2,#ADD8E6,394
516,O-CC,1,16747520,7,#FF8C00,395
517,O-C-CO,18,16738740,15,#FF69B4,395
518,O-C-CO,18,16738740,15,#FF69B4,396
519,O-CC,1,16747520,7,#FF8C00,396
520,OH-C-CC,7,11393254,2,#ADD8E6,398
521,OH-C-CC,7,11393254,2,#ADD8E6,398
522,O-N,24,10824234,7,#A52A2A,399
523,O-N,24,10824234,7,#A52A2A,399
524,O-N,24,10824234,7,#A52A2A,399
525,O-N,24,10824234,7,#A52A2A,399
526,O-N,24,10824234,7,#A52A2A,400
527,O-N,24,10824234,7,#A52A2A,400
528,O-CC,1,16747520,7,#FF8C00,401
529,OH-C-CC,7,11393254,2,#ADD8E6,401
530,O-CH-C,16,16770273,1,#FFE4E1,401
531,O-CC,1,16747520,7,#FF8C00,402
532,OH-C-CC,7,11393254,2,#ADD8E6,402
533,O-CH-C,16,16770273,1,#FFE4E1,402
534,O-N,24,10824234,7,#A52A2A,404
535,O-N,24,10824234,7,#A52A2A,404
536,O-C-CC,15,16758465,11,#FFB6C1,405
537,O-N,24,10824234,7,#A52A2A,405
538,O-N,24,10824234,7,#A52A2A,405
539,O-CH-C,16,16770273,1,#FFE4E1,406
540,O-CH-C,16,16770273,1,#FFE4E1,407
541,O-CC,1,16747520,7,#FF8C00,408
542,OH-C-CC,7,11393254,2,#ADD8E6,408
543,OH-CHH-C,5,10025880,9,#98FB98,409
544,O-CC,1,16747520,7,#FF8C00,410
545,O-CH-C,16,16770273,1,#FFE4E1,410
546,O-CH-C,16,16770273,1,#FFE4E1,411
547,O-C-CC,15,16758465,11,#FFB6C1,412
548,O-C-CO,18,16738740,15,#FF69B4,413
549,O-CC,1,16747520,7,#FF8C00,413
550,OH-C-CC,7,11393254,2,#ADD8E6,414
551,OH-C-CC,7,11393254,2,#ADD8E6,415
552,OH-C-CC,7,11393254,2,#ADD8E6,415
553,O-CH-C,16,16770273,1,#FFE4E1,416
554,OH-CHH-C,5,10025880,9,#98FB98,417
555,O-C-CO,18,16738740,15,#FF69B4,418
556,O-CC,1,16747520,7,#FF8C00,418
557,O-C-CO,18,16738740,15,#FF69B4,419
558,O-CC,1,16747520,7,#FF8C00,419
559,O-CH-C,16,16770273,1,#FFE4E1,420
560,O-CH-C,16,16770273,1,#FFE4E1,421
561,O-CC,1,16747520,7,#FF8C00,422
562,O-C-CO,18,16738740,15,#FF69B4,422
563,OH-CH-CC,4,3978097,15,#3CB371,423
564,OH-C-CO,8,6266528,5,#5F9EA0,424
565,O-C-CO,18,16738740,15,#FF69B4,424
566,OH-C-CO,8,6266528,5,#5F9EA0,424
567,O-C-CO,18,16738740,15,#FF69B4,424
568,OH-C-CO,8,6266528,5,#5F9EA0,425
569,O-C-CO,18,16738740,15,#FF69B4,425
570,O-CH-C,16,16770273,1,#FFE4E1,427
571,OH-CHH-C,5,10025880,9,#98FB98,428
572,OH-CH-CC,4,3978097,15,#3CB371,429
573,OH-CH-CC,4,3978097,15,#3CB371,431
574,OH-N,12,15787660,7,#F0E68C,432
575,O-C-CN,17,16716947,3,#FF1493,433
576,OH-C-CC,7,11393254,2,#ADD8E6,434
577,O-C-CC,15,16758465,11,#FFB6C1,435
578,O-C-CC,15,16758465,11,#FFB6C1,435
579,O-CC,1,16747520,7,#FF8C00,436
580,O-C-CO,18,16738740,15,#FF69B4,436
581,O-C-CO,18,16738740,15,#FF69B4,436
582,O-CC,1,16747520,7,#FF8C00,436
583,OH-C-CC,7,11393254,2,#ADD8E6,437
584,O-C-CC,15,16758465,11,#FFB6C1,437
585,OH-C-CC,7,11393254,2,#ADD8E6,437
586,OH-C-CC,7,11393254,2,#ADD8E6,437
587,OH-C-CC,7,11393254,2,#ADD8E6,437
588,OH-C-CC,7,11393254,2,#ADD8E6,438
589,OH-C-CC,7,11393254,2,#ADD8E6,438
590,O-C-CC,15,16758465,11,#FFB6C1,438
591,O-CC,1,16747520,7,#FF8C00,439
592,OH-C-CC,7,11393254,2,#ADD8E6,439
593,O-C-CC,15,16758465,11,#FFB6C1,439
594,O-C-CC,15,16758465,11,#FFB6C1,440
595,O-CC,1,16747520,7,#FF8C00,441
596,O-C-CO,18,16738740,15,#FF69B4,442
597,O-CC,1,16747520,7,#FF8C00,442
598,O-C-CO,18,16738740,15,#FF69B4,442
599,O-CC,1,16747520,7,#FF8C00,442
600,O-C-CO,18,16738740,15,#FF69B4,443
601,O-CC,1,16747520,7,#FF8C00,443
602,OH-C-CC,7,11393254,2,#ADD8E6,443
603,O-CC,1,16747520,7,#FF8C00,444
604,OH-C-CC,7,11393254,2,#ADD8E6,444
605,O-CH-C,16,16770273,1,#FFE4E1,444
606,O-CC,1,16747520,7,#FF8C00,444
607,O-CC,1,16747520,7,#FF8C00,445
608,O-CH-C,16,16770273,1,#FFE4E1,445
609,OH-C-CC,7,11393254,2,#ADD8E6,446
610,O-CC,1,16747520,7,#FF8C00,446
611,O-C-CO,18,16738740,15,#FF69B4,446
612,O-CC,1,16747520,7,#FF8C00,447
613,O-C-CO,18,16738740,15,#FF69B4,447
614,OH-C-CC,7,11393254,2,#ADD8E6,448
615,OH-C-CC,7,11393254,2,#ADD8E6,448
616,OH-C-CC,7,11393254,2,#ADD8E6,449
617,OH-C-CC,7,11393254,2,#ADD8E6,449
618,OH-CHH-C,5,10025880,9,#98FB98,450
619,OH-C-CC,7,11393254,2,#ADD8E6,451
620,OH-C-CC,7,11393254,2,#ADD8E6,451
621,O-CH-C,16,16770273,1,#FFE4E1,451
622,O-C-CO,18,16738740,15,#FF69B4,452
623,O-CC,1,16747520,7,#FF8C00,452
624,O-CC,1,16747520,7,#FF8C00,456
625,O-C-CO,18,16738740,15,#FF69B4,456
626,O-CC,1,16747520,7,#FF8C00,457
627,O-C-CO,18,16738740,15,#FF69B4,457
628,O-C-CO,18,16738740,15,#FF69B4,457
629,O-CC,1,16747520,7,#FF8C00,457
630,O-C-CO,18,16738740,15,#FF69B4,458
631,O-CC,1,16747520,7,#FF8C00,458
632,O-CC,1,16747520,7,#FF8C00,459
633,O-C-CO,18,16738740,15,#FF69B4,459
634,O-C-CO,18,16738740,15,#FF69B4,459
635,O-CC,1,16747520,7,#FF8C00,459
636,O-CC,1,16747520,7,#FF8C00,460
637,O-C-CO,18,16738740,15,#FF69B4,460
638,OH-CHH-C,5,10025880,9,#98FB98,461
639,O-CC,1,16747520,7,#FF8C00,462
640,O-C-CO,18,16738740,15,#FF69B4,462
641,O-CC,1,16747520,7,#FF8C00,463
642,O-C-CO,18,16738740,15,#FF69B4,463
643,O-C-CO,18,16738740,15,#FF69B4,464
644,O-CC,1,16747520,7,#FF8C00,464
645,OH-C-CCC,3,6737322,1,#66CDAA,465
646,OH-C-CCC,3,6737322,1,#66CDAA,465
647,O-CH-C,16,16770273,1,#FFE4E1,466
648,OH-C-CO,8,6266528,5,#5F9EA0,467
649,O-C-CO,18,16738740,15,#FF69B4,467
650,O-CH-C,16,16770273,1,#FFE4E1,468
651,O-CC,1,16747520,7,#FF8C00,469
652,O-C-CO,18,16738740,15,#FF69B4,469
653,OH-CHH-C,5,10025880,9,#98FB98,470
654,O-C-CN,17,16716947,3,#FF1493,471
655,O-CC,1,16747520,7,#FF8C00,472
656,OH-C-CC,7,11393254,2,#ADD8E6,472
657,O-CH-C,16,16770273,1,#FFE4E1,472
658,OH-C-CO,8,6266528,5,#5F9EA0,473
659,O-C-CO,18,16738740,15,#FF69B4,473
660,O-CC,1,16747520,7,#FF8C00,474
661,OH-C-CC,7,11393254,2,#ADD8E6,474
662,OH-C-CO,8,6266528,5,#5F9EA0,475
663,O-C-CO,18,16738740,15,#FF69B4,475
664,OH-C-CC,7,11393254,2,#ADD8E6,475
665,OH-CHH-C,5,10025880,9,#98FB98,477
666,O-CC,1,16747520,7,#FF8C00,484
667,OH-C-CC,7,11393254,2,#ADD8E6,491
668,O-N,24,10824234,7,#A52A2A,491
669,O-N,24,10824234,7,#A52A2A,491
670,O-N,24,10824234,7,#A52A2A,492
671,O-N,24,10824234,7,#A52A2A,492
672,OH-C-CC,7,11393254,2,#ADD8E6,493
673,O-N,24,10824234,7,#A52A2A,493
674,O-N,24,10824234,7,#A52A2A,493
675,OH-C-CO,8,6266528,5,#5F9EA0,494
676,O-C-CO,18,16738740,15,#FF69B4,494
677,OH-C-CC,7,11393254,2,#ADD8E6,494
678,O-N,24,10824234,7,#A52A2A,497
679,O-N,24,10824234,7,#A52A2A,497
680,O-N,24,10824234,7,#A52A2A,497
681,O-N,24,10824234,7,#A52A2A,497
682,OH-C-CC,7,11393254,2,#ADD8E6,498
683,O-N,24,10824234,7,#A52A2A,498
684,O-N,24,10824234,7,#A52A2A,498
685,O-N,24,10824234,7,#A52A2A,498
686,O-N,24,10824234,7,#A52A2A,498
687,OH-C-CO,8,6266528,5,#5F9EA0,499
688,O-C-CO,18,16738740,15,#FF69B4,499
689,O-N,24,10824234,7,#A52A2A,500
690,O-N,24,10824234,7,#A52A2A,500
691,O-N,24,10824234,7,#A52A2A,501
692,O-N,24,10824234,7,#A52A2A,501
693,O-N,24,10824234,7,#A52A2A,503
694,O-N,24,10824234,7,#A52A2A,503
695,OH-C-CC,7,11393254,2,#ADD8E6,504
696,O-N,24,10824234,7,#A52A2A,505
697,O-N,24,10824234,7,#A52A2A,505
698,O-N,24,10824234,7,#A52A2A,505
699,O-N,24,10824234,7,#A52A2A,505
700,OH-C-CC,7,11393254,2,#ADD8E6,507
701,OH-C-CC,7,11393254,2,#ADD8E6,509
702,OH-C-CC,7,11393254,2,#ADD8E6,511
703,O-N,24,10824234,7,#A52A2A,511
704,O-N,24,10824234,7,#A52A2A,511
705,OH-C-CC,7,11393254,2,#ADD8E6,512
706,O-N,24,10824234,7,#A52A2A,513
707,O-N,24,10824234,7,#A52A2A,513
708,OH-C-CC,7,11393254,2,#ADD8E6,514
709,O-N,24,10824234,7,#A52A2A,514
710,O-N,24,10824234,7,#A52A2A,514
711,O-C-CC,15,16758465,11,#FFB6C1,515
712,O-C-CC,15,16758465,11,#FFB6C1,515
713,O-C-CC,15,16758465,11,#FFB6C1,516
714,OH-CHH-C,5,10025880,9,#98FB98,517
715,OH-C-CC,7,11393254,2,#ADD8E6,518
716,O-N,24,10824234,7,#A52A2A,518
717,O-N,24,10824234,7,#A52A2A,518
718,OH-CHH-C,5,10025880,9,#98FB98,519
719,O-CH-C,16,16770273,1,#FFE4E1,520
720,O-CC,1,16747520,7,#FF8C00,521
721,O-C-CO,18,16738740,15,#FF69B4,521
722,OH-C-CC,7,11393254,2,#ADD8E6,522
723,OH-C-CC,7,11393254,2,#ADD8E6,522
724,OH-CHH-C,5,10025880,9,#98FB98,523
725,OH-CHH-C,5,10025880,9,#98FB98,524
726,O-CH-C,16,16770273,1,#FFE4E1,525
727,O-C-CC,15,16758465,11,#FFB6C1,526
728,OH-C-CC,7,11393254,2,#ADD8E6,527
729,O-C-CC,15,16758465,11,#FFB6C1,527
730,O-C-CC,15,16758465,11,#FFB6C1,527
731,OH-C-CC,7,11393254,2,#ADD8E6,527
732,OH-C-CC,7,11393254,2,#ADD8E6,528
733,O-C-CC,15,16758465,11,#FFB6C1,528
734,O-C-CC,15,16758465,11,#FFB6C1,528
735,O-C-CC,15,16758465,11,#FFB6C1,529
736,OH-C-CC,7,11393254,2,#ADD8E6,529
737,O-C-CC,15,16758465,11,#FFB6C1,529
738,OH-C-CC,7,11393254,2,#ADD8E6,530
739,O-CH-C,16,16770273,1,#FFE4E1,530
740,OH-C-CC,7,11393254,2,#ADD8E6,530
741,OH-C-CC,7,11393254,2,#ADD8E6,530
742,O-CC,1,16747520,7,#FF8C00,531
743,OH-C-CC,7,11393254,2,#ADD8E6,531
744,O-CH-C,16,16770273,1,#FFE4E1,531
745,OH-N,12,15787660,7,#F0E68C,533
746,O-C-CN,17,16716947,3,#FF1493,533
747,O-CH-C,16,16770273,1,#FFE4E1,534
748,O-CC,1,16747520,7,#FF8C00,535
749,OH-C-CC,7,11393254,2,#ADD8E6,535
750,O-C-CC,15,16758465,11,#FFB6C1,535
751,O-CH-C,16,16770273,1,#FFE4E1,536
752,O-CC,1,16747520,7,#FF8C00,536
753,O-CH-C,16,16770273,1,#FFE4E1,537
754,O-CH-C,16,16770273,1,#FFE4E1,538
755,OH-CHH-C,5,10025880,9,#98FB98,539
756,OH-C-CC,7,11393254,2,#ADD8E6,539
757,O-C-CO,18,16738740,15,#FF69B4,540
758,O-CC,1,16747520,7,#FF8C00,540
759,OH-C-CO,8,6266528,5,#5F9EA0,541
760,O-C-CO,18,16738740,15,#FF69B4,541
761,O-C-CC,15,16758465,11,#FFB6C1,542
762,O-C-CC,15,16758465,11,#FFB6C1,542
763,OH-C-CO,8,6266528,5,#5F9EA0,544
764,O-C-CO,18,16738740,15,#FF69B4,544
765,OH-C-CO,8,6266528,5,#5F9EA0,544
766,O-C-CO,18,16738740,15,#FF69B4,544
767,P-O-C,26,13468991,1,#CD853F,545
768,O=P,28,13808780,5,#D2B48C,545
769,P-O-C,26,13468991,1,#CD853F,545
770,P-O-C,26,13468991,1,#CD853F,545
771,OH-CHH-C,5,10025880,9,#98FB98,546
772,O-C-CC,15,16758465,11,#FFB6C1,547
773,O-C-CC,15,16758465,11,#FFB6C1,548
774,O-C-CC,15,16758465,11,#FFB6C1,548
775,O-C-CC,15,16758465,11,#FFB6C1,549
776,O-CC,1,16747520,7,#FF8C00,549
777,OH-C-CC,7,11393254,2,#ADD8E6,550
778,OH-C-CC,7,11393254,2,#ADD8E6,550
779,OH-C-CC,7,11393254,2,#ADD8E6,551
780,O-N,24,10824234,7,#A52A2A,552
781,O-N,24,10824234,7,#A52A2A,552
782,O-N,24,10824234,7,#A52A2A,552
783,O-N,24,10824234,7,#A52A2A,552
784,O-C-CN,17,16716947,3,#FF1493,554
785,O-CC,1,16747520,7,#FF8C00,555
786,O-C-CO,18,16738740,15,#FF69B4,555
787,OH-C-CC,7,11393254,2,#ADD8E6,556
788,OH-C-CC,7,11393254,2,#ADD8E6,556
789,OH-C-CC,7,11393254,2,#ADD8E6,556
790,OH-CHH-C,5,10025880,9,#98FB98,557
791,OH-CHH-C,5,10025880,9,#98FB98,557
792,O-C-CC,15,16758465,11,#FFB6C1,558
793,OH-C-CC,7,11393254,2,#ADD8E6,560
794,O-N,24,10824234,7,#A52A2A,560
795,O-N,24,10824234,7,#A52A2A,560
796,O-N,24,10824234,7,#A52A2A,560
797,O-N,24,10824234,7,#A52A2A,560
798,O-CC,1,16747520,7,#FF8C00,561
799,O-C-CO,18,16738740,15,#FF69B4,561
800,O-CC,1,16747520,7,#FF8C00,562
801,O-C-CO,18,16738740,15,#FF69B4,562
802,OH-C-CO,8,6266528,5,#5F9EA0,563
803,O-C-CO,18,16738740,15,#FF69B4,563
804,O-CC,1,16747520,7,#FF8C00,565
805,O-C-CO,18,16738740,15,#FF69B4,565
806,O-CC,1,16747520,7,#FF8C00,567
807,O-C-CO,18,16738740,15,#FF69B4,567
808,O-C-CO,18,16738740,15,#FF69B4,568
809,O-CC,1,16747520,7,#FF8C00,568
810,O-CC,1,16747520,7,#FF8C00,569
811,O-C-CO,18,16738740,15,#FF69B4,569
812,O-C-CC,15,16758465,11,#FFB6C1,569
813,O-C-CO,18,16738740,15,#FF69B4,570
814,O-CC,1,16747520,7,#FF8C00,570
815,OH-CHH-C,5,10025880,9,#98FB98,571
816,O-C-CO,18,16738740,15,#FF69B4,572
817,O-CC,1,16747520,7,#FF8C00,572
818,O-C-CN,17,16716947,3,#FF1493,573
819,O-CC,1,16747520,7,#FF8C00,576
820,O-CH-O,23,12211667,7,#BA55D3,576
821,OH-CH-CC,4,3978097,15,#3CB371,578
822,O-CC,1,16747520,7,#FF8C00,583
823,O-C-CC,15,16758465,11,#FFB6C1,583
824,OH-C-CC,7,11393254,2,#ADD8E6,583
825,O-N,24,10824234,7,#A52A2A,584
826,O-N,24,10824234,7,#A52A2A,584
827,O-CH-C,16,16770273,1,#FFE4E1,584
828,O-C-CO,18,16738740,15,#FF69B4,586
829,O-CC,1,16747520,7,#FF8C00,586
830,OH-C-CC,7,11393254,2,#ADD8E6,587
831,O-N,24,10824234,7,#A52A2A,587
832,O-N,24,10824234,7,#A52A2A,587
833,O-N,24,10824234,7,#A52A2A,588
834,O-N,24,10824234,7,#A52A2A,588
835,O-CH-C,16,16770273,1,#FFE4E1,588
836,O-N,24,10824234,7,#A52A2A,589
837,O-N,24,10824234,7,#A52A2A,589
838,OH-CHH-C,5,10025880,9,#98FB98,591
839,O-CH-C,16,16770273,1,#FFE4E1,592
840,O-N,24,10824234,7,#A52A2A,593
841,O-N,24,10824234,7,#A52A2A,593
842,O-C-CC,15,16758465,11,#FFB6C1,594
843,OH-CH-CC,4,3978097,15,#3CB371,595
844,OH-C-CO,8,6266528,5,#5F9EA0,596
845,O-C-CO,18,16738740,15,#FF69B4,596
846,OH-C-CC,7,11393254,2,#ADD8E6,598
847,OH-C-CC,7,11393254,2,#ADD8E6,599
848,OH-C-CC,7,11393254,2,#ADD8E6,600
849,O-N,24,10824234,7,#A52A2A,601
850,O-N,24,10824234,7,#A52A2A,601
851,OH-C-CC,7,11393254,2,#ADD8E6,602
852,O-N,24,10824234,7,#A52A2A,602
853,O-N,24,10824234,7,#A52A2A,602
854,O-N,24,10824234,7,#A52A2A,602
855,O-N,24,10824234,7,#A52A2A,602
856,OH-CHH-C,5,10025880,9,#98FB98,605
857,O-C-CC,15,16758465,11,#FFB6C1,605
858,O-C-CC,15,16758465,11,#FFB6C1,607
859,OH-C-CC,7,11393254,2,#ADD8E6,608
860,OH-C-CC,7,11393254,2,#ADD8E6,608
861,OH-C-CC,7,11393254,2,#ADD8E6,609
862,OH-CH-CC,4,3978097,15,#3CB371,610
863,O-N,24,10824234,7,#A52A2A,611
864,O-N,24,10824234,7,#A52A2A,611
865,O-N,24,10824234,7,#A52A2A,611
866,O-N,24,10824234,7,#A52A2A,611
867,OH-C-CO,8,6266528,5,#5F9EA0,612
868,O-C-CO,18,16738740,15,#FF69B4,612
869,OH-C-CC,7,11393254,2,#ADD8E6,613
870,O-N,24,10824234,7,#A52A2A,615
871,O-N,24,10824234,7,#A52A2A,615
872,O-N,24,10824234,7,#A52A2A,617
873,O-N,24,10824234,7,#A52A2A,617
874,OH-CHH-C,5,10025880,9,#98FB98,619
875,O-CH-C,16,16770273,1,#FFE4E1,620
876,O-C-CO,18,16738740,15,#FF69B4,623
877,O-CC,1,16747520,7,#FF8C00,623
878,OH-CH-CC,4,3978097,15,#3CB371,624
879,OH-CH-CC,4,3978097,15,#3CB371,625
880,O-CC,1,16747520,7,#FF8C00,626
881,O-C-CO,18,16738740,15,#FF69B4,626
882,O-CH-C,16,16770273,1,#FFE4E1,628
883,OH-C-CO,8,6266528,5,#5F9EA0,629
884,O-C-CO,18,16738740,15,#FF69B4,629
885,OH-C-CC,7,11393254,2,#ADD8E6,630
886,OH-C-CC,7,11393254,2,#ADD8E6,631
887,O-CC,1,16747520,7,#FF8C00,632
888,O-CH-C,16,16770273,1,#FFE4E1,632
889,OH-C-CC,7,11393254,2,#ADD8E6,633
890,O-C-CC,15,16758465,11,#FFB6C1,635
891,O-C-CO,18,16738740,15,#FF69B4,636
892,O-CC,1,16747520,7,#FF8C00,636
893,O-CC,1,16747520,7,#FF8C00,637
894,O-C-NO,20,14524637,5,#DDA0DD,637
895,O-C-CC,15,16758465,11,#FFB6C1,639
896,O-C-CN,17,16716947,3,#FF1493,641
897,O=S,27,8421376,7,#808000,642
898,O=S,27,8421376,7,#808000,642
899,O=S,27,8421376,7,#808000,643
900,O=S,27,8421376,7,#808000,643
901,OH-CH-CC,4,3978097,15,#3CB371,644
902,OH-CHH-C,5,10025880,9,#98FB98,645
903,O-CC,1,16747520,7,#FF8C00,647
904,O-C-NO,20,14524637,5,#DDA0DD,647
905,OH-CH-CC,4,3978097,15,#3CB371,649
906,O-CC,1,16747520,7,#FF8C00,650
907,O-C-CO,18,16738740,15,#FF69B4,650
908,O=S,27,8421376,7,#808000,651
909,O=S,27,8421376,7,#808000,651
910,O-CC,1,16747520,7,#FF8C00,652
911,O-C-CO,18,16738740,15,#FF69B4,652
912,OH-CH-CC,4,3978097,15,#3CB371,653
913,OH-C-CC,7,11393254,2,#ADD8E6,654
914,OH-C-CC,7,11393254,2,#ADD8E6,654
915,O-N,24,10824234,7,#A52A2A,654
916,O-N,24,10824234,7,#A52A2A,654
917,O-N,24,10824234,7,#A52A2A,655
918,O-N,24,10824234,7,#A52A2A,655
919,O-N,24,10824234,7,#A52A2A,655
920,O-N,24,10824234,7,#A52A2A,655
921,OH-C-CC,7,11393254,2,#ADD8E6,656
922,O-N,24,10824234,7,#A52A2A,656
923,O-N,24,10824234,7,#A52A2A,656
924,O-N,24,10824234,7,#A52A2A,657
925,O-N,24,10824234,7,#A52A2A,657
926,O-N,24,10824234,7,#A52A2A,658
927,O-N,24,10824234,7,#A52A2A,658
928,O-CC,1,16747520,7,#FF8C00,659
929,O-C-CO,18,16738740,15,#FF69B4,659
930,O-C-CO,18,16738740,15,#FF69B4,659
931,O-CC,1,16747520,7,#FF8C00,659
932,OH-C-CC,7,11393254,2,#ADD8E6,660
933,OH-C-CC,7,11393254,2,#ADD8E6,660
934,OH-C-CC,7,11393254,2,#ADD8E6,661
935,O-CC,1,16747520,7,#FF8C00,662
936,O-C-CO,18,16738740,15,#FF69B4,662
937,O-C-CO,18,16738740,15,#FF69B4,662
938,O-CC,1,16747520,7,#FF8C00,662
939,O-CC,1,16747520,7,#FF8C00,663
940,O-C-CO,18,16738740,15,#FF69B4,663
941,O-CC,1,16747520,7,#FF8C00,664
942,O-C-CO,18,16738740,15,#FF69B4,664
943,OH-C-CC,7,11393254,2,#ADD8E6,665
944,O-C-CN,17,16716947,3,#FF1493,666
945,O-CC,1,16747520,7,#FF8C00,666
946,OH-C-CC,7,11393254,2,#ADD8E6,667
947,O-N,24,10824234,7,#A52A2A,667
948,O-N,24,10824234,7,#A52A2A,667
949,O-C-CN,17,16716947,3,#FF1493,668
950,O-N,24,10824234,7,#A52A2A,668
951,O-N,24,10824234,7,#A52A2A,668
952,O-N,24,10824234,7,#A52A2A,669
953,O-N,24,10824234,7,#A52A2A,669
954,O-N,24,10824234,7,#A52A2A,669
955,O-N,24,10824234,7,#A52A2A,669
956,OH-C-CO,8,6266528,5,#5F9EA0,670
957,O-C-CO,18,16738740,15,#FF69B4,670
958,OH-C-CC,7,11393254,2,#ADD8E6,671
959,O-N,24,10824234,7,#A52A2A,671
960,O-N,24,10824234,7,#A52A2A,671
961,O-N,24,10824234,7,#A52A2A,672
962,O-N,24,10824234,7,#A52A2A,672
963,OH-C-CC,7,11393254,2,#ADD8E6,673
964,O-N,24,10824234,7,#A52A2A,674
965,O-N,24,10824234,7,#A52A2A,674
966,OH-CHH-C,5,10025880,9,#98FB98,675
967,O-N,24,10824234,7,#A52A2A,675
968,O-N,24,10824234,7,#A52A2A,675
969,O-C-CC,15,16758465,11,#FFB6C1,676
970,O-C-CC,15,16758465,11,#FFB6C1,677
971,OH-C-CC,7,11393254,2,#ADD8E6,680
972,OH-C-CC,7,11393254,2,#ADD8E6,682
973,O-C-CO,18,16738740,15,#FF69B4,683
974,O-CC,1,16747520,7,#FF8C00,683
975,OH-C-CO,8,6266528,5,#5F9EA0,684
976,O-C-CO,18,16738740,15,#FF69B4,684
977,OH-CH-CC,4,3978097,15,#3CB371,686
978,OH-CH-CC,4,3978097,15,#3CB371,687
979,O-CC,1,16747520,7,#FF8C00,690
980,O-N,24,10824234,7,#A52A2A,690
981,O-N,24,10824234,7,#A52A2A,690
982,OH-C-CCC,3,6737322,1,#66CDAA,691
983,OH-C-CC,7,11393254,2,#ADD8E6,693
984,OH-C-CO,8,6266528,5,#5F9EA0,694
985,O-C-CO,18,16738740,15,#FF69B4,694
986,O-N,24,10824234,7,#A52A2A,695
987,O-N,24,10824234,7,#A52A2A,695
988,O-N,24,10824234,7,#A52A2A,696
989,O-N,24,10824234,7,#A52A2A,696
990,O-N,24,10824234,7,#A52A2A,696
991,O-N,24,10824234,7,#A52A2A,696
992,OH-C-CC,7,11393254,2,#ADD8E6,697
993,O-N,24,10824234,7,#A52A2A,697
994,O-N,24,10824234,7,#A52A2A,697
995,O-N,24,10824234,7,#A52A2A,698
996,O-N,24,10824234,7,#A52A2A,698
997,OH-CHH-C,5,10025880,9,#98FB98,699
998,O-N,24,10824234,7,#A52A2A,699
999,O-N,24,10824234,7,#A52A2A,699
1000,O-CC,1,16747520,7,#FF8C00,700
1001,O-C-CO,18,16738740,15,#FF69B4,700
1002,O-CC,1,16747520,7,#FF8C00,701
1003,O-C-CO,18,16738740,15,#FF69B4,701
1004,O-N,24,10824234,7,#A52A2A,701
1005,O-N,24,10824234,7,#A52A2A,701
1006,O-C-CN,17,16716947,3,#FF1493,702
1007,O-N,24,10824234,7,#A52A2A,703
1008,O-N,24,10824234,7,#A52A2A,703
1009,OH-CHH-C,5,10025880,9,#98FB98,704
1010,O-N,24,10824234,7,#A52A2A,704
1011,O-N,24,10824234,7,#A52A2A,704
1012,O-C-CN,17,16716947,3,#FF1493,705
1013,O-N,24,10824234,7,#A52A2A,705
1014,O-N,24,10824234,7,#A52A2A,705
1015,OH-C-CC,7,11393254,2,#ADD8E6,706
1016,O-CH-C,16,16770273,1,#FFE4E1,708
1017,OH-CHH-C,5,10025880,9,#98FB98,709
1018,OH-C-CC,7,11393254,2,#ADD8E6,709
1019,O-C-CO,18,16738740,15,#FF69B4,710
1020,O-CC,1,16747520,7,#FF8C00,710
1021,O-N,24,10824234,7,#A52A2A,711
1022,O-N,24,10824234,7,#A52A2A,711
1023,O-CC,1,16747520,7,#FF8C00,711
1024,O-C-CN,17,16716947,3,#FF1493,713
1025,OH-C-CC,7,11393254,2,#ADD8E6,713
1026,O-CC,1,16747520,7,#FF8C00,714
1027,OH-C-CC,7,11393254,2,#ADD8E6,714
1028,O-CH-C,16,16770273,1,#FFE4E1,714
1029,O-C-CN,17,16716947,3,#FF1493,716
1030,O-CC,1,16747520,7,#FF8C00,716
1031,OH-N,12,15787660,7,#F0E68C,718
1032,O-C-NO,20,14524637,5,#DDA0DD,720
1033,O-CC,1,16747520,7,#FF8C00,720
1034,O-CC,1,16747520,7,#FF8C00,721
1035,OH-C-CC,7,11393254,2,#ADD8E6,721
1036,O-CC,1,16747520,7,#FF8C00,724
1037,O-CH-C,16,16770273,1,#FFE4E1,725
1038,O-CH-C,16,16770273,1,#FFE4E1,725
1039,O-CH-C,16,16770273,1,#FFE4E1,726
1040,OH-CH-CC,4,3978097,15,#3CB371,727
1041,O-C-CO,18,16738740,15,#FF69B4,728
1042,O-CC,1,16747520,7,#FF8C00,728
1043,O-CC,1,16747520,7,#FF8C00,729
1044,O-C-CO,18,16738740,15,#FF69B4,729
1045,O-CC,1,16747520,7,#FF8C00,730
1046,O-C-CO,18,16738740,15,#FF69B4,730
1047,O-CC,1,16747520,7,#FF8C00,731
1048,O-C-CO,18,16738740,15,#FF69B4,731
1049,O-CC,1,16747520,7,#FF8C00,732
1050,O-C-CO,18,16738740,15,#FF69B4,732
1051,S-O-C,25,12092939,3,#B8860B,733
1052,O=S,27,8421376,7,#808000,733
1053,S-O-C,25,12092939,3,#B8860B,733
1054,S-O-C,25,12092939,3,#B8860B,734
1055,O=S,27,8421376,7,#808000,734
1056,S-O-C,25,12092939,3,#B8860B,734
1057,O-C-CO,18,16738740,15,#FF69B4,736
1058,O-CC,1,16747520,7,#FF8C00,736
1059,OH-CH-CC,4,3978097,15,#3CB371,737
1060,O-CC,1,16747520,7,#FF8C00,738
1061,O-C-CO,18,16738740,15,#FF69B4,738
1062,O-CH-N,19,13047173,3,#C71585,739
1063,OH-CHH-C,5,10025880,9,#98FB98,740
1064,OH-CH-CC,4,3978097,15,#3CB371,743
1065,O-C-CC,15,16758465,11,#FFB6C1,744
1066,OH-C-CO,8,6266528,5,#5F9EA0,745
1067,O-C-CO,18,16738740,15,#FF69B4,745
1068,O-C-CN,17,16716947,3,#FF1493,746
1069,O-CC,1,16747520,7,#FF8C00,748
1070,OH-C-CC,7,11393254,2,#ADD8E6,750
1071,OH-CHH-C,5,10025880,9,#98FB98,751
1072,OH-CH-CC,4,3978097,15,#3CB371,752
1073,OH-C-CO,8,6266528,5,#5F9EA0,753
1074,O-C-CO,18,16738740,15,#FF69B4,753
1075,O-N,24,10824234,7,#A52A2A,754
1076,O-N,24,10824234,7,#A52A2A,754
1077,OH-CHH-C,5,10025880,9,#98FB98,755
1078,OH-CHH-C,5,10025880,9,#98FB98,756
1079,OH-CHH-C,5,10025880,9,#98FB98,757
1080,O-C-CN,17,16716947,3,#FF1493,759
1081,O-CC,1,16747520,7,#FF8C00,760
1082,O-C-CO,18,16738740,15,#FF69B4,760
1083,O-CC,1,16747520,7,#FF8C00,763
1084,O-C-CO,18,16738740,15,#FF69B4,763
1085,OH-CH-CC,4,3978097,15,#3CB371,765
1086,O-CC,1,16747520,7,#FF8C00,769
1087,O-CH-O,23,12211667,7,#BA55D3,769
1088,O-CC,1,16747520,7,#FF8C00,772
1089,O-C-CO,18,16738740,15,#FF69B4,772
1090,O-C-CO,18,16738740,15,#FF69B4,772
1091,O-CC,1,16747520,7,#FF8C00,772
1092,OH-C-CC,7,11393254,2,#ADD8E6,774
1093,O-CH-C,16,16770273,1,#FFE4E1,774
1094,O-C-CC,15,16758465,11,#FFB6C1,777
1095,O-C-CC,15,16758465,11,#FFB6C1,777
1096,O-CC,1,16747520,7,#FF8C00,778
1097,O-C-CO,18,16738740,15,#FF69B4,778
1098,O-CH-C,16,16770273,1,#FFE4E1,779
1099,O-CC,1,16747520,7,#FF8C00,780
1100,O-CH-O,23,12211667,7,#BA55D3,780
1101,O-C-CN,17,16716947,3,#FF1493,783
1102,O-N,24,10824234,7,#A52A2A,783
1103,O-N,24,10824234,7,#A52A2A,783
1104,OH-C-CC,7,11393254,2,#ADD8E6,784
1105,O-CH-C,16,16770273,1,#FFE4E1,786
1106,O-C-CN,17,16716947,3,#FF1493,788
1107,O-C-CN,17,16716947,3,#FF1493,789
1108,O-CC,1,16747520,7,#FF8C00,790
1109,O-C-CO,18,16738740,15,#FF69B4,790
1110,O-C-CO,18,16738740,15,#FF69B4,790
1111,O-CC,1,16747520,7,#FF8C00,790
1112,O-C-CN,17,16716947,3,#FF1493,791
1113,O-CC,1,16747520,7,#FF8C00,792
1114,O-C-CO,18,16738740,15,#FF69B4,792
1115,OH-C-CO,8,6266528,5,#5F9EA0,793
1116,O-C-CO,18,16738740,15,#FF69B4,793
1117,OH-C-CO,8,6266528,5,#5F9EA0,793
1118,O-C-CO,18,16738740,15,#FF69B4,793
1119,O-C-CC,15,16758465,11,#FFB6C1,794
1120,O-CC,1,16747520,7,#FF8C00,795
1121,OH-C-CC,7,11393254,2,#ADD8E6,796
1122,O-N,24,10824234,7,#A52A2A,797
1123,O-N,24,10824234,7,#A52A2A,797
1124,O-CC,1,16747520,7,#FF8C00,797
1125,OH-C-CC,7,11393254,2,#ADD8E6,798
1126,O-N,24,10824234,7,#A52A2A,798
1127,O-N,24,10824234,7,#A52A2A,798
1128,OH-C-CC,7,11393254,2,#ADD8E6,799
1129,O-CH-C,16,16770273,1,#FFE4E1,799
1130,O-N,24,10824234,7,#A52A2A,799
1131,O-N,24,10824234,7,#A52A2A,799
1132,OH-CH-CC,4,3978097,15,#3CB371,800
1133,O-C-CO,18,16738740,15,#FF69B4,801
1134,O-CC,1,16747520,7,#FF8C00,801
1135,O-C-CO,18,16738740,15,#FF69B4,802
1136,O-CC,1,16747520,7,#FF8C00,802
1137,OH-C-CC,7,11393254,2,#ADD8E6,803
1138,O-CH-C,16,16770273,1,#FFE4E1,803
1139,O-N,24,10824234,7,#A52A2A,804
1140,O-N,24,10824234,7,#A52A2A,804
1141,O-N,24,10824234,7,#A52A2A,804
1142,O-N,24,10824234,7,#A52A2A,804
1143,OH-C-CC,7,11393254,2,#ADD8E6,805
1144,O-C-CN,17,16716947,3,#FF1493,806
1145,O-C-CN,17,16716947,3,#FF1493,807
1146,O-CC,1,16747520,7,#FF8C00,808
1147,O-CH-O,23,12211667,7,#BA55D3,808
1148,O-C-CN,17,16716947,3,#FF1493,809
1149,OH-CHH-C,5,10025880,9,#98FB98,810
1150,OH-CHH-C,5,10025880,9,#98FB98,811
1151,OH-CHH-C,5,10025880,9,#98FB98,812
1152,O-CC,1,16747520,7,#FF8C00,814
1153,OH-CHH-C,5,10025880,9,#98FB98,816
1154,OH-C-CCC,3,6737322,1,#66CDAA,817
1155,O-C-CN,17,16716947,3,#FF1493,818
1156,OH-C-CC,7,11393254,2,#ADD8E6,819
1157,O-CC,1,16747520,7,#FF8C00,820
1158,O-C-CO,18,16738740,15,#FF69B4,820
1159,OH-C-CC,7,11393254,2,#ADD8E6,822
1160,OH-C-CC,7,11393254,2,#ADD8E6,823
1161,OH-C-CC,7,11393254,2,#ADD8E6,823
1162,O-N,24,10824234,7,#A52A2A,824
1163,O-N,24,10824234,7,#A52A2A,824
1164,OH-CHH-C,5,10025880,9,#98FB98,825
1165,O-C-CC,15,16758465,11,#FFB6C1,826
1166,O-C-CC,15,16758465,11,#FFB6C1,827
1167,O-C-CO,18,16738740,15,#FF69B4,828
1168,O-CC,1,16747520,7,#FF8C00,828
1169,OH-CHH-C,5,10025880,9,#98FB98,829
1170,O-CC,1,16747520,7,#FF8C00,829
1171,O-C-CO,18,16738740,15,#FF69B4,829
1172,OH-CHH-C,5,10025880,9,#98FB98,830
1173,O-C-CC,15,16758465,11,#FFB6C1,831
1174,O-CC,1,16747520,7,#FF8C00,832
1175,OH-C-CC,7,11393254,2,#ADD8E6,832
1176,OH-C-CC,7,11393254,2,#ADD8E6,832
1177,OH-C-CC,7,11393254,2,#ADD8E6,833
1178,OH-C-CC,7,11393254,2,#ADD8E6,833
1179,O-N,24,10824234,7,#A52A2A,834
1180,O-N,24,10824234,7,#A52A2A,834
1181,OH-C-CC,7,11393254,2,#ADD8E6,836
1182,O-CC,1,16747520,7,#FF8C00,836
1183,OH-C-CC,7,11393254,2,#ADD8E6,837
1184,O-C-CC,15,16758465,11,#FFB6C1,837
1185,OH-C-CC,7,11393254,2,#ADD8E6,837
1186,O-N,24,10824234,7,#A52A2A,838
1187,O-N,24,10824234,7,#A52A2A,838
1188,O-C-CC,15,16758465,11,#FFB6C1,839
1189,O-C-CC,15,16758465,11,#FFB6C1,839
1190,O-C-CO,18,16738740,15,#FF69B4,840
1191,O-CC,1,16747520,7,#FF8C00,840
1192,OH-CHH-C,5,10025880,9,#98FB98,840
1193,OH-C-CC,7,11393254,2,#ADD8E6,844
1194,OH-CHH-C,5,10025880,9,#98FB98,845
1195,OH-CHH-C,5,10025880,9,#98FB98,846
1196,O-CH-C,16,16770273,1,#FFE4E1,848
1197,O-C-CC,15,16758465,11,#FFB6C1,850
1198,OH-C-CC,7,11393254,2,#ADD8E6,850
1199,OH-CHH-C,5,10025880,9,#98FB98,853
1200,O-N,24,10824234,7,#A52A2A,854
1201,O-N,24,10824234,7,#A52A2A,854
1202,O-N,24,10824234,7,#A52A2A,855
1203,O-N,24,10824234,7,#A52A2A,855
1204,O-N,24,10824234,7,#A52A2A,856
1205,O-N,24,10824234,7,#A52A2A,856
1206,O-CH-C,16,16770273,1,#FFE4E1,857
1207,O-CC,1,16747520,7,#FF8C00,858
1208,O-C-CO,18,16738740,15,#FF69B4,858
1209,OH-CH-CC,4,3978097,15,#3CB371,859
1210,O-CC,1,16747520,7,#FF8C00,860
1211,O-C-CO,18,16738740,15,#FF69B4,860
1212,O-CC,1,16747520,7,#FF8C00,861
1213,O-C-CO,18,16738740,15,#FF69B4,861
1214,OH-CHH-C,5,10025880,9,#98FB98,863
1215,OH-CHH-C,5,10025880,9,#98FB98,864
1216,OH-CHH-C,5,10025880,9,#98FB98,865
1217,OH-CHH-C,5,10025880,9,#98FB98,866
1218,OH-CHH-C,5,10025880,9,#98FB98,867
1219,O-C-CC,15,16758465,11,#FFB6C1,868
1220,O-C-CC,15,16758465,11,#FFB6C1,869
1221,O-C-CC,15,16758465,11,#FFB6C1,870
1222,OH-C-CC,7,11393254,2,#ADD8E6,871
1223,O-C-CN,17,16716947,3,#FF1493,872
1224,OH-C-CC,7,11393254,2,#ADD8E6,872
1225,O-C-CN,17,16716947,3,#FF1493,873
1226,O-N,24,10824234,7,#A52A2A,875
1227,O-N,24,10824234,7,#A52A2A,875
1228,O-CC,1,16747520,7,#FF8C00,876
1229,O-C-CO,18,16738740,15,#FF69B4,876
1230,OH-CH-CC,4,3978097,15,#3CB371,877
1231,O-CC,1,16747520,7,#FF8C00,877
1232,O-C-CO,18,16738740,15,#FF69B4,877
1233,OH-CHH-C,5,10025880,9,#98FB98,878
1234,O-CH-C,16,16770273,1,#FFE4E1,879
1235,O-C-CC,15,16758465,11,#FFB6C1,881
1236,O-C-CC,15,16758465,11,#FFB6C1,883
1237,O-C-CC,15,16758465,11,#FFB6C1,884
1238,O-C-CN,17,16716947,3,#FF1493,885
1239,O-CC,1,16747520,7,#FF8C00,886
1240,O-C-CO,18,16738740,15,#FF69B4,886
1241,O-C-CN,17,16716947,3,#FF1493,886
1242,O-C-CO,18,16738740,15,#FF69B4,886
1243,O-CC,1,16747520,7,#FF8C00,886
1244,O-CH-C,16,16770273,1,#FFE4E1,887
1245,O-C-CN,17,16716947,3,#FF1493,888
1246,O-C-CN,17,16716947,3,#FF1493,888
1247,O-C-CC,15,16758465,11,#FFB6C1,889
1248,O-C-CC,15,16758465,11,#FFB6C1,890
1249,OH-C-CC,7,11393254,2,#ADD8E6,891
1250,OH-C-CC,7,11393254,2,#ADD8E6,891
1251,P-O-C,26,13468991,1,#CD853F,892
1252,O=P,28,13808780,5,#D2B48C,892
1253,P-O-C,26,13468991,1,#CD853F,892
1254,O-CC,1,16747520,7,#FF8C00,893
1255,O-C-CO,18,16738740,15,#FF69B4,893
1256,O-C-CO,18,16738740,15,#FF69B4,893
1257,O-CC,1,16747520,7,#FF8C00,893
1258,O-C-CC,15,16758465,11,#FFB6C1,894
1259,OH-C-CO,8,6266528,5,#5F9EA0,895
1260,O-C-CO,18,16738740,15,#FF69B4,895
1261,OH-CH-CC,4,3978097,15,#3CB371,896
1262,OH-CHH-C,5,10025880,9,#98FB98,896
1263,OH-CH-CC,4,3978097,15,#3CB371,897
1264,O-C-CC,15,16758465,11,#FFB6C1,898
1265,O-CH-C,16,16770273,1,#FFE4E1,899
1266,O-C-CC,15,16758465,11,#FFB6C1,900
1267,O-N,24,10824234,7,#A52A2A,901
1268,O-N,24,10824234,7,#A52A2A,901
1269,O-CH-C,16,16770273,1,#FFE4E1,902
1270,OH-CHH-C,5,10025880,9,#98FB98,903
1271,OH-C-CC,7,11393254,2,#ADD8E6,904
1272,O-CC,1,16747520,7,#FF8C00,905
1273,O-C-CO,18,16738740,15,#FF69B4,905
1274,O-CC,1,16747520,7,#FF8C00,907
1275,O-C-CO,18,16738740,15,#FF69B4,907
1276,OH-N,12,15787660,7,#F0E68C,908
1277,O-N,24,10824234,7,#A52A2A,908
1278,O-N,24,10824234,7,#A52A2A,908
1279,O-C-CC,15,16758465,11,#FFB6C1,909
1280,OH-C-CC,7,11393254,2,#ADD8E6,910
1281,OH-C-CC,7,11393254,2,#ADD8E6,911
1282,OH-C-CC,7,11393254,2,#ADD8E6,911
1283,O-C-CC,15,16758465,11,#FFB6C1,911
1284,OH-C-CC,7,11393254,2,#ADD8E6,911
1285,O-C-CN,17,16716947,3,#FF1493,912
1286,O-C-CC,15,16758465,11,#FFB6C1,913
1287,O-CC,1,16747520,7,#FF8C00,913
1288,O-C-CC,15,16758465,11,#FFB6C1,914
1289,O-CC,1,16747520,7,#FF8C00,914
1290,OH-C-CC,7,11393254,2,#ADD8E6,915
1291,OH-C-CC,7,11393254,2,#ADD8E6,915
1292,O-CH-C,16,16770273,1,#FFE4E1,915
1293,OH-C-CC,7,11393254,2,#ADD8E6,916
1294,O-C-CC,15,16758465,11,#FFB6C1,917
1295,O-C-CO,18,16738740,15,#FF69B4,918
1296,O-CC,1,16747520,7,#FF8C00,918
1297,O-N,24,10824234,7,#A52A2A,919
1298,O-N,24,10824234,7,#A52A2A,919
1299,O-C-CC,15,16758465,11,#FFB6C1,920
1300,OH-C-CC,7,11393254,2,#ADD8E6,921
1301,O-C-CC,15,16758465,11,#FFB6C1,921
1302,O-C-CC,15,16758465,11,#FFB6C1,922
1303,O-CC,1,16747520,7,#FF8C00,923
1304,O-C-CO,18,16738740,15,#FF69B4,923
1305,O-C-CO,18,16738740,15,#FF69B4,923
1306,O-CC,1,16747520,7,#FF8C00,923
1307,O-CC,1,16747520,7,#FF8C00,926
1308,O-N,24,10824234,7,#A52A2A,927
1309,O-N,24,10824234,7,#A52A2A,927
1310,OH-CHH-C,5,10025880,9,#98FB98,928
1311,O-CC,1,16747520,7,#FF8C00,930
1312,OH-C-CCC,3,6737322,1,#66CDAA,931
1313,OH-CH-CC,4,3978097,15,#3CB371,932
1314,OH-C-CC,7,11393254,2,#ADD8E6,934
1315,O-CC,1,16747520,7,#FF8C00,935
1316,O-C-CO,18,16738740,15,#FF69B4,935
1317,O-CH-C,16,16770273,1,#FFE4E1,935
1318,OH-CHH-C,5,10025880,9,#98FB98,936
1319,OH-C-CO,8,6266528,5,#5F9EA0,937
1320,O-C-CO,18,16738740,15,#FF69B4,937
1321,OH-CHH-C,5,10025880,9,#98FB98,939
1322,O-C-CC,15,16758465,11,#FFB6C1,941
1323,O-C-CC,15,16758465,11,#FFB6C1,942
1324,OH-CH-CC,4,3978097,15,#3CB371,944
1325,OH-CH-CC,4,3978097,15,#3CB371,945
1326,O-CC,1,16747520,7,#FF8C00,946
1327,O-C-CO,18,16738740,15,#FF69B4,946
1328,O-C-CC,15,16758465,11,#FFB6C1,947
1329,O-C-CC,15,16758465,11,#FFB6C1,948
1330,O-C-CC,15,16758465,11,#FFB6C1,949
1331,O-C-CC,15,16758465,11,#FFB6C1,950
1332,O-CC,1,16747520,7,#FF8C00,951
1333,O-C-CO,18,16738740,15,#FF69B4,951
1334,O-CC,1,16747520,7,#FF8C00,952
1335,OH-C-CC,7,11393254,2,#ADD8E6,952
1336,OH-C-CC,7,11393254,2,#ADD8E6,953
1337,OH-C-CC,7,11393254,2,#ADD8E6,954
1338,O-C-CC,15,16758465,11,#FFB6C1,955
1339,O-C-CC,15,16758465,11,#FFB6C1,955
1340,O-C-CO,18,16738740,15,#FF69B4,956
1341,O-CC,1,16747520,7,#FF8C00,956
1342,O-C-CO,18,16738740,15,#FF69B4,957
1343,O-CC,1,16747520,7,#FF8C00,957
1344,O-CC,1,16747520,7,#FF8C00,958
1345,O-C-CO,18,16738740,15,#FF69B4,958
1346,O-C-CO,18,16738740,15,#FF69B4,958
1347,O-CC,1,16747520,7,#FF8C00,958
1348,OH-C-CC,7,11393254,2,#ADD8E6,959
1349,OH-C-CC,7,11393254,2,#ADD8E6,960
1350,O-CH-C,16,16770273,1,#FFE4E1,960
1351,OH-C-CC,7,11393254,2,#ADD8E6,961
1352,OH-C-CC,7,11393254,2,#ADD8E6,961
1353,O-N,24,10824234,7,#A52A2A,962
1354,O-N,24,10824234,7,#A52A2A,962
1355,O-N,24,10824234,7,#A52A2A,962
1356,O-N,24,10824234,7,#A52A2A,962
1357,O-CH-C,16,16770273,1,#FFE4E1,967
1358,OH-C-CO,8,6266528,5,#5F9EA0,968
1359,O-C-CO,18,16738740,15,#FF69B4,968
1360,OH-C-CO,8,6266528,5,#5F9EA0,969
1361,O-C-CO,18,16738740,15,#FF69B4,969
1362,OH-CHH-C,5,10025880,9,#98FB98,970
1363,OH-C-CC,7,11393254,2,#ADD8E6,971
1364,OH-CHH-C,5,10025880,9,#98FB98,972
1365,O-N,24,10824234,7,#A52A2A,974
1366,O-N,24,10824234,7,#A52A2A,974
1367,O-N,24,10824234,7,#A52A2A,974
1368,O-N,24,10824234,7,#A52A2A,974
1369,O-C-CO,18,16738740,15,#FF69B4,975
1370,O-CC,1,16747520,7,#FF8C00,975
1371,OH-CHH-C,5,10025880,9,#98FB98,976
1372,OH-C-CC,7,11393254,2,#ADD8E6,979
1373,O-N,24,10824234,7,#A52A2A,979
1374,O-N,24,10824234,7,#A52A2A,979
1375,O-CC,1,16747520,7,#FF8C00,981
1376,O-C-CO,18,16738740,15,#FF69B4,981
1377,O-C-CO,18,16738740,15,#FF69B4,981
1378,O-CC,1,16747520,7,#FF8C00,981
1379,O-CC,1,16747520,7,#FF8C00,982
1380,O-C-CO,18,16738740,15,#FF69B4,982
1381,O-CC,1,16747520,7,#FF8C00,983
1382,O-C-CO,18,16738740,15,#FF69B4,983
1383,O-C-CO,18,16738740,15,#FF69B4,983
1384,O-CC,1,16747520,7,#FF8C00,983
1385,O-CC,1,16747520,7,#FF8C00,984
1386,O-C-CO,18,16738740,15,#FF69B4,984
1387,O-C-CO,18,16738740,15,#FF69B4,984
1388,O-CC,1,16747520,7,#FF8C00,984
1389,OH-CH-CC,4,3978097,15,#3CB371,985
1390,O-C-CO,18,16738740,15,#FF69B4,986
1391,O-CC,1,16747520,7,#FF8C00,986
1392,OH-C-CO,8,6266528,5,#5F9EA0,987
1393,O-C-CO,18,16738740,15,#FF69B4,987
1394,OH-C-CO,8,6266528,5,#5F9EA0,988
1395,O-C-CO,18,16738740,15,#FF69B4,988
1396,O-N,24,10824234,7,#A52A2A,989
1397,O-N,24,10824234,7,#A52A2A,989
1398,OH-C-CC,7,11393254,2,#ADD8E6,991
1399,OH-C-CC,7,11393254,2,#ADD8E6,991
1400,OH-C-CC,7,11393254,2,#ADD8E6,992
1401,O-CH-C,16,16770273,1,#FFE4E1,992
1402,OH-C-CC,7,11393254,2,#ADD8E6,992
1403,OH-C-CC,7,11393254,2,#ADD8E6,992
1404,O-CC,1,16747520,7,#FF8C00,993
1405,O-C-CO,18,16738740,15,#FF69B4,993
1406,OH-C-CC,7,11393254,2,#ADD8E6,993
1407,OH-C-CC,7,11393254,2,#ADD8E6,993
1408,O=S,27,8421376,7,#808000,994
1409,O-CC,1,16747520,7,#FF8C00,996
1410,O-C-CO,18,16738740,15,#FF69B4,996
1411,O-CC,1,16747520,7,#FF8C00,997
1412,O-C-CO,18,16738740,15,#FF69B4,997
1413,O-CC,1,16747520,7,#FF8C00,998
1414,O-CC,1,16747520,7,#FF8C00,999
1415,O-C-CO,18,16738740,15,#FF69B4,999
1416,O-C-CC,15,16758465,11,#FFB6C1,1001
1417,O-C-CN,17,16716947,3,#FF1493,1006
1418,O-CC,1,16747520,7,#FF8C00,1007
1419,O-C-CO,18,16738740,15,#FF69B4,1007
1420,OH-CHH-C,5,10025880,9,#98FB98,1008
1421,OH-C-CC,7,11393254,2,#ADD8E6,1008
1422,OH-C-CC,7,11393254,2,#ADD8E6,1009
1423,O-CC,1,16747520,7,#FF8C00,1012
1424,OH-C-CC,7,11393254,2,#ADD8E6,1012
1425,OH-CHH-C,5,10025880,9,#98FB98,1012
1426,O-C-CC,15,16758465,11,#FFB6C1,1013
1427,O-C-CO,18,16738740,15,#FF69B4,1014
1428,O-CC,1,16747520,7,#FF8C00,1014
1429,OH-C-CC,7,11393254,2,#ADD8E6,1015
1430,OH-C-CC,7,11393254,2,#ADD8E6,1016
1431,OH-CHH-C,5,10025880,9,#98FB98,1018
1432,OH-C-CC,7,11393254,2,#ADD8E6,1019
1433,OH-C-CC,7,11393254,2,#ADD8E6,1021
1434,OH-C-CC,7,11393254,2,#ADD8E6,1021
1435,O-C-CN,17,16716947,3,#FF1493,1022
1436,OH-C-CC,7,11393254,2,#ADD8E6,1023
1437,O-C-CC,15,16758465,11,#FFB6C1,1023
1438,O-C-CO,18,16738740,15,#FF69B4,1024
1439,O-CC,1,16747520,7,#FF8C00,1024
1440,O-C-CO,18,16738740,15,#FF69B4,1025
1441,O-CC,1,16747520,7,#FF8C00,1025
1442,O-C-CC,15,16758465,11,#FFB6C1,1026
1443,O-CC,1,16747520,7,#FF8C00,1027
1444,O-C-CO,18,16738740,15,#FF69B4,1027
1445,O-CC,1,16747520,7,#FF8C00,1028
1446,O-C-CO,18,16738740,15,#FF69B4,1028
1447,OH-CHH-C,5,10025880,9,#98FB98,1029
1448,O-CC,1,16747520,7,#FF8C00,1030
1449,O-C-CO,18,16738740,15,#FF69B4,1030
1450,O-N,24,10824234,7,#A52A2A,1031
1451,O-N,24,10824234,7,#A52A2A,1031
1452,O-N,24,10824234,7,#A52A2A,1031
1453,O-N,24,10824234,7,#A52A2A,1031
1454,O-N,24,10824234,7,#A52A2A,1032
1455,O-N,24,10824234,7,#A52A2A,1032
1456,OH-C-CC,7,11393254,2,#ADD8E6,1032
1457,OH-C-CO,8,6266528,5,#5F9EA0,1033
1458,O-C-CO,18,16738740,15,#FF69B4,1033
1459,OH-C-CC,7,11393254,2,#ADD8E6,1035
1460,O-CH-C,16,16770273,1,#FFE4E1,1035
1461,O-N,24,10824234,7,#A52A2A,1036
1462,O-N,24,10824234,7,#A52A2A,1036
1463,O-N,24,10824234,7,#A52A2A,1036
1464,O-N,24,10824234,7,#A52A2A,1036
1465,O-C-CN,17,16716947,3,#FF1493,1037
1466,O-N,24,10824234,7,#A52A2A,1038
1467,O-N,24,10824234,7,#A52A2A,1038
1468,O-CC,1,16747520,7,#FF8C00,1039
1469,O-CH-C,16,16770273,1,#FFE4E1,1039
1470,OH-CHH-C,5,10025880,9,#98FB98,1042
1471,O-C-CN,17,16716947,3,#FF1493,1043
1472,OH-C-CC,7,11393254,2,#ADD8E6,1044
1473,O-CC,1,16747520,7,#FF8C00,1045
1474,OH-CHH-C,5,10025880,9,#98FB98,1046
1475,O-CC,1,16747520,7,#FF8C00,1049
1476,O-C-CO,18,16738740,15,#FF69B4,1049
1477,OH-CHH-C,5,10025880,9,#98FB98,1051
1478,OH-CH-CC,4,3978097,15,#3CB371,1052
1479,OH-CH-CC,4,3978097,15,#3CB371,1052
1480,O-CC,1,16747520,7,#FF8C00,1053
1481,O-C-CO,18,16738740,15,#FF69B4,1053
1482,OH-C-CC,7,11393254,2,#ADD8E6,1054
1483,O-CH-C,16,16770273,1,#FFE4E1,1054
1484,O-CH-C,16,16770273,1,#FFE4E1,1056
1485,O-CC,1,16747520,7,#FF8C00,1057
1486,O-C-CO,18,16738740,15,#FF69B4,1057
1487,O-C-CO,18,16738740,15,#FF69B4,1060
1488,O-CC,1,16747520,7,#FF8C00,1060
1489,O-C-CO,18,16738740,15,#FF69B4,1061
1490,O-CC,1,16747520,7,#FF8C00,1061
1491,O-N,24,10824234,7,#A52A2A,1062
1492,O-N,24,10824234,7,#A52A2A,1062
1493,OH-C-CC,7,11393254,2,#ADD8E6,1063
1494,O-CH-C,16,16770273,1,#FFE4E1,1064
1495,O-C-CC,15,16758465,11,#FFB6C1,1065
1496,O-CC,1,16747520,7,#FF8C00,1065
1497,O-C-CO,18,16738740,15,#FF69B4,1066
1498,O-CC,1,16747520,7,#FF8C00,1066
1499,O-CC,1,16747520,7,#FF8C00,1067
1500,O-N,24,10824234,7,#A52A2A,1068
1501,O-N,24,10824234,7,#A52A2A,1068
1502,OH-C-CC,7,11393254,2,#ADD8E6,1069
1503,O-CH-C,16,16770273,1,#FFE4E1,1070
1504,O-CC,1,16747520,7,#FF8C00,1071
1505,O-C-CC,15,16758465,11,#FFB6C1,1072
1506,OH-C-CC,7,11393254,2,#ADD8E6,1075
1507,OH-C-CC,7,11393254,2,#ADD8E6,1075
1508,OH-C-CC,7,11393254,2,#ADD8E6,1075
1509,O-N,24,10824234,7,#A52A2A,1075
1510,O-N,24,10824234,7,#A52A2A,1075
1511,O-N,24,10824234,7,#A52A2A,1075
1512,O-N,24,10824234,7,#A52A2A,1075
1513,OH-C-CC,7,11393254,2,#ADD8E6,1076
1514,OH-C-CC,7,11393254,2,#ADD8E6,1076
1515,O-N,24,10824234,7,#A52A2A,1076
1516,O-N,24,10824234,7,#A52A2A,1076
1517,OH-CHH-C,5,10025880,9,#98FB98,1077
1518,O-CC,1,16747520,7,#FF8C00,1078
1519,O-C-CO,18,16738740,15,#FF69B4,1078
1520,O-N,24,10824234,7,#A52A2A,1079
1521,O-N,24,10824234,7,#A52A2A,1079
1522,O-N,24,10824234,7,#A52A2A,1082
1523,O-N,24,10824234,7,#A52A2A,1082
1524,O-N,24,10824234,7,#A52A2A,1082
1525,O-N,24,10824234,7,#A52A2A,1082
1526,O-C-CN,17,16716947,3,#FF1493,1083
1527,OH-CHH-C,5,10025880,9,#98FB98,1086
1528,O-CC,1,16747520,7,#FF8C00,1087
1529,O-C-CO,18,16738740,15,#FF69B4,1087
1530,O-N,24,10824234,7,#A52A2A,1088
1531,O-N,24,10824234,7,#A52A2A,1088
1532,O-N,24,10824234,7,#A52A2A,1088
1533,O-N,24,10824234,7,#A52A2A,1088
1534,O-N,24,10824234,7,#A52A2A,1089
1535,O-N,24,10824234,7,#A52A2A,1089
1536,O-CH-C,16,16770273,1,#FFE4E1,1090
1537,OH-C-CC,7,11393254,2,#ADD8E6,1091
1538,O-C-CN,17,16716947,3,#FF1493,1091
1539,O-N,24,10824234,7,#A52A2A,1091
1540,O-N,24,10824234,7,#A52A2A,1091
1541,O-C-CC,15,16758465,11,#FFB6C1,1095
1542,OH-C-CC,7,11393254,2,#ADD8E6,1096
1543,O-N,24,10824234,7,#A52A2A,1096
1544,O-N,24,10824234,7,#A52A2A,1096
1545,O-N,24,10824234,7,#A52A2A,1096
1546,O-N,24,10824234,7,#A52A2A,1096
1547,O-N,24,10824234,7,#A52A2A,1097
1548,O-N,24,10824234,7,#A52A2A,1097
1549,O-N,24,10824234,7,#A52A2A,1097
1550,O-N,24,10824234,7,#A52A2A,1097
1551,OH-CHH-C,5,10025880,9,#98FB98,1098
1552,OH-C-CO,8,6266528,5,#5F9EA0,1099
1553,O-C-CO,18,16738740,15,#FF69B4,1099
1554,OH-CH-CC,4,3978097,15,#3CB371,1100
1555,O-N,24,10824234,7,#A52A2A,1101
1556,O-N,24,10824234,7,#A52A2A,1101
1557,OH-C-CN,9,8900346,13,#87CEFA,1102
1558,OH-C-CO,8,6266528,5,#5F9EA0,1103
1559,O-C-CO,18,16738740,15,#FF69B4,1103
1560,O-C-CO,18,16738740,15,#FF69B4,1104
1561,O-CC,1,16747520,7,#FF8C00,1104
1562,OH-CH-CC,4,3978097,15,#3CB371,1105
1563,O-CC,1,16747520,7,#FF8C00,1106
1564,OH-CHH-C,5,10025880,9,#98FB98,1107
1565,O-C-CC,15,16758465,11,#FFB6C1,1108
1566,O-CH-C,16,16770273,1,#FFE4E1,1109
1567,O-N,24,10824234,7,#A52A2A,1110
1568,O-N,24,10824234,7,#A52A2A,1110
1569,OH-C-CCC,3,6737322,1,#66CDAA,1111
1570,O-CC,1,16747520,7,#FF8C00,1112
1571,O-C-CO,18,16738740,15,#FF69B4,1112
1572,OH-C-CCC,3,6737322,1,#66CDAA,1114
1573,O-CC,1,16747520,7,#FF8C00,1115
1574,OH-C-CC,7,11393254,2,#ADD8E6,1115
1575,OH-CHH-C,5,10025880,9,#98FB98,1115
1576,O-CC,1,16747520,7,#FF8C00,1117
1577,OH-C-CC,7,11393254,2,#ADD8E6,1117
1578,O-C-CC,15,16758465,11,#FFB6C1,1118
1579,O-C-CC,15,16758465,11,#FFB6C1,1118
1580,O-CC,1,16747520,7,#FF8C00,1119
1581,O-CH-C,16,16770273,1,#FFE4E1,1119
1582,O-CC,1,16747520,7,#FF8C00,1119
1583,O-CC,1,16747520,7,#FF8C00,1119
1584,O-CC,1,16747520,7,#FF8C00,1120
1585,O-N,24,10824234,7,#A52A2A,1121
1586,O-N,24,10824234,7,#A52A2A,1121
1587,O-N,24,10824234,7,#A52A2A,1123
1588,O-N,24,10824234,7,#A52A2A,1123
1589,O-CH-C,16,16770273,1,#FFE4E1,1123
1590,O-N,24,10824234,7,#A52A2A,1124
1591,O-N,24,10824234,7,#A52A2A,1124
1592,O-CC,1,16747520,7,#FF8C00,1125
1593,O-C-CO,18,16738740,15,#FF69B4,1125
1594,O-C-CC,15,16758465,11,#FFB6C1,1126
1595,OH-CHH-C,5,10025880,9,#98FB98,1127
1596,OH-CH-CC,4,3978097,15,#3CB371,1127
1597,O-CH-C,16,16770273,1,#FFE4E1,1128
1598,OH-C-CC,7,11393254,2,#ADD8E6,1129
1599,OH-C-CC,7,11393254,2,#ADD8E6,1129
1600,O-CH-C,16,16770273,1,#FFE4E1,1130
1601,O-C-CO,18,16738740,15,#FF69B4,1131
1602,O-CC,1,16747520,7,#FF8C00,1131
1603,OH-CHH-C,5,10025880,9,#98FB98,1132
1604,OH-CH-CC,4,3978097,15,#3CB371,1133
1605,OH-C-CO,8,6266528,5,#5F9EA0,1135
1606,O-C-CO,18,16738740,15,#FF69B4,1135
1607,OH-C-CO,8,6266528,5,#5F9EA0,1135
1608,O-C-CO,18,16738740,15,#FF69B4,1135
1609,O-CC,1,16747520,7,#FF8C00,1137
1610,O-C-CO,18,16738740,15,#FF69B4,1137
1611,OH-C-CC,7,11393254,2,#ADD8E6,1138
1612,OH-C-CC,7,11393254,2,#ADD8E6,1140
1613,O-N,24,10824234,7,#A52A2A,1140
1614,O-N,24,10824234,7,#A52A2A,1140
1615,O-CC,1,16747520,7,#FF8C00,1141
1616,O-C-CO,18,16738740,15,#FF69B4,1141
1617,OH-C-CC,7,11393254,2,#ADD8E6,1141
1618,OH-CHH-C,5,10025880,9,#98FB98,1142
1619,OH-C-CC,7,11393254,2,#ADD8E6,1143
1620,O-CH-C,16,16770273,1,#FFE4E1,1143
1621,O-N,24,10824234,7,#A52A2A,1143
1622,O-N,24,10824234,7,#A52A2A,1143
1623,O-CC,1,16747520,7,#FF8C00,1144
1624,O-C-CO,18,16738740,15,#FF69B4,1144
1625,O-C-CO,18,16738740,15,#FF69B4,1144
1626,O-CC,1,16747520,7,#FF8C00,1144
1627,O-N,24,10824234,7,#A52A2A,1144
1628,O-N,24,10824234,7,#A52A2A,1144
1629,O-CC,1,16747520,7,#FF8C00,1146
1630,O-C-CN,17,16716947,3,#FF1493,1147
1631,O-CC,1,16747520,7,#FF8C00,1149
1632,OH-C-CCC,3,6737322,1,#66CDAA,1150
1633,O-CH-C,16,16770273,1,#FFE4E1,1151
1634,O-N,24,10824234,7,#A52A2A,1152
1635,O-N,24,10824234,7,#A52A2A,1152
1636,O-N,24,10824234,7,#A52A2A,1152
1637,O-N,24,10824234,7,#A52A2A,1152
1638,OH-CHH-C,5,10025880,9,#98FB98,1153
1639,O-CC,1,16747520,7,#FF8C00,1154
1640,O-C-CO,18,16738740,15,#FF69B4,1154
1641,O-CC,1,16747520,7,#FF8C00,1155
1642,O-C-CO,18,16738740,15,#FF69B4,1155
1643,OH-C-CC,7,11393254,2,#ADD8E6,1157
1644,O-N,24,10824234,7,#A52A2A,1157
1645,O-N,24,10824234,7,#A52A2A,1157
1646,O-CC,1,16747520,7,#FF8C00,1158
1647,O-C-CO,18,16738740,15,#FF69B4,1158
1648,O-C-CO,18,16738740,15,#FF69B4,1159
1649,O-CC,1,16747520,7,#FF8C00,1159
1650,O-CC,1,16747520,7,#FF8C00,1160
1651,O-C-CO,18,16738740,15,#FF69B4,1160
1652,OH-C-CC,7,11393254,2,#ADD8E6,1160
1653,O-CC,1,16747520,7,#FF8C00,1160
1654,O-CC,1,16747520,7,#FF8C00,1161
1655,O-N,24,10824234,7,#A52A2A,1161
1656,O-N,24,10824234,7,#A52A2A,1161
1657,O-N,24,10824234,7,#A52A2A,1162
1658,O-N,24,10824234,7,#A52A2A,1162
1659,OH-C-CC,7,11393254,2,#ADD8E6,1163
1660,O-N,24,10824234,7,#A52A2A,1163
1661,O-N,24,10824234,7,#A52A2A,1163
1662,O-N,24,10824234,7,#A52A2A,1164
1663,O-N,24,10824234,7,#A52A2A,1164
1664,O-C-CC,15,16758465,11,#FFB6C1,1165
1665,OH-C-CC,7,11393254,2,#ADD8E6,1165
1666,O=S,27,8421376,7,#808000,1166
1667,O=S,27,8421376,7,#808000,1166
1668,OH-CHH-C,5,10025880,9,#98FB98,1167
1669,O-C-CO,18,16738740,15,#FF69B4,1170
1670,O-CC,1,16747520,7,#FF8C00,1170
1671,OH-C-CO,8,6266528,5,#5F9EA0,1171
1672,O-C-CO,18,16738740,15,#FF69B4,1171
1673,OH-CHH-C,5,10025880,9,#98FB98,1172
1674,O-CC,1,16747520,7,#FF8C00,1175
1675,O-CH-C,16,16770273,1,#FFE4E1,1175
1676,O-CC,1,16747520,7,#FF8C00,1176
1677,O-CH-C,16,16770273,1,#FFE4E1,1176
1678,OH-CH-CC,4,3978097,15,#3CB371,1177
1679,O-CC,1,16747520,7,#FF8C00,1178
1680,O-C-CO,18,16738740,15,#FF69B4,1178
1681,O-C-CN,17,16716947,3,#FF1493,1179
1682,O-CC,1,16747520,7,#FF8C00,1180
1683,O-C-CO,18,16738740,15,#FF69B4,1180
1684,O-C-CN,17,16716947,3,#FF1493,1181
1685,O-C-CN,17,16716947,3,#FF1493,1182
1686,OH-CHH-C,5,10025880,9,#98FB98,1184
1687,OH-CH-CC,4,3978097,15,#3CB371,1186
1688,OH-CHH-C,5,10025880,9,#98FB98,1187
1689,OH-CHH-C,5,10025880,9,#98FB98,1187
1690,OH-CHH-C,5,10025880,9,#98FB98,1188
1691,O-C-CC,15,16758465,11,#FFB6C1,1189
1692,O-C-CC,15,16758465,11,#FFB6C1,1189
1693,O-C-CC,15,16758465,11,#FFB6C1,1190
1694,O-CH-C,16,16770273,1,#FFE4E1,1191
1695,OH-CHH-C,5,10025880,9,#98FB98,1192
1696,O-N,24,10824234,7,#A52A2A,1193
1697,O-N,24,10824234,7,#A52A2A,1193
1698,O-N,24,10824234,7,#A52A2A,1194
1699,O-N,24,10824234,7,#A52A2A,1194
1700,O-N,24,10824234,7,#A52A2A,1194
1701,O-N,24,10824234,7,#A52A2A,1194
1702,O-C-CC,15,16758465,11,#FFB6C1,1195
1703,O-C-CC,15,16758465,11,#FFB6C1,1195
1704,O-CC,1,16747520,7,#FF8C00,1196
1705,O-C-CO,18,16738740,15,#FF69B4,1196
1706,O-C-CC,15,16758465,11,#FFB6C1,1196
1707,O-C-CO,18,16738740,15,#FF69B4,1196
1708,O-CC,1,16747520,7,#FF8C00,1196
1709,OH-C-CC,7,11393254,2,#ADD8E6,1197
1710,O-N,24,10824234,7,#A52A2A,1197
1711,O-N,24,10824234,7,#A52A2A,1197
1712,OH-C-CC,7,11393254,2,#ADD8E6,1198
1713,O-N,24,10824234,7,#A52A2A,1198
1714,O-N,24,10824234,7,#A52A2A,1198
1715,O-CC,1,16747520,7,#FF8C00,1199
1716,O-C-CO,18,16738740,15,#FF69B4,1199
1717,OH-C-CC,7,11393254,2,#ADD8E6,1199
1718,OH-C-CC,7,11393254,2,#ADD8E6,1201
1719,O-CC,1,16747520,7,#FF8C00,1202
1720,O-C-CO,18,16738740,15,#FF69B4,1202
1721,OH-C-CC,7,11393254,2,#ADD8E6,1203
1722,O-CH-C,16,16770273,1,#FFE4E1,1204
1723,OH-C-CC,7,11393254,2,#ADD8E6,1205
1724,O-N,24,10824234,7,#A52A2A,1206
1725,O-N,24,10824234,7,#A52A2A,1206
1726,O-CC,1,16747520,7,#FF8C00,1207
1727,O-C-CO,18,16738740,15,#FF69B4,1207
1728,O-CC,1,16747520,7,#FF8C00,1208
1729,O-C-CO,18,16738740,15,#FF69B4,1208
1730,O-C-CO,18,16738740,15,#FF69B4,1208
1731,O-CC,1,16747520,7,#FF8C00,1208
1732,OH-CH-CC,4,3978097,15,#3CB371,1209
1733,OH-CHH-C,5,10025880,9,#98FB98,1209
1734,O-N,24,10824234,7,#A52A2A,1210
1735,O-N,24,10824234,7,#A52A2A,1210
1736,O-C-CC,15,16758465,11,#FFB6C1,1211
1737,O-N,24,10824234,7,#A52A2A,1212
1738,O-N,24,10824234,7,#A52A2A,1212
1739,OH-C-CC,7,11393254,2,#ADD8E6,1212
1740,O-N,24,10824234,7,#A52A2A,1213
1741,O-N,24,10824234,7,#A52A2A,1213
1742,O-CC,1,16747520,7,#FF8C00,1214
1743,O-C-CO,18,16738740,15,#FF69B4,1214
1744,O-CC,1,16747520,7,#FF8C00,1215
1745,O-CC,1,16747520,7,#FF8C00,1217
1746,O-N,24,10824234,7,#A52A2A,1217
1747,O-N,24,10824234,7,#A52A2A,1217
1748,O-CH-C,16,16770273,1,#FFE4E1,1219
1749,O-CC,1,16747520,7,#FF8C00,1220
1750,O-C-CO,18,16738740,15,#FF69B4,1220
1751,O-CC,1,16747520,7,#FF8C00,1222
1752,O-C-CO,18,16738740,15,#FF69B4,1222
1753,O-C-CO,18,16738740,15,#FF69B4,1224
1754,O-CC,1,16747520,7,#FF8C00,1224
1755,OH-CH-CC,4,3978097,15,#3CB371,1225
1756,O-C-CC,15,16758465,11,#FFB6C1,1226
1757,O-C-CC,15,16758465,11,#FFB6C1,1226
1758,O-CC,1,16747520,7,#FF8C00,1227
1759,O-C-CO,18,16738740,15,#FF69B4,1227
1760,O-C-CN,17,16716947,3,#FF1493,1228
1761,OH-C-CC,7,11393254,2,#ADD8E6,1229
1762,OH-C-CC,7,11393254,2,#ADD8E6,1230
1763,OH-CHH-C,5,10025880,9,#98FB98,1231
1764,OH-C-CC,7,11393254,2,#ADD8E6,1232
1765,O-N,24,10824234,7,#A52A2A,1232
1766,O-N,24,10824234,7,#A52A2A,1232
1767,OH-C-CC,7,11393254,2,#ADD8E6,1233
1768,O-CH-C,16,16770273,1,#FFE4E1,1233
1769,O-CC,1,16747520,7,#FF8C00,1234
1770,O-C-CO,18,16738740,15,#FF69B4,1234
1771,O-CC,1,16747520,7,#FF8C00,1235
1772,O-CH-C,16,16770273,1,#FFE4E1,1235
1773,O-CC,1,16747520,7,#FF8C00,1236
1774,O-C-CO,18,16738740,15,#FF69B4,1236
1775,O-C-CO,18,16738740,15,#FF69B4,1237
1776,O-CC,1,16747520,7,#FF8C00,1237
1777,OH-CH-CC,4,3978097,15,#3CB371,1238
1778,OH-CH-CC,4,3978097,15,#3CB371,1239
1779,OH-CHH-C,5,10025880,9,#98FB98,1240
1780,O-CC,1,16747520,7,#FF8C00,1241
1781,O-C-CO,18,16738740,15,#FF69B4,1241
1782,O-C-CO,18,16738740,15,#FF69B4,1242
1783,O-CC,1,16747520,7,#FF8C00,1242
1784,O-C-CO,18,16738740,15,#FF69B4,1243
1785,O-CC,1,16747520,7,#FF8C00,1243
1786,OH-CHH-C,5,10025880,9,#98FB98,1244
1787,O-C-CC,15,16758465,11,#FFB6C1,1245
1788,O-N,24,10824234,7,#A52A2A,1246
1789,O-N,24,10824234,7,#A52A2A,1246
1790,OH-CHH-C,5,10025880,9,#98FB98,1249
1791,O-CC,1,16747520,7,#FF8C00,1250
1792,O-C-CO,18,16738740,15,#FF69B4,1250
1793,O-CC,1,16747520,7,#FF8C00,1251
1794,O-C-CO,18,16738740,15,#FF69B4,1251
1795,O-CC,1,16747520,7,#FF8C00,1252
1796,O-C-CO,18,16738740,15,#FF69B4,1252
1797,OH-CHH-C,5,10025880,9,#98FB98,1253
1798,O-C-CC,15,16758465,11,#FFB6C1,1254
1799,O-C-CC,15,16758465,11,#FFB6C1,1255
1800,OH-C-CC,7,11393254,2,#ADD8E6,1256
1801,OH-C-CC,7,11393254,2,#ADD8E6,1256
1802,O-CH-C,16,16770273,1,#FFE4E1,1256
1803,OH-C-CC,7,11393254,2,#ADD8E6,1256
1804,OH-C-CO,8,6266528,5,#5F9EA0,1257
1805,O-C-CO,18,16738740,15,#FF69B4,1257
1806,O-CC,1,16747520,7,#FF8C00,1258
1807,O-C-CO,18,16738740,15,#FF69B4,1258
1808,O-C-CO,18,16738740,15,#FF69B4,1258
1809,O-CC,1,16747520,7,#FF8C00,1258
1810,OH-C-CC,7,11393254,2,#ADD8E6,1259
1811,OH-C-CC,7,11393254,2,#ADD8E6,1260
1812,O-C-CC,15,16758465,11,#FFB6C1,1261
1813,O-CH-C,16,16770273,1,#FFE4E1,1263
1814,O-C-CC,15,16758465,11,#FFB6C1,1264
1815,O-C-CC,15,16758465,11,#FFB6C1,1265
1816,O-C-CO,18,16738740,15,#FF69B4,1266
1817,O-CC,1,16747520,7,#FF8C00,1266
1818,OH-CH-CC,4,3978097,15,#3CB371,1267
1819,OH-CHH-C,5,10025880,9,#98FB98,1268
1820,OH-CHH-C,5,10025880,9,#98FB98,1269
1821,O-CC,1,16747520,7,#FF8C00,1270
1822,OH-C-CC,7,11393254,2,#ADD8E6,1271
1823,OH-C-CC,7,11393254,2,#ADD8E6,1272
1824,O-N,24,10824234,7,#A52A2A,1272
1825,O-N,24,10824234,7,#A52A2A,1272
1826,OH-C-CC,7,11393254,2,#ADD8E6,1273
1827,O-N,24,10824234,7,#A52A2A,1273
1828,O-N,24,10824234,7,#A52A2A,1273
1829,O-C-CO,18,16738740,15,#FF69B4,1274
1830,O-CC,1,16747520,7,#FF8C00,1274
1831,O-CC,1,16747520,7,#FF8C00,1275
1832,O-C-CO,18,16738740,15,#FF69B4,1275
1833,O-C-CO,18,16738740,15,#FF69B4,1276
1834,O-CC,1,16747520,7,#FF8C00,1276
1835,OH-CHH-C,5,10025880,9,#98FB98,1277
1836,O-CC,1,16747520,7,#FF8C00,1278
1837,O-C-CO,18,16738740,15,#FF69B4,1278
1838,O-C-CO,18,16738740,15,#FF69B4,1278
1839,O-CC,1,16747520,7,#FF8C00,1278
1840,O-C-CO,18,16738740,15,#FF69B4,1279
1841,O-CC,1,16747520,7,#FF8C00,1279
1842,O=S,27,8421376,7,#808000,1280
1843,O=S,27,8421376,7,#808000,1280
1844,OH-CHH-C,5,10025880,9,#98FB98,1282
1845,OH-CHH-C,5,10025880,9,#98FB98,1283
1846,O-CH-C,16,16770273,1,#FFE4E1,1286
1847,O-N,24,10824234,7,#A52A2A,1286
1848,O-N,24,10824234,7,#A52A2A,1286
1849,O-C-CO,18,16738740,15,#FF69B4,1287
1850,O-CC,1,16747520,7,#FF8C00,1287
1851,O-C-CN,17,16716947,3,#FF1493,1289
1852,O-C-CC,15,16758465,11,#FFB6C1,1290
1853,O-CC,1,16747520,7,#FF8C00,1291
1854,O-C-CO,18,16738740,15,#FF69B4,1291
1855,OH-C-CO,8,6266528,5,#5F9EA0,1292
1856,O-C-CO,18,16738740,15,#FF69B4,1292
1857,OH-C-CC,7,11393254,2,#ADD8E6,1293
1858,O-C-CO,18,16738740,15,#FF69B4,1293
1859,O-CC,1,16747520,7,#FF8C00,1293
1860,O-C-CO,18,16738740,15,#FF69B4,1294
1861,O-CC,1,16747520,7,#FF8C00,1294
1862,O-C-CO,18,16738740,15,#FF69B4,1295
1863,O-CC,1,16747520,7,#FF8C00,1295
1864,O-CH-C,16,16770273,1,#FFE4E1,1296
1865,OH-CHH-C,5,10025880,9,#98FB98,1298
1866,O-N,24,10824234,7,#A52A2A,1299
1867,O-N,24,10824234,7,#A52A2A,1299
1868,O-CH-C,16,16770273,1,#FFE4E1,1300
1869,O-CH-C,16,16770273,1,#FFE4E1,1301
1870,O-C-CO,18,16738740,15,#FF69B4,1302
1871,O-CC,1,16747520,7,#FF8C00,1302
1872,O-CC,1,16747520,7,#FF8C00,1303
1873,OH-C-CC,7,11393254,2,#ADD8E6,1303
1874,O-CC,1,16747520,7,#FF8C00,1304
1875,OH-C-CC,7,11393254,2,#ADD8E6,1304
1876,O-CC,1,16747520,7,#FF8C00,1305
1877,OH-C-CC,7,11393254,2,#ADD8E6,1305
1878,OH-CHH-C,5,10025880,9,#98FB98,1306
1879,O-C-CO,18,16738740,15,#FF69B4,1307
1880,O-CC,1,16747520,7,#FF8C00,1307
1881,O-N,24,10824234,7,#A52A2A,1307
1882,O-N,24,10824234,7,#A52A2A,1307
1883,O-CC,1,16747520,7,#FF8C00,1310
1884,O-C-CO,18,16738740,15,#FF69B4,1310
1885,OH-C-CC,7,11393254,2,#ADD8E6,1310
1886,O-C-CN,17,16716947,3,#FF1493,1312
1887,OH-CH-CC,4,3978097,15,#3CB371,1314
1888,OH-CH-CC,4,3978097,15,#3CB371,1315
1889,OH-CH-CC,4,3978097,15,#3CB371,1316
1890,OH-CHH-C,5,10025880,9,#98FB98,1317
1891,O-N,24,10824234,7,#A52A2A,1318
1892,O-N,24,10824234,7,#A52A2A,1318
1893,O-C-CO,18,16738740,15,#FF69B4,1319
1894,O-CC,1,16747520,7,#FF8C00,1319
1895,O=S,27,8421376,7,#808000,1320
1896,O-C-CO,18,16738740,15,#FF69B4,1321
1897,O-CC,1,16747520,7,#FF8C00,1321
1898,O-C-CO,18,16738740,15,#FF69B4,1322
1899,O-CC,1,16747520,7,#FF8C00,1322
1900,O-CC,1,16747520,7,#FF8C00,1323
1901,O-C-CO,18,16738740,15,#FF69B4,1323
1902,O-CC,1,16747520,7,#FF8C00,1324
1903,OH-CH-CC,4,3978097,15,#3CB371,1325
1904,O-CC,1,16747520,7,#FF8C00,1327
1905,O-CH-C,16,16770273,1,#FFE4E1,1327
1906,O-CH-C,16,16770273,1,#FFE4E1,1328
1907,O-N,24,10824234,7,#A52A2A,1329
1908,O-N,24,10824234,7,#A52A2A,1329
1909,OH-C-CN,9,8900346,13,#87CEFA,1329
1910,O-N,24,10824234,7,#A52A2A,1330
1911,O-N,24,10824234,7,#A52A2A,1330
1912,OH-C-CN,9,8900346,13,#87CEFA,1331
1913,O-N,24,10824234,7,#A52A2A,1331
1914,O-N,24,10824234,7,#A52A2A,1331
1915,O-CC,1,16747520,7,#FF8C00,1332
1916,OH-CHH-C,5,10025880,9,#98FB98,1333
1917,OH-CHH-C,5,10025880,9,#98FB98,1334
1918,OH-CHH-C,5,10025880,9,#98FB98,1335
1919,OH-CH-CC,4,3978097,15,#3CB371,1336
1920,O-N,24,10824234,7,#A52A2A,1338
1921,O-N,24,10824234,7,#A52A2A,1338
1922,O-N,24,10824234,7,#A52A2A,1339
1923,O-N,24,10824234,7,#A52A2A,1339
1924,OH-CHH-C,5,10025880,9,#98FB98,1340
1925,O-CC,1,16747520,7,#FF8C00,1341
1926,O-C-CO,18,16738740,15,#FF69B4,1341
1927,O-CC,1,16747520,7,#FF8C00,1342
1928,O-C-CO,18,16738740,15,#FF69B4,1342
1929,O-CC,1,16747520,7,#FF8C00,1342
1930,OH-CHH-C,5,10025880,9,#98FB98,1345
1931,OH-C-CC,7,11393254,2,#ADD8E6,1346
1932,OH-C-CC,7,11393254,2,#ADD8E6,1346
1933,O-CH-C,16,16770273,1,#FFE4E1,1346
1934,O-CC,1,16747520,7,#FF8C00,1347
1935,O-C-CO,18,16738740,15,#FF69B4,1347
1936,OH-CH-CC,4,3978097,15,#3CB371,1347
1937,O-CH-C,16,16770273,1,#FFE4E1,1348
1938,O-CC,1,16747520,7,#FF8C00,1349
1939,O-C-CO,18,16738740,15,#FF69B4,1349
1940,OH-CH-CC,4,3978097,15,#3CB371,1350
1941,OH-CHH-C,5,10025880,9,#98FB98,1350
1942,O-CC,1,16747520,7,#FF8C00,1351
1943,O-C-CO,18,16738740,15,#FF69B4,1351
1944,OH-CHH-C,5,10025880,9,#98FB98,1352
1945,O-C-CN,17,16716947,3,#FF1493,1353
1946,O-N,24,10824234,7,#A52A2A,1354
1947,O-N,24,10824234,7,#A52A2A,1354
1948,O-N,24,10824234,7,#A52A2A,1354
1949,O-N,24,10824234,7,#A52A2A,1354
1950,OH-C-CC,7,11393254,2,#ADD8E6,1355
1951,O-C-CC,15,16758465,11,#FFB6C1,1356
1952,O-CC,1,16747520,7,#FF8C00,1356
1953,O-C-CO,18,16738740,15,#FF69B4,1356
1954,OH-CH-CC,4,3978097,15,#3CB371,1357
1955,OH-C-CC,7,11393254,2,#ADD8E6,1358
1956,OH-C-CC,7,11393254,2,#ADD8E6,1359
1957,O-N,24,10824234,7,#A52A2A,1359
1958,O-N,24,10824234,7,#A52A2A,1359
1959,O-N,24,10824234,7,#A52A2A,1359
1960,O-N,24,10824234,7,#A52A2A,1359
1961,O-N,24,10824234,7,#A52A2A,1359
1962,O-N,24,10824234,7,#A52A2A,1359
1963,O-CC,1,16747520,7,#FF8C00,1360
1964,O-CC,1,16747520,7,#FF8C00,1360
1965,OH-C-CC,7,11393254,2,#ADD8E6,1360
1966,O-CH-C,16,16770273,1,#FFE4E1,1360
1967,O-CH-C,16,16770273,1,#FFE4E1,1361
1968,OH-CHH-C,5,10025880,9,#98FB98,1362
1969,OH-CHH-C,5,10025880,9,#98FB98,1363
1970,O-C-CC,15,16758465,11,#FFB6C1,1364
1971,O-CC,1,16747520,7,#FF8C00,1364
1972,O-CC,1,16747520,7,#FF8C00,1365
1973,O-C-CO,18,16738740,15,#FF69B4,1365
1974,O-CC,1,16747520,7,#FF8C00,1365
1975,O-CC,1,16747520,7,#FF8C00,1365
1976,OH-CH-CC,4,3978097,15,#3CB371,1366
1977,OH-CHH-C,5,10025880,9,#98FB98,1367
1978,O-CC,1,16747520,7,#FF8C00,1368
1979,O-CH-C,16,16770273,1,#FFE4E1,1369
1980,O-CC,1,16747520,7,#FF8C00,1371
1981,O-C-CO,18,16738740,15,#FF69B4,1371
1982,O-CH-C,16,16770273,1,#FFE4E1,1373
1983,O-N,24,10824234,7,#A52A2A,1374
1984,O-N,24,10824234,7,#A52A2A,1374
1985,O-C-CC,15,16758465,11,#FFB6C1,1375
1986,OH-C-CC,7,11393254,2,#ADD8E6,1375
1987,O-C-CO,18,16738740,15,#FF69B4,1376
1988,O-CC,1,16747520,7,#FF8C00,1376
1989,O-CC,1,16747520,7,#FF8C00,1377
1990,O-CC,1,16747520,7,#FF8C00,1378
1991,O-CH-C,16,16770273,1,#FFE4E1,1378
1992,OH-C-CC,7,11393254,2,#ADD8E6,1378
1993,O-CC,1,16747520,7,#FF8C00,1379
1994,O-C-CO,18,16738740,15,#FF69B4,1379
1995,OH-C-CC,7,11393254,2,#ADD8E6,1379
1996,O-CH-C,16,16770273,1,#FFE4E1,1380
1997,O-CC,1,16747520,7,#FF8C00,1380
1998,O-CC,1,16747520,7,#FF8C00,1381
1999,O-CC,1,16747520,7,#FF8C00,1382
2000,O-CC,1,16747520,7,#FF8C00,1383
2001,O-C-CO,18,16738740,15,#FF69B4,1383
2002,OH-CH-CC,4,3978097,15,#3CB371,1385
2003,OH-CHH-C,5,10025880,9,#98FB98,1385
2004,O-C-CC,15,16758465,11,#FFB6C1,1386
2005,OH-C-CC,7,11393254,2,#ADD8E6,1386
2006,O-C-CN,17,16716947,3,#FF1493,1386
2007,O-CC,1,16747520,7,#FF8C00,1387
2008,O-C-CO,18,16738740,15,#FF69B4,1387
2009,O-C-CC,15,16758465,11,#FFB6C1,1387
2010,O-C-CO,18,16738740,15,#FF69B4,1387
2011,O-CC,1,16747520,7,#FF8C00,1387
2012,O-C-CN,17,16716947,3,#FF1493,1388
2013,O-N,24,10824234,7,#A52A2A,1388
2014,O-N,24,10824234,7,#A52A2A,1388
2015,OH-CHH-C,5,10025880,9,#98FB98,1389
2016,OH-C-CC,7,11393254,2,#ADD8E6,1390
2017,O-CC,1,16747520,7,#FF8C00,1391
2018,O-C-CO,18,16738740,15,#FF69B4,1391
2019,O-N,24,10824234,7,#A52A2A,1391
2020,O-N,24,10824234,7,#A52A2A,1391
2021,OH-C-CC,7,11393254,2,#ADD8E6,1392
2022,O-N,24,10824234,7,#A52A2A,1392
2023,O-N,24,10824234,7,#A52A2A,1392
2024,O-CH-C,16,16770273,1,#FFE4E1,1392
2025,OH-CHH-C,5,10025880,9,#98FB98,1393
2026,O-CC,1,16747520,7,#FF8C00,1393
2027,OH-C-CC,7,11393254,2,#ADD8E6,1393
2028,O-N,24,10824234,7,#A52A2A,1395
2029,O-N,24,10824234,7,#A52A2A,1395
2030,O-N,24,10824234,7,#A52A2A,1395
2031,O-N,24,10824234,7,#A52A2A,1395
2032,OH-CHH-C,5,10025880,9,#98FB98,1396
2033,O-CC,1,16747520,7,#FF8C00,1397
2034,O-C-CO,18,16738740,15,#FF69B4,1397
2035,O-C-CO,18,16738740,15,#FF69B4,1398
2036,O-CC,1,16747520,7,#FF8C00,1398
2037,OH-C-CC,7,11393254,2,#ADD8E6,1400
2038,OH-CH-CC,4,3978097,15,#3CB371,1401
2039,OH-CH-CC,4,3978097,15,#3CB371,1402
2040,O-C-CO,18,16738740,15,#FF69B4,1403
2041,O-CC,1,16747520,7,#FF8C00,1403
2042,O-CC,1,16747520,7,#FF8C00,1404
2043,OH-CHH-C,5,10025880,9,#98FB98,1405
2044,O-CC,1,16747520,7,#FF8C00,1406
2045,O-C-CO,18,16738740,15,#FF69B4,1406
2046,OH-C-CC,7,11393254,2,#ADD8E6,1407
2047,O-CC,1,16747520,7,#FF8C00,1408
2048,O-C-CO,18,16738740,15,#FF69B4,1408
2049,OH-CH-CC,4,3978097,15,#3CB371,1408
2050,O-CH-C,16,16770273,1,#FFE4E1,1409
2051,OH-C-CC,7,11393254,2,#ADD8E6,1411
2052,O-CH-C,16,16770273,1,#FFE4E1,1411
2053,O-CC,1,16747520,7,#FF8C00,1412
2054,O-C-CO,18,16738740,15,#FF69B4,1412
2055,O-C-CO,18,16738740,15,#FF69B4,1413
2056,O-CC,1,16747520,7,#FF8C00,1413
2057,OH-CHH-C,5,10025880,9,#98FB98,1414
2058,O-CC,1,16747520,7,#FF8C00,1415
2059,O-C-CO,18,16738740,15,#FF69B4,1415
2060,OH-C-CC,7,11393254,2,#ADD8E6,1415
2061,O-CC,1,16747520,7,#FF8C00,1415
2062,O-CC,1,16747520,7,#FF8C00,1417
2063,OH-C-CC,7,11393254,2,#ADD8E6,1417
2064,OH-CH-CC,4,3978097,15,#3CB371,1418
2065,O-CC,1,16747520,7,#FF8C00,1419
2066,O-CC,1,16747520,7,#FF8C00,1419
2067,OH-C-CC,7,11393254,2,#ADD8E6,1419
2068,O-CH-C,16,16770273,1,#FFE4E1,1420
2069,OH-C-CCC,3,6737322,1,#66CDAA,1421
2070,O-CH-C,16,16770273,1,#FFE4E1,1422
2071,O-N,24,10824234,7,#A52A2A,1423
2072,O-N,24,10824234,7,#A52A2A,1423
2073,OH-CHH-C,5,10025880,9,#98FB98,1424
2074,O-N,24,10824234,7,#A52A2A,1424
2075,O-N,24,10824234,7,#A52A2A,1424
2076,O-N,24,10824234,7,#A52A2A,1424
2077,O-N,24,10824234,7,#A52A2A,1424
2078,O-C-CO,18,16738740,15,#FF69B4,1425
2079,O-CC,1,16747520,7,#FF8C00,1425
2080,O-C-CC,15,16758465,11,#FFB6C1,1426
2081,OH-CH-CC,4,3978097,15,#3CB371,1427
2082,OH-CH-CC,4,3978097,15,#3CB371,1429
2083,O-CC,1,16747520,7,#FF8C00,1430
2084,O-C-CO,18,16738740,15,#FF69B4,1430
2085,OH-CH-CC,4,3978097,15,#3CB371,1430
2086,O-CH-C,16,16770273,1,#FFE4E1,1432
2087,O-CH-C,16,16770273,1,#FFE4E1,1433
2088,OH-C-CO,8,6266528,5,#5F9EA0,1434
2089,O-C-CO,18,16738740,15,#FF69B4,1434
2090,O-CC,1,16747520,7,#FF8C00,1435
2091,O-C-NO,20,14524637,5,#DDA0DD,1435
2092,OH-C-CC,7,11393254,2,#ADD8E6,1436
2093,OH-C-CO,8,6266528,5,#5F9EA0,1437
2094,O-C-CO,18,16738740,15,#FF69B4,1437
2095,O-CH-C,16,16770273,1,#FFE4E1,1438
2096,OH-C-CC,7,11393254,2,#ADD8E6,1439
2097,O-N,24,10824234,7,#A52A2A,1439
2098,O-N,24,10824234,7,#A52A2A,1439
2099,O-N,24,10824234,7,#A52A2A,1439
2100,O-N,24,10824234,7,#A52A2A,1439
2101,OH-C-CC,7,11393254,2,#ADD8E6,1440
2102,OH-C-CC,7,11393254,2,#ADD8E6,1440
2103,O-CC,1,16747520,7,#FF8C00,1440
2104,O-C-CO,18,16738740,15,#FF69B4,1440
2105,O-C-CO,18,16738740,15,#FF69B4,1440
2106,O-CC,1,16747520,7,#FF8C00,1440
2107,OH-C-CC,7,11393254,2,#ADD8E6,1441
2108,OH-C-CC,7,11393254,2,#ADD8E6,1441
2109,OH-CHH-C,5,10025880,9,#98FB98,1442
2110,OH-C-CCC,3,6737322,1,#66CDAA,1443
2111,OH-CHH-C,5,10025880,9,#98FB98,1445
2112,O-C-CC,15,16758465,11,#FFB6C1,1447
2113,OH-CH-CC,4,3978097,15,#3CB371,1448
2114,O-CC,1,16747520,7,#FF8C00,1449
2115,O-C-CO,18,16738740,15,#FF69B4,1449
2116,OH-C-CCC,3,6737322,1,#66CDAA,1449
2117,OH-C-CO,8,6266528,5,#5F9EA0,1450
2118,O-C-CO,18,16738740,15,#FF69B4,1450
2119,O-N,24,10824234,7,#A52A2A,1451
2120,O-N,24,10824234,7,#A52A2A,1451
2121,OH-C-CC,7,11393254,2,#ADD8E6,1452
2122,O-C-CC,15,16758465,11,#FFB6C1,1452
2123,O-C-CC,15,16758465,11,#FFB6C1,1452
2124,O-CC,1,16747520,7,#FF8C00,1453
2125,O-C-CO,18,16738740,15,#FF69B4,1453
2126,O-C-CO,18,16738740,15,#FF69B4,1453
2127,O-CC,1,16747520,7,#FF8C00,1453
2128,OH-C-CC,7,11393254,2,#ADD8E6,1457
2129,OH-C-CO,8,6266528,5,#5F9EA0,1458
2130,O-C-CO,18,16738740,15,#FF69B4,1458
2131,OH-C-CC,7,11393254,2,#ADD8E6,1459
2132,O-N,24,10824234,7,#A52A2A,1459
2133,O-N,24,10824234,7,#A52A2A,1459
2134,OH-C-CC,7,11393254,2,#ADD8E6,1460
2135,O-N,24,10824234,7,#A52A2A,1461
2136,O-N,24,10824234,7,#A52A2A,1461
2137,O-N,24,10824234,7,#A52A2A,1462
2138,O-N,24,10824234,7,#A52A2A,1462
2139,O-N,24,10824234,7,#A52A2A,1463
2140,O-N,24,10824234,7,#A52A2A,1463
2141,O-N,24,10824234,7,#A52A2A,1464
2142,O-N,24,10824234,7,#A52A2A,1464
2143,O-CH-C,16,16770273,1,#FFE4E1,1465
2144,O-CC,1,16747520,7,#FF8C00,1466
2145,OH-C-CC,7,11393254,2,#ADD8E6,1466
2146,OH-C-CC,7,11393254,2,#ADD8E6,1469
2147,O-CC,1,16747520,7,#FF8C00,1470
2148,OH-C-CC,7,11393254,2,#ADD8E6,1470
2149,O-CC,1,16747520,7,#FF8C00,1470
2150,O-CC,1,16747520,7,#FF8C00,1472
2151,O-N,24,10824234,7,#A52A2A,1472
2152,O-N,24,10824234,7,#A52A2A,1472
2153,O-C-CC,15,16758465,11,#FFB6C1,1473
2154,O-CC,1,16747520,7,#FF8C00,1474
2155,OH-C-CC,7,11393254,2,#ADD8E6,1474
2156,OH-C-CC,7,11393254,2,#ADD8E6,1476
2157,OH-C-CC,7,11393254,2,#ADD8E6,1477
2158,O-CH-C,16,16770273,1,#FFE4E1,1482
2159,OH-CHH-C,5,10025880,9,#98FB98,1483
2160,OH-CH-CC,4,3978097,15,#3CB371,1483
2161,O-CC,1,16747520,7,#FF8C00,1484
2162,O-C-CO,18,16738740,15,#FF69B4,1484
2163,O-N,24,10824234,7,#A52A2A,1486
2164,O-N,24,10824234,7,#A52A2A,1486
2165,O-N,24,10824234,7,#A52A2A,1486
2166,O-N,24,10824234,7,#A52A2A,1486
2167,O-CC,1,16747520,7,#FF8C00,1487
2168,O-C-CO,18,16738740,15,#FF69B4,1487
2169,O-CH-C,16,16770273,1,#FFE4E1,1488
2170,O-CC,1,16747520,7,#FF8C00,1488
2171,OH-CH-CC,4,3978097,15,#3CB371,1490
2172,O-N,24,10824234,7,#A52A2A,1491
2173,O-N,24,10824234,7,#A52A2A,1491
2174,OH-C-CC,7,11393254,2,#ADD8E6,1492
2175,O-N,24,10824234,7,#A52A2A,1492
2176,O-N,24,10824234,7,#A52A2A,1492
2177,OH-C-CC,7,11393254,2,#ADD8E6,1493
2178,OH-C-CC,7,11393254,2,#ADD8E6,1494
2179,O-C-CC,15,16758465,11,#FFB6C1,1495
2180,OH-C-CC,7,11393254,2,#ADD8E6,1495
2181,O-N,24,10824234,7,#A52A2A,1496
2182,O-N,24,10824234,7,#A52A2A,1496
2183,O-N,24,10824234,7,#A52A2A,1497
2184,O-N,24,10824234,7,#A52A2A,1497
2185,O-N,24,10824234,7,#A52A2A,1498
2186,O-N,24,10824234,7,#A52A2A,1498
2187,O-CC,1,16747520,7,#FF8C00,1499
2188,O-N,24,10824234,7,#A52A2A,1499
2189,O-N,24,10824234,7,#A52A2A,1499
2190,OH-CHH-C,5,10025880,9,#98FB98,1502
2191,OH-N,12,15787660,7,#F0E68C,1503
2192,O-CC,1,16747520,7,#FF8C00,1504
2193,OH-C-CC,7,11393254,2,#ADD8E6,1505
2194,O-CC,1,16747520,7,#FF8C00,1506
2195,O-C-CO,18,16738740,15,#FF69B4,1506
2196,OH-C-CC,7,11393254,2,#ADD8E6,1507
2197,O-CC,1,16747520,7,#FF8C00,1507
2198,O-CC,1,16747520,7,#FF8C00,1508
2199,O-C-CO,18,16738740,15,#FF69B4,1508
2200,O-CC,1,16747520,7,#FF8C00,1509
2201,O-CC,1,16747520,7,#FF8C00,1512
2202,O-C-CO,18,16738740,15,#FF69B4,1513
2203,O-CC,1,16747520,7,#FF8C00,1513
2204,OH-C-CC,7,11393254,2,#ADD8E6,1517
2205,OH-C-CCC,3,6737322,1,#66CDAA,1519
2206,OH-C-CC,7,11393254,2,#ADD8E6,1522
2207,O-CC,1,16747520,7,#FF8C00,1530
2208,O-C-CO,18,16738740,15,#FF69B4,1530
2209,O-C-CC,15,16758465,11,#FFB6C1,1531
2210,OH-CHH-C,5,10025880,9,#98FB98,1532
2211,OH-C-CO,8,6266528,5,#5F9EA0,1534
2212,O-C-CO,18,16738740,15,#FF69B4,1534
2213,OH-C-CO,8,6266528,5,#5F9EA0,1534
2214,O-C-CO,18,16738740,15,#FF69B4,1534
2215,O-CH-C,16,16770273,1,#FFE4E1,1536
2216,O-CC,1,16747520,7,#FF8C00,1537
2217,OH-CHH-C,5,10025880,9,#98FB98,1537
2218,O-C-CO,18,16738740,15,#FF69B4,1538
2219,O-CC,1,16747520,7,#FF8C00,1538
2220,O-CH-C,16,16770273,1,#FFE4E1,1539
2221,OH-C-CO,8,6266528,5,#5F9EA0,1540
2222,O-C-CO,18,16738740,15,#FF69B4,1540
2223,OH-CHH-C,5,10025880,9,#98FB98,1541
2224,O-CH-C,16,16770273,1,#FFE4E1,1542
2225,OH-CHH-C,5,10025880,9,#98FB98,1543
2226,OH-CHH-C,5,10025880,9,#98FB98,1544
2227,OH-C-CC,7,11393254,2,#ADD8E6,1545
2228,O-N,24,10824234,7,#A52A2A,1545
2229,O-N,24,10824234,7,#A52A2A,1545
2230,OH-C-CC,7,11393254,2,#ADD8E6,1547
2231,O-C-CC,15,16758465,11,#FFB6C1,1548
2232,OH-C-CC,7,11393254,2,#ADD8E6,1548
2233,O-N,24,10824234,7,#A52A2A,1549
2234,O-N,24,10824234,7,#A52A2A,1549
2235,O-CC,1,16747520,7,#FF8C00,1550
2236,O-C-CO,18,16738740,15,#FF69B4,1550
2237,O-CC,1,16747520,7,#FF8C00,1550
2238,O-C-CO,18,16738740,15,#FF69B4,1551
2239,O-CC,1,16747520,7,#FF8C00,1551
2240,O-C-CN,17,16716947,3,#FF1493,1552
2241,O-CH-C,16,16770273,1,#FFE4E1,1552
2242,O-CH-C,16,16770273,1,#FFE4E1,1553
2243,OH-C-CC,7,11393254,2,#ADD8E6,1554
2244,OH-C-CC,7,11393254,2,#ADD8E6,1555
2245,O-CH-C,16,16770273,1,#FFE4E1,1555
2246,O-CC,1,16747520,7,#FF8C00,1556
2247,O-C-CO,18,16738740,15,#FF69B4,1556
2248,O-C-CO,18,16738740,15,#FF69B4,1556
2249,O-CC,1,16747520,7,#FF8C00,1556
2250,O-C-CC,15,16758465,11,#FFB6C1,1557
2251,O-C-CC,15,16758465,11,#FFB6C1,1557
2252,O-CH-C,16,16770273,1,#FFE4E1,1558
2253,OH-C-CCC,3,6737322,1,#66CDAA,1559
2254,O-CC,1,16747520,7,#FF8C00,1560
2255,O-C-CO,18,16738740,15,#FF69B4,1560
2256,O-C-CO,18,16738740,15,#FF69B4,1560
2257,O-CC,1,16747520,7,#FF8C00,1560
2258,O-CC,1,16747520,7,#FF8C00,1561
2259,O-C-CO,18,16738740,15,#FF69B4,1561
2260,O-C-CO,18,16738740,15,#FF69B4,1561
2261,O-CC,1,16747520,7,#FF8C00,1561
2262,O-C-CC,15,16758465,11,#FFB6C1,1562
2263,O-C-CC,15,16758465,11,#FFB6C1,1563
2264,OH-C-CC,7,11393254,2,#ADD8E6,1564
2265,OH-C-CC,7,11393254,2,#ADD8E6,1565
2266,O-CC,1,16747520,7,#FF8C00,1566
2267,O-C-CC,15,16758465,11,#FFB6C1,1567
2268,OH-C-CO,8,6266528,5,#5F9EA0,1568
2269,O-C-CO,18,16738740,15,#FF69B4,1568
2270,OH-C-CO,8,6266528,5,#5F9EA0,1568
2271,O-C-CO,18,16738740,15,#FF69B4,1568
2272,O-CC,1,16747520,7,#FF8C00,1569
2273,OH-C-CC,7,11393254,2,#ADD8E6,1569
2274,O-CC,1,16747520,7,#FF8C00,1570
2275,O-C-CC,15,16758465,11,#FFB6C1,1571
2276,OH-C-CC,7,11393254,2,#ADD8E6,1573
2277,OH-C-CC,7,11393254,2,#ADD8E6,1575
2278,O-C-CC,15,16758465,11,#FFB6C1,1576
2279,OH-C-CC,7,11393254,2,#ADD8E6,1576
2280,OH-C-CC,7,11393254,2,#ADD8E6,1577
2281,O-N,24,10824234,7,#A52A2A,1577
2282,O-N,24,10824234,7,#A52A2A,1577
2283,O-N,24,10824234,7,#A52A2A,1578
2284,O-N,24,10824234,7,#A52A2A,1578
2285,O-CH-C,16,16770273,1,#FFE4E1,1579
2286,OH-C-CO,8,6266528,5,#5F9EA0,1581
2287,O-C-CO,18,16738740,15,#FF69B4,1581
2288,OH-C-CC,7,11393254,2,#ADD8E6,1582
2289,OH-C-CC,7,11393254,2,#ADD8E6,1582
2290,OH-C-CC,7,11393254,2,#ADD8E6,1583
2291,OH-C-CC,7,11393254,2,#ADD8E6,1583
2292,O-C-CC,15,16758465,11,#FFB6C1,1584
2293,O-CC,1,16747520,7,#FF8C00,1585
2294,OH-C-CC,7,11393254,2,#ADD8E6,1585
2295,OH-CHH-C,5,10025880,9,#98FB98,1585
2296,OH-C-CC,7,11393254,2,#ADD8E6,1586
2297,OH-C-CC,7,11393254,2,#ADD8E6,1586
2298,O-CC,1,16747520,7,#FF8C00,1587
2299,OH-C-CC,7,11393254,2,#ADD8E6,1587
2300,O-CC,1,16747520,7,#FF8C00,1587
2301,O-C-CC,15,16758465,11,#FFB6C1,1588
2302,OH-C-CC,7,11393254,2,#ADD8E6,1589
2303,OH-C-CC,7,11393254,2,#ADD8E6,1589
2304,OH-C-CC,7,11393254,2,#ADD8E6,1590
2305,OH-C-CC,7,11393254,2,#ADD8E6,1591
2306,O-C-CN,17,16716947,3,#FF1493,1592
2307,O-CH-C,16,16770273,1,#FFE4E1,1593
2308,OH-CHH-C,5,10025880,9,#98FB98,1594
2309,OH-C-CC,7,11393254,2,#ADD8E6,1596
2310,O-C-CN,17,16716947,3,#FF1493,1597
2311,O-CC,1,16747520,7,#FF8C00,1602
2312,O-N,24,10824234,7,#A52A2A,1602
2313,O-N,24,10824234,7,#A52A2A,1602
2314,O-C-CN,17,16716947,3,#FF1493,1603
2315,O-C-CC,15,16758465,11,#FFB6C1,1604
2316,OH-C-CC,7,11393254,2,#ADD8E6,1605
2317,O-N,24,10824234,7,#A52A2A,1605
2318,O-N,24,10824234,7,#A52A2A,1605
2319,O-N,24,10824234,7,#A52A2A,1605
2320,O-N,24,10824234,7,#A52A2A,1605
2321,OH-C-CC,7,11393254,2,#ADD8E6,1608
2322,OH-C-CC,7,11393254,2,#ADD8E6,1609
2323,O-N,24,10824234,7,#A52A2A,1609
2324,O-N,24,10824234,7,#A52A2A,1609
2325,O-N,24,10824234,7,#A52A2A,1609
2326,O-N,24,10824234,7,#A52A2A,1609
2327,OH-C-CO,8,6266528,5,#5F9EA0,1610
2328,O-C-CO,18,16738740,15,#FF69B4,1610
2329,OH-CHH-C,5,10025880,9,#98FB98,1611
2330,O-CC,1,16747520,7,#FF8C00,1613
2331,O-CH-O,23,12211667,7,#BA55D3,1613
2332,O-C-CC,15,16758465,11,#FFB6C1,1617
2333,O-C-CC,15,16758465,11,#FFB6C1,1617
2334,O-N,24,10824234,7,#A52A2A,1618
2335,O-N,24,10824234,7,#A52A2A,1618
2336,OH-C-CC,7,11393254,2,#ADD8E6,1620
2337,O-N,24,10824234,7,#A52A2A,1620
2338,O-N,24,10824234,7,#A52A2A,1620
2339,O-N,24,10824234,7,#A52A2A,1620
2340,O-N,24,10824234,7,#A52A2A,1620
2341,O-N,24,10824234,7,#A52A2A,1622
2342,O-N,24,10824234,7,#A52A2A,1622
2343,O-CC,1,16747520,7,#FF8C00,1622
2344,O-N,24,10824234,7,#A52A2A,1623
2345,O-N,24,10824234,7,#A52A2A,1623
2346,OH-C-CC,7,11393254,2,#ADD8E6,1624
2347,O-N,24,10824234,7,#A52A2A,1624
2348,O-N,24,10824234,7,#A52A2A,1624
2349,O-N,24,10824234,7,#A52A2A,1624
2350,O-N,24,10824234,7,#A52A2A,1624
2351,O-CC,1,16747520,7,#FF8C00,1625
2352,O-C-CO,18,16738740,15,#FF69B4,1625
2353,O-CC,1,16747520,7,#FF8C00,1625
2354,O-CC,1,16747520,7,#FF8C00,1626
2355,O-CH-C,16,16770273,1,#FFE4E1,1626
2356,O-CC,1,16747520,7,#FF8C00,1626
2357,O-N,24,10824234,7,#A52A2A,1627
2358,O-N,24,10824234,7,#A52A2A,1627
2359,O-C-CC,15,16758465,11,#FFB6C1,1628
2360,OH-C-CC,7,11393254,2,#ADD8E6,1629
2361,OH-C-CC,7,11393254,2,#ADD8E6,1629
2362,O-C-CO,18,16738740,15,#FF69B4,1630
2363,O-CC,1,16747520,7,#FF8C00,1630
2364,OH-CH-CC,4,3978097,15,#3CB371,1631
2365,OH-CHH-C,5,10025880,9,#98FB98,1631
2366,O-CC,1,16747520,7,#FF8C00,1632
2367,OH-C-CC,7,11393254,2,#ADD8E6,1634
2368,O-N,24,10824234,7,#A52A2A,1634
2369,O-N,24,10824234,7,#A52A2A,1634
2370,O-C-CN,17,16716947,3,#FF1493,1635
2371,OH-C-CC,7,11393254,2,#ADD8E6,1635
2372,O-CC,1,16747520,7,#FF8C00,1636
2373,O-CH-C,16,16770273,1,#FFE4E1,1636
2374,O-CC,1,16747520,7,#FF8C00,1638
2375,O-C-CO,18,16738740,15,#FF69B4,1638
2376,S-O-C,25,12092939,3,#B8860B,1640
2377,O=S,27,8421376,7,#808000,1640
2378,O=S,27,8421376,7,#808000,1640
2379,S-O-C,25,12092939,3,#B8860B,1640
2380,O-CH-C,16,16770273,1,#FFE4E1,1641
2381,O-CH-C,16,16770273,1,#FFE4E1,1641
2382,O-C-CO,18,16738740,15,#FF69B4,1644
2383,O-CC,1,16747520,7,#FF8C00,1644
2384,O-N,24,10824234,7,#A52A2A,1645
2385,O-N,24,10824234,7,#A52A2A,1645
2386,OH-CHH-C,5,10025880,9,#98FB98,1648
2387,OH-CHH-C,5,10025880,9,#98FB98,1648
2388,O-N,24,10824234,7,#A52A2A,1651
2389,O-N,24,10824234,7,#A52A2A,1651
2390,O-C-CC,15,16758465,11,#FFB6C1,1652
2391,O-C-CO,18,16738740,15,#FF69B4,1653
2392,O-CC,1,16747520,7,#FF8C00,1653
2393,O-C-CO,18,16738740,15,#FF69B4,1655
2394,O-CC,1,16747520,7,#FF8C00,1655
2395,O-N,24,10824234,7,#A52A2A,1656
2396,O-N,24,10824234,7,#A52A2A,1656
2397,O-CC,1,16747520,7,#FF8C00,1656
2398,O-CH-C,16,16770273,1,#FFE4E1,1656
2399,OH-CHH-C,5,10025880,9,#98FB98,1657
2400,OH-C-CC,7,11393254,2,#ADD8E6,1658
2401,OH-C-CC,7,11393254,2,#ADD8E6,1658
2402,O-CC,1,16747520,7,#FF8C00,1659
2403,O-CH-C,16,16770273,1,#FFE4E1,1659
2404,O-CC,1,16747520,7,#FF8C00,1659
2405,OH-C-CC,7,11393254,2,#ADD8E6,1659
2406,OH-C-CC,7,11393254,2,#ADD8E6,1660
2407,O-N,24,10824234,7,#A52A2A,1662
2408,O-N,24,10824234,7,#A52A2A,1662
2409,O=P,28,13808780,5,#D2B48C,1663
2410,OH-CHH-C,5,10025880,9,#98FB98,1665
2411,O-CC,1,16747520,7,#FF8C00,1667
2412,OH-CHH-C,5,10025880,9,#98FB98,1668
2413,O-C-CC,15,16758465,11,#FFB6C1,1669
2414,OH-CHH-C,5,10025880,9,#98FB98,1670
2415,OH-CHH-C,5,10025880,9,#98FB98,1671
2416,OH-C-CC,7,11393254,2,#ADD8E6,1673
2417,O-C-CC,15,16758465,11,#FFB6C1,1674
2418,OH-CHH-C,5,10025880,9,#98FB98,1675
2419,O-C-CO,18,16738740,15,#FF69B4,1677
2420,O-CC,1,16747520,7,#FF8C00,1677
2421,OH-C-CC,7,11393254,2,#ADD8E6,1679
2422,OH-C-CC,7,11393254,2,#ADD8E6,1679
2423,O-C-CC,15,16758465,11,#FFB6C1,1682
2424,OH-C-CC,7,11393254,2,#ADD8E6,1683
2425,OH-C-CC,7,11393254,2,#ADD8E6,1684
2426,O-C-CC,15,16758465,11,#FFB6C1,1684
2427,OH-C-CC,7,11393254,2,#ADD8E6,1688
2428,OH-C-CC,7,11393254,2,#ADD8E6,1688
2429,OH-CHH-C,5,10025880,9,#98FB98,1689
2430,OH-C-CC,7,11393254,2,#ADD8E6,1690
2431,O-C-CO,18,16738740,15,#FF69B4,1691
2432,O-CC,1,16747520,7,#FF8C00,1691
2433,O-CH-C,16,16770273,1,#FFE4E1,1692
2434,OH-CHH-C,5,10025880,9,#98FB98,1693
2435,O=S,27,8421376,7,#808000,1694
2436,O=S,27,8421376,7,#808000,1694
2437,O-CC,1,16747520,7,#FF8C00,1695
2438,O-CH-C,16,16770273,1,#FFE4E1,1695
2439,O-CC,1,16747520,7,#FF8C00,1696
2440,O-C-CO,18,16738740,15,#FF69B4,1696
2441,O-CC,1,16747520,7,#FF8C00,1696
2442,OH-CH-CC,4,3978097,15,#3CB371,1697
2443,O-CC,1,16747520,7,#FF8C00,1698
2444,O-C-CO,18,16738740,15,#FF69B4,1698
2445,OH-C-CC,7,11393254,2,#ADD8E6,1698
2446,OH-C-CC,7,11393254,2,#ADD8E6,1698
2447,O-C-CO,18,16738740,15,#FF69B4,1699
2448,O-CC,1,16747520,7,#FF8C00,1699
2449,O-C-CO,18,16738740,15,#FF69B4,1699
2450,O-CC,1,16747520,7,#FF8C00,1699
2451,O-C-CN,17,16716947,3,#FF1493,1700
2452,O-C-CN,17,16716947,3,#FF1493,1701
2453,O-CC,1,16747520,7,#FF8C00,1703
2454,O-CC,1,16747520,7,#FF8C00,1703
2455,O-C-CO,18,16738740,15,#FF69B4,1703
2456,O-CH-C,16,16770273,1,#FFE4E1,1705
2457,O-CH-C,16,16770273,1,#FFE4E1,1706
2458,O-CH-C,16,16770273,1,#FFE4E1,1707
2459,OH-C-CC,7,11393254,2,#ADD8E6,1708
2460,OH-C-CO,8,6266528,5,#5F9EA0,1709
2461,O-C-CO,18,16738740,15,#FF69B4,1709
2462,O-C-CC,15,16758465,11,#FFB6C1,1710
2463,O-CC,1,16747520,7,#FF8C00,1712
2464,O-C-CO,18,16738740,15,#FF69B4,1712
2465,OH-C-CC,7,11393254,2,#ADD8E6,1713
2466,O-N,24,10824234,7,#A52A2A,1713
2467,O-N,24,10824234,7,#A52A2A,1713
2468,O-CC,1,16747520,7,#FF8C00,1714
2469,OH-C-CC,7,11393254,2,#ADD8E6,1714
2470,O-CH-C,16,16770273,1,#FFE4E1,1714
2471,OH-C-CC,7,11393254,2,#ADD8E6,1715
2472,O-CH-C,16,16770273,1,#FFE4E1,1715
2473,O-N,24,10824234,7,#A52A2A,1715
2474,O-N,24,10824234,7,#A52A2A,1715
2475,OH-CH-CC,4,3978097,15,#3CB371,1716
2476,OH-CH-CC,4,3978097,15,#3CB371,1716
2477,O-C-CN,17,16716947,3,#FF1493,1717
2478,O-CC,1,16747520,7,#FF8C00,1718
2479,O-C-CO,18,16738740,15,#FF69B4,1718
2480,O=S,27,8421376,7,#808000,1721
2481,O=S,27,8421376,7,#808000,1721
2482,OH-C-CO,8,6266528,5,#5F9EA0,1722
2483,O-C-CO,18,16738740,15,#FF69B4,1722
2484,O-CC,1,16747520,7,#FF8C00,1723
2485,O-C-CC,15,16758465,11,#FFB6C1,1724
2486,O-C-CC,15,16758465,11,#FFB6C1,1724
2487,OH-CHH-C,5,10025880,9,#98FB98,1725
2488,OH-CHH-C,5,10025880,9,#98FB98,1726
2489,O-N,24,10824234,7,#A52A2A,1727
2490,O-N,24,10824234,7,#A52A2A,1727
2491,O-CC,1,16747520,7,#FF8C00,1728
2492,O-C-CO,18,16738740,15,#FF69B4,1728
2493,O=S,27,8421376,7,#808000,1729
2494,O-CC,1,16747520,7,#FF8C00,1730
2495,OH-CHH-C,5,10025880,9,#98FB98,1731
2496,O-CC,1,16747520,7,#FF8C00,1732
2497,O-C-CO,18,16738740,15,#FF69B4,1732
2498,O-CC,1,16747520,7,#FF8C00,1733
2499,O-C-CO,18,16738740,15,#FF69B4,1733
2500,OH-N,12,15787660,7,#F0E68C,1734
2501,OH-CH-CC,4,3978097,15,#3CB371,1735
2502,OH-CHH-C,5,10025880,9,#98FB98,1735
2503,OH-CHH-C,5,10025880,9,#98FB98,1736
2504,O-CC,1,16747520,7,#FF8C00,1737
2505,O-C-CO,18,16738740,15,#FF69B4,1737
2506,O-CC,1,16747520,7,#FF8C00,1738
2507,O-C-CO,18,16738740,15,#FF69B4,1738
2508,O-C-CC,15,16758465,11,#FFB6C1,1739
2509,O-CH-C,16,16770273,1,#FFE4E1,1740
2510,O-CC,1,16747520,7,#FF8C00,1742
2511,O-N,24,10824234,7,#A52A2A,1743
2512,O-N,24,10824234,7,#A52A2A,1743
2513,O-N,24,10824234,7,#A52A2A,1743
2514,O-N,24,10824234,7,#A52A2A,1743
2515,OH-CH-CC,4,3978097,15,#3CB371,1744
2516,O-N,24,10824234,7,#A52A2A,1745
2517,O-N,24,10824234,7,#A52A2A,1745
2518,O-CH-C,16,16770273,1,#FFE4E1,1745
2519,O-CH-C,16,16770273,1,#FFE4E1,1746
2520,O-C-CN,17,16716947,3,#FF1493,1747
2521,OH-C-CC,7,11393254,2,#ADD8E6,1747
2522,O-CC,1,16747520,7,#FF8C00,1749
2523,O-C-CO,18,16738740,15,#FF69B4,1749
2524,OH-C-CC,7,11393254,2,#ADD8E6,1749
2525,O-CC,1,16747520,7,#FF8C00,1750
2526,OH-C-CC,7,11393254,2,#ADD8E6,1750
2527,OH-C-CO,8,6266528,5,#5F9EA0,1751
2528,O-C-CO,18,16738740,15,#FF69B4,1751
2529,O-C-CO,18,16738740,15,#FF69B4,1752
2530,O-CC,1,16747520,7,#FF8C00,1752
2531,O-C-CC,15,16758465,11,#FFB6C1,1753
2532,O-C-CC,15,16758465,11,#FFB6C1,1753
2533,O-CC,1,16747520,7,#FF8C00,1756
2534,O-C-CO,18,16738740,15,#FF69B4,1756
2535,O-C-CN,17,16716947,3,#FF1493,1757
2536,OH-CH-CC,4,3978097,15,#3CB371,1758
2537,OH-C-CN,9,8900346,13,#87CEFA,1760
2538,O-CC,1,16747520,7,#FF8C00,1761
2539,O-C-CO,18,16738740,15,#FF69B4,1761
2540,O-N,24,10824234,7,#A52A2A,1762
2541,O-N,24,10824234,7,#A52A2A,1762
2542,OH-CHH-C,5,10025880,9,#98FB98,1763
2543,O-CC,1,16747520,7,#FF8C00,1764
2544,O-C-CO,18,16738740,15,#FF69B4,1764
2545,O-CC,1,16747520,7,#FF8C00,1764
2546,O-C-CO,18,16738740,15,#FF69B4,1764
2547,O-N,24,10824234,7,#A52A2A,1765
2548,O-N,24,10824234,7,#A52A2A,1765
2549,O-N,24,10824234,7,#A52A2A,1765
2550,O-N,24,10824234,7,#A52A2A,1765
2551,OH-CHH-C,5,10025880,9,#98FB98,1766
2552,OH-CH-CC,4,3978097,15,#3CB371,1768
2553,OH-C-CC,7,11393254,2,#ADD8E6,1771
2554,O-CC,1,16747520,7,#FF8C00,1774
2555,O-C-CO,18,16738740,15,#FF69B4,1774
2556,O-CC,1,16747520,7,#FF8C00,1775
2557,O-N,24,10824234,7,#A52A2A,1775
2558,O-N,24,10824234,7,#A52A2A,1775
2559,O-C-CC,15,16758465,11,#FFB6C1,1776
2560,O-C-CC,15,16758465,11,#FFB6C1,1776
2561,OH-CHH-C,5,10025880,9,#98FB98,1778
2562,OH-CHH-C,5,10025880,9,#98FB98,1779
2563,O-C-CN,17,16716947,3,#FF1493,1780
2564,O-N,24,10824234,7,#A52A2A,1780
2565,O-N,24,10824234,7,#A52A2A,1780
2566,O-N,24,10824234,7,#A52A2A,1780
2567,O-N,24,10824234,7,#A52A2A,1780
2568,OH-CH-CC,4,3978097,15,#3CB371,1781
2569,OH-CH-CC,4,3978097,15,#3CB371,1782
2570,O=S,27,8421376,7,#808000,1783
2571,O=S,27,8421376,7,#808000,1783
2572,O=S,27,8421376,7,#808000,1783
2573,O-CC,1,16747520,7,#FF8C00,1784
2574,O-N,24,10824234,7,#A52A2A,1784
2575,O-N,24,10824234,7,#A52A2A,1784
2576,OH-CHH-C,5,10025880,9,#98FB98,1785
2577,O-N,24,10824234,7,#A52A2A,1786
2578,O-N,24,10824234,7,#A52A2A,1786
2579,OH-CHH-C,5,10025880,9,#98FB98,1787
2580,O-N,24,10824234,7,#A52A2A,1787
2581,O-N,24,10824234,7,#A52A2A,1787
2582,O-N,24,10824234,7,#A52A2A,1787
2583,O-N,24,10824234,7,#A52A2A,1787
2584,O-CH-C,16,16770273,1,#FFE4E1,1788
2585,OH-CHH-C,5,10025880,9,#98FB98,1789
2586,OH-CHH-C,5,10025880,9,#98FB98,1790
2587,O-N,24,10824234,7,#A52A2A,1791
2588,O-N,24,10824234,7,#A52A2A,1791
